Country,DateFolder,Year,IncidentFolder,IncidentPath,ID,TitleEN,TitleEL,CategoryEN,CategoryEL,EvidenceEN,EvidenceEL,MediaCount
Greece,00-00-1893,1893,Greece bankruptcy and Trikoupis debt crisis,Greece/00-00-1893/Greece bankruptcy and Trikoupis debt crisis,greece_1893_bankruptcy_trikoupis_debt_crisis,Greece bankruptcy and Trikoupis debt crisis,Greece bankruptcy and Trikoupis debt crisis,public finance / sovereignty,public finance / sovereignty,documented historical crisis,documented historical crisis,2
Greece,00-00-1898,1898,International Financial Control after the 1897 war,Greece/00-00-1898/International Financial Control after the 1897 war,greece_1898_international_financial_control_after_war,International Financial Control after the 1897 war,International Financial Control after the 1897 war,debt / sovereignty,debt / sovereignty,mixed public record; read source trail,μικτό δημόσιο αρχείο· διάβασε τις πηγές,2
Greece,00-00-1920,1920,"POLITICAL DYNASTIES IN GREECE, AND THE VENIZELOS-MITSOTAKIS FAMILY LINK (1900-2026)","Greece/00-00-1920/POLITICAL DYNASTIES IN GREECE, AND THE VENIZELOS-MITSOTAKIS FAMILY LINK (1900-2026)",greece_1920_political_dynasties_venizelos_mitsotakis_link,"POLITICAL DYNASTIES IN GREECE, AND THE VENIZELOS-MITSOTAKIS FAMILY LINK (1900-2026)",ΠΟΛΙΤΙΚΕΣ ΔΥΝΑΣΤΕΙΕΣ ΣΤΗΝ ΕΛΛΑΔΑ ΚΑΙ Η ΣΥΓΓΕΝΕΙΑ ΒΕΝΙΖΕΛΟΥ - ΜΗΤΣΟΤΑΚΗ (1900-2026),public trust / accountability,δημόσια εμπιστοσύνη / λογοδοσία,mixed public record; read source trail,μικτό δημόσιο αρχείο· διάβασε τις πηγές,3
Greece,00-00-1922,1922,Asia Minor catastrophe and trial of the six,Greece/00-00-1922/Asia Minor catastrophe and trial of the six,greece_1922_asia_minor_catastrophe_trial_six,Asia Minor catastrophe and trial of the six,Asia Minor catastrophe and trial of the six,war disaster / accountability,war disaster / accountability,documented national trauma,documented national trauma,2
Greece,00-00-1922,1922,"Trial of the Six, Asia Minor catastrophe, and punishment politics","Greece/00-00-1922/Trial of the Six, Asia Minor catastrophe, and punishment politics",greece_1922_trial_of_the_six_asia_minor_accountability,"Trial of the Six, Asia Minor catastrophe, and punishment politics","Δίκη των Έξι, Μικρασιατική Καταστροφή και πολιτική τιμωρίας",military disaster / political trial / national trauma,στρατιωτική καταστροφή / πολιτική δίκη / εθνικό τραύμα,documented historical trial with disputed justice,τεκμηριωμένη ιστορική δίκη με αμφισβητούμενη δικαιοσύνη,2
Greece,00-00-1936,1936,Metaxas dictatorship and censorship machine,Greece/00-00-1936/Metaxas dictatorship and censorship machine,greece_1936_metaxas_dictatorship_censorship_machine,Metaxas dictatorship and censorship machine,Metaxas dictatorship and censorship machine,authoritarianism / censorship,authoritarianism / censorship,documented dictatorship,documented dictatorship,2
Greece,00-00-1941,1941,Greek occupation famine and collaboration networks,Greece/00-00-1941/Greek occupation famine and collaboration networks,greece_1941_greek_occupation_famine_collaboration_networks,Greek occupation famine and collaboration networks,Greek occupation famine and collaboration networks,war / survival / collaboration,war / survival / collaboration,documented humanitarian catastrophe,documented humanitarian catastrophe,2
Greece,00-00-1944,1944,"Dekemvriana, British intervention, and the road to civil war","Greece/00-00-1944/Dekemvriana, British intervention, and the road to civil war",greece_1944_dekemvriana_british_intervention_civil_war_path,"Dekemvriana, British intervention, and the road to civil war","Δεκεμβριανά, βρετανική επέμβαση και δρόμος προς τον εμφύλιο",postwar state power / foreign influence / political violence,μεταπολεμική εξουσία / ξένη επιρροή / πολιτική βία,documented historical conflict with contested responsibility,τεκμηριωμένη ιστορική σύγκρουση με αμφισβητούμενη ευθύνη,2
Greece,00-00-1944,1944,"Dekemvriana, foreign intervention, state violence and civil-war memory (1944)","Greece/00-00-1944/Dekemvriana, foreign intervention, state violence and civil-war memory (1944)",greece_1944_dekemvriana_foreign_intervention_state_violence_civil_war_memory,"Dekemvriana, foreign intervention, state violence and civil-war memory (1944)","Δεκεμβριανά, ξένη παρέμβαση, κρατική βία και μνήμη εμφυλίου (1944)","Policing, force and institutional accountability",δημόσια εμπιστοσύνη / λογοδοσία,documented/partly documented public record; disputed parts are labelled as disputed,μικτό δημόσιο αρχείο· διάβασε τις πηγές,2
Greece,00-00-1944,1944,"Greece — Dekemvriana, foreign pressure, civil conflict, and state memory (1944–1949)","Greece/00-00-1944/Greece — Dekemvriana, foreign pressure, civil conflict, and state memory (1944–1949)",greece_1944_dekemvriana_foreign_pressure_civil_conflict_state_memory,"Greece — Dekemvriana, foreign pressure, civil conflict, and state memory (1944–1949)","Ελλάδα — Δεκεμβριανά, ξένη πίεση, εμφύλια σύγκρουση και κρατική μνήμη (1944–1949)",public trust / accountability,δημόσια εμπιστοσύνη / λογοδοσία,"High for the conflict and foreign involvement; contested on interpretation, responsibility, and moral framing.",μικτό δημόσιο αρχείο· διάβασε τις πηγές,4
Greece,00-00-1946,1946,White Terror after liberation and civil-war escalation,Greece/00-00-1946/White Terror after liberation and civil-war escalation,greece_1946_white_terror_after_liberation_civil_war_escalation,White Terror after liberation and civil-war escalation,White Terror after liberation and civil-war escalation,civil war / state violence,civil war / state violence,μικτό: τεκμηριωμένο γεγονός με αμφισβητούμενες πολιτικές ερμηνείες,μικτό: τεκμηριωμένο γεγονός με αμφισβητούμενες πολιτικές ερμηνείες,2
Greece,00-00-1947,1947,Greece Cia Cold War Stay Behind Claims And 1967 Coup Context 1947 1974,Greece/00-00-1947/Greece Cia Cold War Stay Behind Claims And 1967 Coup Context 1947 1974,greece_1947_cia_cold_war_stay_behind_claims_coup_context,Greece Cia Cold War Stay Behind Claims And 1967 Coup Context 1947 1974,Ελλαδα Cia Ψυχρος Πολεμος Stay Behind Claims Και Πλαισιο Πραξικοπηματος 1967 1947 1974,public trust / accountability,δημόσια εμπιστοσύνη / λογοδοσία,mixed public record; read source trail,μικτό δημόσιο αρχείο· διάβασε τις πηγές,2
Greece,00-00-1947,1947,Greece Ufo Supernatural Folklore State Secrecy And Public Psychology 1947 2026,Greece/00-00-1947/Greece Ufo Supernatural Folklore State Secrecy And Public Psychology 1947 2026,greece_1947_ufo_supernatural_folklore_state_secrecy_psychology,Greece Ufo Supernatural Folklore State Secrecy And Public Psychology 1947 2026,Ελλαδα Ufo Υπερφυσικο Λαογραφια Κρατικη Μυστικοτητα Και Δημοσια Ψυχολογια 1947 2026,public trust / accountability,δημόσια εμπιστοσύνη / λογοδοσία,mixed public record; read source trail,μικτό δημόσιο αρχείο· διάβασε τις πηγές,2
Greece,00-00-1947,1947,"Makronisos camps, re-education, and state violence","Greece/00-00-1947/Makronisos camps, re-education, and state violence",greece_1947_makronisos_camps_reeducation_state_violence,"Makronisos camps, re-education, and state violence","Μακρόνησος, αναμόρφωση και κρατική βία",civil-war aftermath / detention / coercion,μετεμφυλιακή περίοδος / κράτηση / καταναγκασμός,documented camp system with contested full responsibility,τεκμηριωμένο σύστημα στρατοπέδων με αμφισβητούμενη πλήρη ευθύνη,2
Greece,00-00-1949,1949,Makronisos exile camp and anti-communist re-education,Greece/00-00-1949/Makronisos exile camp and anti-communist re-education,greece_1949_makronisos_exile_camp_anti_communist_re_education,Makronisos exile camp and anti-communist re-education,Makronisos exile camp and anti-communist re-education,civil war aftermath / repression,civil war aftermath / repression,documented repression,documented repression,2
Greece,00-00-1952,1952,"Beloyannis trial, execution, and Cold War state justice","Greece/00-00-1952/Beloyannis trial, execution, and Cold War state justice",greece_1952_beloyannis_trial_execution_cold_war_state,"Beloyannis trial, execution, and Cold War state justice","Δίκη Μπελογιάννη, εκτέλεση και δικαιοσύνη ψυχροπολεμικού κράτους",political trial / civil-war aftermath / state justice,πολιτική δίκη / μετεμφυλιακό κράτος / δικαιοσύνη,documented trial and execution with contested political meaning,τεκμηριωμένη δίκη και εκτέλεση με αμφισβητούμενη πολιτική σημασία,2
Greece,00-00-1952,1952,"Greece — Belogiannis execution, Cold War justice, and symbolic repression (1952)","Greece/00-00-1952/Greece — Belogiannis execution, Cold War justice, and symbolic repression (1952)",greece_1952_belogiannis_execution_cold_war_justice_symbolic_repression,"Greece — Belogiannis execution, Cold War justice, and symbolic repression (1952)","Ελλάδα — Εκτέλεση Μπελογιάννη, ψυχροπολεμική δικαιοσύνη και συμβολική καταστολή (1952)",public trust / accountability,δημόσια εμπιστοσύνη / λογοδοσία,High for trial/execution; contested on political and legal interpretation.,μικτό δημόσιο αρχείο· διάβασε τις πηγές,4
Greece,00-00-1955,1955,"Greece and the Istanbul Pogrom Minority Trauma, Diplomatic Shock and State Memory","Greece/00-00-1955/Greece and the Istanbul Pogrom Minority Trauma, Diplomatic Shock and State Memory",greece_1955_istanbul_pogrom_minority_trauma_diplomatic_shock_state_memory,"Greece and the Istanbul Pogrom: Minority Trauma, Diplomatic Shock and State Memory","Ελλάδα και Σεπτεμβριανά Κωνσταντινούπολης: Μειονοτικό Τραύμα, Διπλωματικό Σοκ και Μνήμη",minority rights / foreign-state violence / memory,μειονοτικά δικαιώματα / κρατική βία τρίτης χώρας / μνήμη,documented case or documented public controversy with unresolved interpretation,τεκμηριωμένη υπόθεση ή δημόσια διαμάχη με ανοιχτή ερμηνεία,2
Greece,00-00-1955,1955,Istanbul Pogrom and Greek minority trauma,Greece/00-00-1955/Istanbul Pogrom and Greek minority trauma,greece_1955_istanbul_pogrom_greek_minority_trauma,Istanbul Pogrom and Greek minority trauma,Istanbul Pogrom and Greek minority trauma,minority rights / diplomatic shock,minority rights / diplomatic shock,μικτό: τεκμηριωμένο γεγονός με αμφισβητούμενες πολιτικές ερμηνείες,μικτό: τεκμηριωμένο γεγονός με αμφισβητούμενες πολιτικές ερμηνείες,2
Greece,00-00-1958,1958,"Max Merten affair, occupation memory, diplomacy and accountability (1958-1960)","Greece/00-00-1958/Max Merten affair, occupation memory, diplomacy and accountability (1958-1960)",greece_1958_max_merten_occupation_memory_diplomacy_accountability,"Max Merten affair, occupation memory, diplomacy and accountability (1958-1960)","Υπόθεση Μαξ Μέρτεν, μνήμη Κατοχής, διπλωματία και λογοδοσία (1958-1960)","Corruption, capture and public money",δημόσια εμπιστοσύνη / λογοδοσία,documented/partly documented public record; disputed parts are labelled as disputed,μικτό δημόσιο αρχείο· διάβασε τις πηγές,2
Greece,00-00-1960,1960,Greece Psychological Control Media Fear And Political Memory 1960 2026,Greece/00-00-1960/Greece Psychological Control Media Fear And Political Memory 1960 2026,greece_1960_psychological_control_media_fear_political_memory,Greece Psychological Control Media Fear And Political Memory 1960 2026,Ελλαδα Ψυχολογικος Ελεγχος Media Φοβος Και Πολιτικη Μνημη 1960 2026,public trust / accountability,δημόσια εμπιστοσύνη / λογοδοσία,mixed public record; read source trail,μικτό δημόσιο αρχείο· διάβασε τις πηγές,2
Greece,00-00-1961,1961,"Violence and fraud election, parastate networks and democratic trust (1961)","Greece/00-00-1961/Violence and fraud election, parastate networks and democratic trust (1961)",greece_1961_violence_fraud_election_parastate_democratic,"Violence and fraud election, parastate networks and democratic trust (1961)","Εκλογές βίας και νοθείας, παρακράτος και δημοκρατική εμπιστοσύνη (1961)","Surveillance, secrecy and information control",δημόσια εμπιστοσύνη / λογοδοσία,documented/partly documented public record; disputed parts are labelled as disputed,μικτό δημόσιο αρχείο· διάβασε τις πηγές,2
Greece,00-00-1963,1963,Lambrakis assassination and the parastate,Greece/00-00-1963/Lambrakis assassination and the parastate,greece_1963_lambrakis_assassination_parastate,Lambrakis assassination and the parastate,Δολοφονία Λαμπράκη και το παρακράτος,political violence / parastate,πολιτική βία / παρακράτος,documented political scandal,τεκμηριωμένο πολιτικό σκάνδαλο,3
Greece,00-00-1965,1965,"Apostasia crisis, palace pressure, and parliamentary defections","Greece/00-00-1965/Apostasia crisis, palace pressure, and parliamentary defections",greece_1965_apostasia_palace_party_defection_crisis,"Apostasia crisis, palace pressure, and parliamentary defections","Αποστασία, πίεση παλατιού και κοινοβουλευτικές μετακινήσεις",constitutional crisis / palace influence,συνταγματική κρίση / επιρροή παλατιού,documented political crisis with disputed motives,τεκμηριωμένη πολιτική κρίση με αμφισβητούμενα κίνητρα,2
Greece,00-00-1965,1965,"Apostasia, royal crisis, defectors and institutional breakdown (1965)","Greece/00-00-1965/Apostasia, royal crisis, defectors and institutional breakdown (1965)",greece_1965_apostasia_royal_crisis_defectors_institutional_breakdown,"Apostasia, royal crisis, defectors and institutional breakdown (1965)","Αποστασία, βασιλική κρίση, αποστάτες και θεσμική κατάρρευση (1965)","Corruption, capture and public money",δημόσια εμπιστοσύνη / λογοδοσία,documented/partly documented public record; disputed parts are labelled as disputed,μικτό δημόσιο αρχείο· διάβασε τις πηγές,2
Greece,00-00-1965,1965,"ASPIDA affair, army politics, and palace pressure","Greece/00-00-1965/ASPIDA affair, army politics, and palace pressure",greece_1965_aspida_affair_army_politics_palace_pressure,"ASPIDA affair, army politics, and palace pressure","Υπόθεση ΑΣΠΙΔΑ, στρατός, πολιτική και πίεση παλατιού",army politics / constitutional crisis / intelligence claims,στρατός και πολιτική / συνταγματική κρίση / ισχυρισμοί υπηρεσιών,documented political-military scandal with disputed plot claims,τεκμηριωμένο πολιτικοστρατιωτικό σκάνδαλο με αμφισβητούμενους ισχυρισμούς συνωμοσίας,2
Greece,00-00-1967,1967,April 21 coup foreign context and local responsibility,Greece/00-00-1967/April 21 coup foreign context and local responsibility,greece_1967_april_21_coup_foreign_context_local_responsibility,April 21 coup: foreign context and local responsibility,Πραξικόπημα της 21ης Απριλίου: ξένο πλαίσιο και τοπική ευθύνη,military dictatorship / Cold War,στρατιωτική δικτατορία / Ψυχρός Πόλεμος,mixed public record; read source trail,μικτό δημόσιο αρχείο· διάβασε τις πηγές,2
Greece,00-00-1967,1967,Greece The 1967 coup and the U.S. response (1965-1974),Greece/00-00-1967/Greece The 1967 coup and the U.S. response (1965-1974),greece_1967_coup_us_response,Greece: The 1967 coup and the U.S. response (1965-1974),Ελλάδα: Το πραξικόπημα του 1967 και η αμερικανική ανταπόκριση (1965-1974),public trust / accountability,δημόσια εμπιστοσύνη / λογοδοσία,mixed public record; read source trail,μικτό δημόσιο αρχείο· διάβασε τις πηγές,2
Greece,00-00-1967,1967,Junta coup and NATO era anti-communist state,Greece/00-00-1967/Junta coup and NATO era anti-communist state,greece_1967_junta_coup_nato_era_anti_communist_state,Junta coup and NATO era anti-communist state,Junta coup and NATO era anti-communist state,dictatorship / foreign context,dictatorship / foreign context,documented coup,documented coup,2
Greece,00-00-1968,1968,Junta torture files and international condemnation,Greece/00-00-1968/Junta torture files and international condemnation,greece_1968_junta_torture_files_international_condemnation,Junta torture files and international condemnation,Junta torture files and international condemnation,dictatorship / human rights,dictatorship / human rights,μικτό: τεκμηριωμένο γεγονός με αμφισβητούμενες πολιτικές ερμηνείες,μικτό: τεκμηριωμένο γεγονός με αμφισβητούμενες πολιτικές ερμηνείες,2
Greece,00-00-1968,1968,"Panagoulis Torture and Junta Repression Resistance, Military Courts and Fear","Greece/00-00-1968/Panagoulis Torture and Junta Repression Resistance, Military Courts and Fear",greece_1968_panagoulis_torture_junta_repression_resistance_military_courts_fear,"Panagoulis Torture and Junta Repression: Resistance, Military Courts and Fear","Βασανιστήρια Παναγούλη και Καταστολή Χούντας: Αντίσταση, Στρατοδικεία και Φόβος",dictatorship / torture / resistance,δικτατορία / βασανιστήρια / αντίσταση,documented case or documented public controversy with unresolved interpretation,τεκμηριωμένη υπόθεση ή δημόσια διαμάχη με ανοιχτή ερμηνεία,2
Greece,00-00-1973,1973,Athens Polytechnic uprising and junta violence,Greece/00-00-1973/Athens Polytechnic uprising and junta violence,greece_1973_athens_polytechnic_uprising_and_junta_violence,Athens Polytechnic uprising and junta violence,Εξέγερση Πολυτεχνείου και βία χούντας,dictatorship / repression,δικτατορία / καταστολή,documented or historically established event; details vary by source,τεκμηριωμένο ή ιστορικά καθιερωμένο γεγονός· οι λεπτομέρειες διαφέρουν ανά πηγή,2
Greece,00-00-1973,1973,"Athens Polytechnic uprising, tank assault, and state-violence memory","Greece/00-00-1973/Athens Polytechnic uprising, tank assault, and state-violence memory",greece_1973_athens_polytechnic_uprising_tank_memory_state_violence,"Athens Polytechnic uprising, tank assault, and state-violence memory","Εξέγερση Πολυτεχνείου, εισβολή τανκ και μνήμη κρατικής βίας",dictatorship / student uprising / state violence,δικτατορία / φοιτητική εξέγερση / κρατική βία,documented uprising and repression with contested memory politics,τεκμηριωμένη εξέγερση και καταστολή με αμφισβητούμενη πολιτική μνήμης,2
Greece,00-00-1973,1973,Greece Athens Polytechnic Uprising Memory Repression And Image File 1973 2026,Greece/00-00-1973/Greece Athens Polytechnic Uprising Memory Repression And Image File 1973 2026,greece_1973_athens_polytechnic_uprising_memory_repression,Greece Athens Polytechnic Uprising Memory Repression And Image File 1973 2026,Ελλαδα Εξεγερση Πολυτεχνειου Μνημη Καταστολη Και Αρχειο Εικονας 1973 2026,public trust / accountability,δημόσια εμπιστοσύνη / λογοδοσία,mixed public record; read source trail,μικτό δημόσιο αρχείο· διάβασε τις πηγές,3
Greece,00-00-1973,1973,"Polytechnic uprising, junta repression and the war over memory (1973)","Greece/00-00-1973/Polytechnic uprising, junta repression and the war over memory (1973)",greece_1973_polytechnic_uprising_junta_repression_memory_war,"Polytechnic uprising, junta repression and the war over memory (1973)","Πολυτεχνείο, καταστολή χούντας και πόλεμος μνήμης (1973)","Policing, force and institutional accountability",δημόσια εμπιστοσύνη / λογοδοσία,documented/partly documented public record; disputed parts are labelled as disputed,μικτό δημόσιο αρχείο· διάβασε τις πηγές,2
Greece,00-00-1974,1974,Cyprus coup and invasion catastrophe,Greece/00-00-1974/Cyprus coup and invasion catastrophe,greece_1974_cyprus_coup_and_invasion_catastrophe,Cyprus coup and invasion catastrophe,Πραξικόπημα Κύπρου και καταστροφή εισβολής,junta / foreign policy disaster,χούντα / εξωτερική πολιτική καταστροφή,documented or historically established event; details vary by source,τεκμηριωμένο ή ιστορικά καθιερωμένο γεγονός· οι λεπτομέρειες διαφέρουν ανά πηγή,2
Greece,00-00-1974,1974,"Cyprus coup, Greek junta responsibility, and invasion memory","Greece/00-00-1974/Cyprus coup, Greek junta responsibility, and invasion memory",greece_1974_cyprus_coup_junta_responsibility_invasion_memory,"Cyprus coup, Greek junta responsibility, and invasion memory","Κυπριακό πραξικόπημα, ευθύνη χούντας και μνήμη εισβολής",military regime / foreign policy disaster,στρατιωτικό καθεστώς / καταστροφή εξωτερικής πολιτικής,documented coup and invasion with contested accountability,τεκμηριωμένο πραξικόπημα και εισβολή με αμφισβητούμενη λογοδοσία,2
Greece,00-00-1974,1974,"Cyprus coup, invasion, and Greek junta collapse","Greece/00-00-1974/Cyprus coup, invasion, and Greek junta collapse",greece_1974_cyprus_coup_invasion_greek_junta_collapse,"Cyprus coup, invasion, and Greek junta collapse","Cyprus coup, invasion, and Greek junta collapse",foreign policy / military regime,foreign policy / military regime,mixed public record; read source trail,μικτό δημόσιο αρχείο· διάβασε τις πηγές,2
Greece,00-00-1974,1974,"Cyprus coup, junta responsibility, invasion and national trauma (1974)","Greece/00-00-1974/Cyprus coup, junta responsibility, invasion and national trauma (1974)",greece_1974_cyprus_coup_junta_responsibility_invasion_national_trauma,"Cyprus coup, junta responsibility, invasion and national trauma (1974)","Κυπριακό πραξικόπημα, ευθύνη χούντας, εισβολή και εθνικό τραύμα (1974)","Surveillance, secrecy and information control",δημόσια εμπιστοσύνη / λογοδοσία,documented/partly documented public record; disputed parts are labelled as disputed,μικτό δημόσιο αρχείο· διάβασε τις πηγές,2
Greece,00-00-1974,1974,"Junta Trials and Partial Accountability Metapolitefsi, Punishment and Unfinished Files","Greece/00-00-1974/Junta Trials and Partial Accountability Metapolitefsi, Punishment and Unfinished Files",greece_1974_junta_trials_partial_accountability_metapolitefsi_punishment_unfinishe,"Junta Trials and Partial Accountability: Metapolitefsi, Punishment and Unfinished Files","Δίκες Χούντας και Μερική Λογοδοσία: Μεταπολίτευση, Τιμωρία και Ανοιχτά Αρχεία",transitional justice / dictatorship accountability,μεταβατική δικαιοσύνη / λογοδοσία δικτατορίας,documented case or documented public controversy with unresolved interpretation,τεκμηριωμένη υπόθεση ή δημόσια διαμάχη με ανοιχτή ερμηνεία,2
Greece,00-00-1976,1976,Torture trials and limits of Metapolitefsi justice,Greece/00-00-1976/Torture trials and limits of Metapolitefsi justice,greece_1976_torture_trials_limits_metapolitefsi_justice,Torture trials and limits of Metapolitefsi justice,Torture trials and limits of Metapolitefsi justice,accountability / dictatorship aftermath,accountability / dictatorship aftermath,μικτό: τεκμηριωμένο γεγονός με αμφισβητούμενες πολιτικές ερμηνείες,μικτό: τεκμηριωμένο γεγονός με αμφισβητούμενες πολιτικές ερμηνείες,2
Greece,00-00-1977,1977,"Penteli Davelis Cave, military rumors, supernatural folklore and public imagination (197","Greece/00-00-1977/Penteli Davelis Cave, military rumors, supernatural folklore and public imagination (197",greece_1977_penteli_davelis_cave_military_rumors_supernatural_folklore_imagination,"Penteli Davelis Cave, military rumors, supernatural folklore and public imagination (1977-2026)","Σπήλαιο Νταβέλη Πεντέλης, στρατιωτικές φήμες, υπερφυσικό folklore και δημόσια φαντασία (1977-2026)","UFO, supernatural claims and public psychology",δημόσια εμπιστοσύνη / λογοδοσία,documented/partly documented public record; disputed parts are labelled as disputed,μικτό δημόσιο αρχείο· διάβασε τις πηγές,2
Greece,00-00-1981,1981,Greece Weather Modification Is Real — But Limited (Greek National Hail Suppression Progr,Greece/00-00-1981/Greece Weather Modification Is Real — But Limited (Greek National Hail Suppression Progr,greece_1981_weather_modification_hail_suppression,Greece: Weather Modification Is Real — But Limited (Greek National Hail Suppression Program) (1981-2026),Ελλάδα: Η τροποποίηση καιρού είναι πραγματική — αλλά περιορισμένη (Εθνικό Πρόγραμμα Χαλαζικής Προστασίας) (1981-2026),public trust / accountability,δημόσια εμπιστοσύνη / λογοδοσία,mixed public record; read source trail,μικτό δημόσιο αρχείο· διάβασε τις πηγές,2
Greece,00-00-1985,1985,Kaltezas killing and Exarchia police distrust,Greece/00-00-1985/Kaltezas killing and Exarchia police distrust,greece_1985_kaltezas_killing_exarchia_police_distrust,Kaltezas killing and Exarchia police distrust,Kaltezas killing and Exarchia police distrust,policing / youth unrest,policing / youth unrest,documented killing and social rupture,documented killing and social rupture,2
Greece,00-00-1985,1985,"Michalis Kaltezas killing, police impunity, and youth revolt","Greece/00-00-1985/Michalis Kaltezas killing, police impunity, and youth revolt",greece_1985_kaltezas_killing_police_impunity_youth_revolt,"Michalis Kaltezas killing, police impunity, and youth revolt","Δολοφονία Μιχάλη Καλτεζά, αστυνομική ατιμωρησία και νεολαιίστικη εξέγερση",police violence / youth protest / accountability,αστυνομική βία / νεολαιίστικη διαμαρτυρία / λογοδοσία,documented police killing with contested accountability,τεκμηριωμένη αστυνομική δολοφονία με αμφισβητούμενη λογοδοσία,2
Greece,00-00-1988,1988,Greece Banking scandals from Koskotas to Proton (1988-2013),Greece/00-00-1988/Greece Banking scandals from Koskotas to Proton (1988-2013),greece_1988_banking_scandals_koskotas_proton,Greece: Banking scandals from Koskotas to Proton (1988-2013),Ελλάδα: Τραπεζικά σκάνδαλα από Κοσκωτά έως Proton (1988-2013),public trust / accountability,δημόσια εμπιστοσύνη / λογοδοσία,mixed public record; read source trail,μικτό δημόσιο αρχείο· διάβασε τις πηγές,2
Greece,00-00-1988,1988,"Koskotas scandal media, banking, and politics","Greece/00-00-1988/Koskotas scandal media, banking, and politics",greece_1988_koskotas_scandal_media_bank_politics,"Koskotas scandal: media, banking, and politics","Koskotas scandal: media, banking, and politics",financial corruption / media power,financial corruption / media power,mixed public record; read source trail,μικτό δημόσιο αρχείο· διάβασε τις πηγές,2
Greece,00-00-1989,1989,Koskotas scandal and media-bank-political triangle,Greece/00-00-1989/Koskotas scandal and media-bank-political triangle,greece_1989_koskotas_scandal_and_media_bank_political_triangle,Koskotas scandal and media-bank-political triangle,Σκάνδαλο Κοσκωτά και τρίγωνο ΜΜΕ-τράπεζας-πολιτικής,corruption / media / finance,διαφθορά / ΜΜΕ / οικονομία,documented political-financial scandal,τεκμηριωμένο πολιτικοοικονομικό σκάνδαλο,2
Greece,00-00-1989,1989,Koskotas scandal media banking and party finance,Greece/00-00-1989/Koskotas scandal media banking and party finance,greece_1989_koskotas_scandal_media_banking_party_finance,Koskotas scandal media banking and party finance,Koskotas scandal media banking and party finance,corruption / media power,corruption / media power,μικτό: τεκμηριωμένο γεγονός με αμφισβητούμενες πολιτικές ερμηνείες,μικτό: τεκμηριωμένο γεγονός με αμφισβητούμενες πολιτικές ερμηνείες,2
Greece,00-00-1989,1989,"Koskotas, Bank of Crete, media money and political power (1988-1992)","Greece/00-00-1989/Koskotas, Bank of Crete, media money and political power (1988-1992)",greece_1989_koskotas_bank_crete_media_money_political_power,"Koskotas, Bank of Crete, media money and political power (1988-1992)","Κοσκωτάς, Τράπεζα Κρήτης, μιντιακό χρήμα και πολιτική εξουσία (1988-1992)","Corruption, capture and public money",δημόσια εμπιστοσύνη / λογοδοσία,documented/partly documented public record; disputed parts are labelled as disputed,μικτό δημόσιο αρχείο· διάβασε τις πηγές,2
Greece,00-00-1991,1991,"Private TV licensing, media power, and political dependency","Greece/00-00-1991/Private TV licensing, media power, and political dependency",greece_1991_koskoletas_media_licensing_private_tv_power,"Private TV licensing, media power, and political dependency","Ιδιωτική τηλεόραση, άδειες, μιντιακή ισχύς και πολιτική εξάρτηση",media ownership / licensing / political influence,ιδιοκτησία ΜΜΕ / αδειοδότηση / πολιτική επιρροή,documented media-system controversy with long-term structural effects,τεκμηριωμένη διαμάχη συστήματος ΜΜΕ με μακροχρόνιες δομικές συνέπειες,2
Greece,00-00-1991,1991,Temponeras murder and education protest violence,Greece/00-00-1991/Temponeras murder and education protest violence,greece_1991_temponeras_murder_education_protest_violence,Temponeras murder and education protest violence,Temponeras murder and education protest violence,political violence / education,political violence / education,documented killing,documented killing,2
Greece,00-00-1996,1996,"Imia crisis, sovereignty panic, and media-military pressure","Greece/00-00-1996/Imia crisis, sovereignty panic, and media-military pressure",greece_1996_imia_crisis_sovereignty_media_military_pressure,"Imia crisis, sovereignty panic, and media-military pressure","Κρίση Ιμίων, πανικός κυριαρχίας και πίεση ΜΜΕ-στρατού",foreign policy crisis / media escalation,κρίση εξωτερικής πολιτικής / κλιμάκωση ΜΜΕ,documented crisis with disputed diplomatic handling,τεκμηριωμένη κρίση με αμφισβητούμενο διπλωματικό χειρισμό,2
Greece,00-00-1996,1996,"Imia Crisis Nationalism, Media Escalation and Secret Diplomacy","Greece/00-00-1996/Imia Crisis Nationalism, Media Escalation and Secret Diplomacy",greece_1996_imia_crisis_nationalism_media_escalation_secret_diplomacy,"Imia Crisis: Nationalism, Media Escalation and Secret Diplomacy","Κρίση Ιμίων: Εθνικισμός, Μιντιακή Κλιμάκωση και Μυστική Διπλωματία",foreign policy crisis / media panic,κρίση εξωτερικής πολιτικής / μιντιακός πανικός,documented case or documented public controversy with unresolved interpretation,τεκμηριωμένη υπόθεση ή δημόσια διαμάχη με ανοιχτή ερμηνεία,2
Greece,00-00-1997,1997,"Greece Defence Bribery, Akis Tsochatzopoulos, and Arms-Deal Corruption (1997-2015)","Greece/00-00-1997/Greece Defence Bribery, Akis Tsochatzopoulos, and Arms-Deal Corruption (1997-2015)",greece_1997_defence_bribery_tsochatzopoulos,"Greece: Defence Bribery, Akis Tsochatzopoulos, and Arms-Deal Corruption (1997-2015)","Ελλάδα: Μίζες στα Εξοπλιστικά, Άκης Τσοχατζόπουλος και Διαφθορά στις Αμυντικές Συμβάσεις (1997-2015)",public trust / accountability,δημόσια εμπιστοσύνη / λογοδοσία,mixed public record; read source trail,μικτό δημόσιο αρχείο· διάβασε τις πηγές,2
Greece,00-00-1997,1997,Greece Siemens bribery scandal (1997-2017),Greece/00-00-1997/Greece Siemens bribery scandal (1997-2017),greece_1997_siemens_scandal,Greece: Siemens bribery scandal (1997-2017),Ελλάδα: σκάνδαλο Siemens (1997-2017),public trust / accountability,δημόσια εμπιστοσύνη / λογοδοσία,mixed public record; read source trail,μικτό δημόσιο αρχείο· διάβασε τις πηγές,2
Greece,00-00-1999,1999,Athens stock exchange bubble and small investor ruin,Greece/00-00-1999/Athens stock exchange bubble and small investor ruin,greece_1999_athens_stock_exchange_bubble_small_investor_ruin,Athens stock exchange bubble and small investor ruin,Athens stock exchange bubble and small investor ruin,financial scandal / public psychology,financial scandal / public psychology,μικτό: τεκμηριωμένο γεγονός με αμφισβητούμενες πολιτικές ερμηνείες,μικτό: τεκμηριωμένο γεγονός με αμφισβητούμενες πολιτικές ερμηνείες,2
Greece,00-00-1999,1999,"Athens stock exchange bubble, public hype, small investors and accountability (1999-2002","Greece/00-00-1999/Athens stock exchange bubble, public hype, small investors and accountability (1999-2002",greece_1999_stock_exchange_bubble_hype_small_investors_accountability,"Athens stock exchange bubble, public hype, small investors and accountability (1999-2002)","Φούσκα Χρηματιστηρίου Αθηνών, δημόσια ευφορία, μικροεπενδυτές και λογοδοσία (1999-2002)","Corruption, capture and public money",δημόσια εμπιστοσύνη / λογοδοσία,documented/partly documented public record; disputed parts are labelled as disputed,μικτό δημόσιο αρχείο· διάβασε τις πηγές,2
Greece,00-00-1999,1999,Athens stock market bubble and public loss,Greece/00-00-1999/Athens stock market bubble and public loss,greece_1999_athens_stock_market_bubble_loss,Athens stock market bubble and public loss,Athens stock market bubble and public loss,finance / public trust,finance / public trust,mixed public record; read source trail,μικτό δημόσιο αρχείο· διάβασε τις πηγές,2
Greece,00-00-1999,1999,"Greece — Öcalan affair, secret diplomacy, state denial, and foreign pressure (1999)","Greece/00-00-1999/Greece — Öcalan affair, secret diplomacy, state denial, and foreign pressure (1999)",greece_1999_ocalan_affair_secret_diplomacy_state_denial_foreign_pressure,"Greece — Öcalan affair, secret diplomacy, state denial, and foreign pressure (1999)","Ελλάδα — Υπόθεση Οτσαλάν, μυστική διπλωματία και ξένη πίεση (1999)",public trust / accountability,δημόσια εμπιστοσύνη / λογοδοσία,High for the crisis and political fallout; some operational details contested.,μικτό δημόσιο αρχείο· διάβασε τις πηγές,4
Greece,00-00-1999,1999,Stock market bubble and household losses,Greece/00-00-1999/Stock market bubble and household losses,greece_1999_stock_market_bubble_and_household_losses,Stock market bubble and household losses,Χρηματιστηριακή φούσκα και απώλειες νοικοκυριών,finance / political trust,οικονομία / πολιτική εμπιστοσύνη,documented or historically established event; details vary by source,τεκμηριωμένο ή ιστορικά καθιερωμένο γεγονός· οι λεπτομέρειες διαφέρουν ανά πηγή,2
Greece,00-00-2000,2000,Express Samina ferry disaster and shipping oversight failure,Greece/00-00-2000/Express Samina ferry disaster and shipping oversight failure,greece_2000_express_samina_ferry_disaster_shipping_oversight,Express Samina ferry disaster and shipping oversight failure,Ναυάγιο Express Samina και αποτυχία εποπτείας ναυτιλίας,maritime disaster / safety regulation,ναυτική καταστροφή / εποπτεία ασφάλειας,documented disaster with criminal and regulatory aftermath,τεκμηριωμένη καταστροφή με ποινικές και εποπτικές συνέπειες,2
Greece,00-00-2000,2000,"Express Samina Ferry Disaster Safety Culture, Island Transport and Accountability","Greece/00-00-2000/Express Samina Ferry Disaster Safety Culture, Island Transport and Accountability",greece_2000_express_samina_ferry_disaster_safety_culture_island_transport_accounta,"Express Samina Ferry Disaster: Safety Culture, Island Transport and Accountability","Ναυάγιο Express Samina: Κουλτούρα Ασφάλειας, Ακτοπλοΐα και Λογοδοσία",transport disaster / regulatory failure,ναυτικό δυστύχημα / ρυθμιστική αποτυχία,documented case or documented public controversy with unresolved interpretation,τεκμηριωμένη υπόθεση ή δημόσια διαμάχη με ανοιχτή ερμηνεία,2
Greece,00-00-2001,2001,"Greece Delphi, “Prophecy,” and the Geological Explanation of a Supernatural Tradition (2","Greece/00-00-2001/Greece Delphi, “Prophecy,” and the Geological Explanation of a Supernatural Tradition (2",greece_2001_delphi_gases_geology,"Greece: Delphi, “Prophecy,” and the Geological Explanation of a Supernatural Tradition (2001-2026)","Ελλάδα: Δελφοί, «προφητεία» και η γεωλογική εξήγηση μιας υπερφυσικής παράδοσης (2001-2026)",public trust / accountability,δημόσια εμπιστοσύνη / λογοδοσία,mixed public record; read source trail,μικτό δημόσιο αρχείο· διάβασε τις πηγές,2
Greece,00-00-2002,2002,17 November trial and security-state transition,Greece/00-00-2002/17 November trial and security-state transition,greece_2002_17_november_trial_security_state_transition,17 November trial and security-state transition,17 November trial and security-state transition,terrorism / justice,terrorism / justice,μικτό: τεκμηριωμένο γεγονός με αμφισβητούμενες πολιτικές ερμηνείες,μικτό: τεκμηριωμένο γεγονός με αμφισβητούμενες πολιτικές ερμηνείες,2
Greece,00-00-2003,2003,"GREECE C4I Olympic Security System, Siemens Overlap, and the Security-State Procurement","Greece/00-00-2003/GREECE C4I Olympic Security System, Siemens Overlap, and the Security-State Procurement",greece_2003_c4i_olympic_security_system_surveillance_scandal,"GREECE: C4I Olympic Security System, Siemens Overlap, and the Security-State Procurement Problem (2003-2018)","ΕΛΛΑΔΑ: C4I, ολυμπιακό σύστημα ασφάλειας και το πρόβλημα των προμηθειών του security state (2003-2018)",public trust / accountability,δημόσια εμπιστοσύνη / λογοδοσία,mixed public record; read source trail,μικτό δημόσιο αρχείο· διάβασε τις πηγές,2
Greece,00-00-2004,2004,C4I Olympic security system scandal,Greece/00-00-2004/C4I Olympic security system scandal,greece_2004_c4i_olympic_security_system_scandal,C4I Olympic security system scandal,C4I Olympic security system scandal,procurement / surveillance infrastructure,procurement / surveillance infrastructure,documented procurement controversy,documented procurement controversy,2
Greece,00-00-2004,2004,"Greece Athens 2004 Olympics, Security Spending, and Debt Narrative (1997-2014)","Greece/00-00-2004/Greece Athens 2004 Olympics, Security Spending, and Debt Narrative (1997-2014)",greece_2004_athens_olympics_cost_security_debt,"Greece: Athens 2004 Olympics, Security Spending, and Debt Narrative (1997-2014)","Ελλάδα: Ολυμπιακοί Αγώνες Αθήνα 2004, κόστος, ασφάλεια και αφήγημα χρέους (1997-2014)",public trust / accountability,δημόσια εμπιστοσύνη / λογοδοσία,mixed public record; read source trail,μικτό δημόσιο αρχείο· διάβασε τις πηγές,2
Greece,00-00-2004,2004,"Greece Debt Crisis, Misreported Fiscal Data, and the Austerity Era (2004-2018)","Greece/00-00-2004/Greece Debt Crisis, Misreported Fiscal Data, and the Austerity Era (2004-2018)",greece_2004_debt_crisis_misreporting_austerity,"Greece: Debt Crisis, Misreported Fiscal Data, and the Austerity Era (2004-2018)","Ελλάδα: Κρίση χρέους, παραποιημένα δημοσιονομικά στοιχεία και εποχή λιτότητας (2004-2018)",public trust / accountability,δημόσια εμπιστοσύνη / λογοδοσία,mixed public record; read source trail,μικτό δημόσιο αρχείο· διάβασε τις πηγές,2
Greece,00-00-2004,2004,Greece Vodafone Wiretap Scandal and the Tsalikidis Case (2004-2017),Greece/00-00-2004/Greece Vodafone Wiretap Scandal and the Tsalikidis Case (2004-2017),greece_2004_vodafone_wiretap_tsalikidis,Greece: Vodafone Wiretap Scandal and the Tsalikidis Case (2004-2017),Ελλάδα: Σκάνδαλο υποκλοπών Vodafone και υπόθεση Τσαλικίδη (2004-2017),public trust / accountability,δημόσια εμπιστοσύνη / λογοδοσία,mixed public record; read source trail,μικτό δημόσιο αρχείο· διάβασε τις πηγές,2
Greece,00-00-2004,2004,Vodafone wiretapping scandal and Athens Olympics context,Greece/00-00-2004/Vodafone wiretapping scandal and Athens Olympics context,greece_2004_vodafone_wiretapping_scandal_athens_olympics_context,Vodafone wiretapping scandal and Athens Olympics context,Vodafone wiretapping scandal and Athens Olympics context,surveillance / telecom security,surveillance / telecom security,mixed public record; read source trail,μικτό δημόσιο αρχείο· διάβασε τις πηγές,2
Greece,00-00-2005,2005,"Helios Airways Flight 522 Aviation Safety, Oversight and the Cost of Routine Failure","Greece/00-00-2005/Helios Airways Flight 522 Aviation Safety, Oversight and the Cost of Routine Failure",greece_2005_helios_airways_flight_522_aviation_safety_oversight_cost_routine_failu,"Helios Airways Flight 522: Aviation Safety, Oversight and the Cost of Routine Failure","Helios 522: Αεροπορική Ασφάλεια, Έλεγχος και Κόστος Ρουτίνας",aviation disaster / oversight,αεροπορικό δυστύχημα / εποπτεία,documented case or documented public controversy with unresolved interpretation,τεκμηριωμένη υπόθεση ή δημόσια διαμάχη με ανοιχτή ερμηνεία,2
Greece,00-00-2005,2005,Pakistani migrants abduction allegations and post-9 11 security pressure,Greece/00-00-2005/Pakistani migrants abduction allegations and post-9 11 security pressure,greece_2005_pakistani_migrants_abduction_surveillance_case,Pakistani migrants abduction allegations and post-9/11 security pressure,Καταγγελίες απαγωγής Πακιστανών μεταναστών και πίεση ασφάλειας μετά την 11η Σεπτεμβρίου,migration / intelligence cooperation / civil liberties,μετανάστευση / συνεργασία υπηρεσιών / ατομικές ελευθερίες,public allegations and legal controversy with disputed state responsibility,δημόσιες καταγγελίες και νομική διαμάχη με αμφισβητούμενη κρατική ευθύνη,2
Greece,00-00-2005,2005,"Structured bonds, pension funds, public money and financial opacity (2005-2007)","Greece/00-00-2005/Structured bonds, pension funds, public money and financial opacity (2005-2007)",greece_2005_structured_bonds_pension_funds_money_financial_opacity,"Structured bonds, pension funds, public money and financial opacity (2005-2007)","Δομημένα ομόλογα, ασφαλιστικά ταμεία, δημόσιο χρήμα και χρηματοοικονομική αδιαφάνεια (2005-2007)","Corruption, capture and public money",δημόσια εμπιστοσύνη / λογοδοσία,documented/partly documented public record; disputed parts are labelled as disputed,μικτό δημόσιο αρχείο· διάβασε τις πηγές,2
Greece,00-00-2005,2005,Vodafone Greece wiretapping scandal,Greece/00-00-2005/Vodafone Greece wiretapping scandal,greece_2005_vodafone_greece_wiretapping_scandal,Vodafone Greece wiretapping scandal,Vodafone Greece wiretapping scandal,surveillance / telecoms,surveillance / telecoms,documented wiretapping scandal,documented wiretapping scandal,2
Greece,00-00-2006,2006,"Structured bonds, pension funds, and public-money opacity","Greece/00-00-2006/Structured bonds, pension funds, and public-money opacity",greece_2006_structured_bonds_pension_fund_public_money_scandal,"Structured bonds, pension funds, and public-money opacity","Δομημένα ομόλογα, ασφαλιστικά ταμεία και αδιαφάνεια δημόσιου χρήματος",public money / pension funds / financial products,δημόσιο χρήμα / ασφαλιστικά ταμεία / χρηματοοικονομικά προϊόντα,documented financial scandal with disputed responsibility layers,τεκμηριωμένο χρηματοοικονομικό σκάνδαλο με αμφισβητούμενα επίπεδα ευθύνης,2
Greece,00-00-2007,2007,"2007 forest fires, state failure, land politics and disaster governance (2007)","Greece/00-00-2007/2007 forest fires, state failure, land politics and disaster governance (2007)",greece_2007_forest_fires_state_failure_land_politics_disaster_governance,"2007 forest fires, state failure, land politics and disaster governance (2007)","Πυρκαγιές 2007, κρατική αποτυχία, πολιτική γης και διακυβέρνηση καταστροφών (2007)","Corruption, capture and public money",δημόσια εμπιστοσύνη / λογοδοσία,documented/partly documented public record; disputed parts are labelled as disputed,μικτό δημόσιο αρχείο· διάβασε τις πηγές,2
Greece,00-00-2007,2007,Bond scandal and pension fund trust crisis,Greece/00-00-2007/Bond scandal and pension fund trust crisis,greece_2007_bond_scandal_and_pension_fund_trust_crisis,Bond scandal and pension fund trust crisis,Σκάνδαλο ομολόγων και κρίση εμπιστοσύνης ταμείων,finance / pensions / corruption,οικονομία / συντάξεις / διαφθορά,documented or historically established event; details vary by source,τεκμηριωμένο ή ιστορικά καθιερωμένο γεγονός· οι λεπτομέρειες διαφέρουν ανά πηγή,2
Greece,00-00-2007,2007,Bond scandal pension funds and structured products,Greece/00-00-2007/Bond scandal pension funds and structured products,greece_2007_bond_scandal_pension_funds_structured_products,Bond scandal pension funds and structured products,Bond scandal pension funds and structured products,financial corruption / pensions,financial corruption / pensions,μικτό: τεκμηριωμένο γεγονός με αμφισβητούμενες πολιτικές ερμηνείες,μικτό: τεκμηριωμένο γεγονός με αμφισβητούμενες πολιτικές ερμηνείες,2
Greece,00-00-2007,2007,"Zahopoulos affair, media blackmail, and ministerial power","Greece/00-00-2007/Zahopoulos affair, media blackmail, and ministerial power",greece_2005_zahopoulos_affair_media_blackmail_power,"Zahopoulos affair, media blackmail, and ministerial power","Υπόθεση Ζαχόπουλου, εκβιασμός ΜΜΕ και υπουργική ισχύς",media scandal / political access / alleged blackmail,σκάνδαλο ΜΜΕ / πολιτική πρόσβαση / καταγγελίες εκβιασμού,documented public scandal with disputed criminal and political layers,τεκμηριωμένο δημόσιο σκάνδαλο με αμφισβητούμενα ποινικά και πολιτικά επίπεδα,2
Greece,00-00-2008,2008,"Greece — Grigoropoulos killing, police violence, youth rage, and state response (2008)","Greece/00-00-2008/Greece — Grigoropoulos killing, police violence, youth rage, and state response (2008)",greece_2008_grigoropoulos_killing_police_violence_youth_rage_state_response,"Greece — Grigoropoulos killing, police violence, youth rage, and state response (2008)","Ελλάδα — Δολοφονία Γρηγορόπουλου, αστυνομική βία και νεανική οργή (2008)",public trust / accountability,δημόσια εμπιστοσύνη / λογοδοσία,"High for the killing, conviction, and unrest; contested on broader political interpretation.",μικτό δημόσιο αρχείο· διάβασε τις πηγές,4
Greece,00-00-2008,2008,Greece Vatopedi Monastery Land-Swap Scandal (2008-2017),Greece/00-00-2008/Greece Vatopedi Monastery Land-Swap Scandal (2008-2017),greece_2008_vatopedi_land_swap,Greece: Vatopedi Monastery Land-Swap Scandal (2008-2017),Ελλάδα: Σκάνδαλο ανταλλαγών γης της Μονής Βατοπεδίου (2008-2017),public trust / accountability,δημόσια εμπιστοσύνη / λογοδοσία,mixed public record; read source trail,μικτό δημόσιο αρχείο· διάβασε τις πηγές,2
Greece,00-00-2008,2008,Grigoropoulos killing and December revolt,Greece/00-00-2008/Grigoropoulos killing and December revolt,greece_2008_grigoropoulos_killing_december_revolt,Grigoropoulos killing and December revolt,Grigoropoulos killing and December revolt,policing / youth uprising,policing / youth uprising,documented killing and unrest,documented killing and unrest,2
Greece,00-00-2008,2008,Grigoropoulos killing and youth uprising,Greece/00-00-2008/Grigoropoulos killing and youth uprising,greece_2008_grigoropoulos_killing_and_youth_uprising,Grigoropoulos killing and youth uprising,Δολοφονία Γρηγορόπουλου και νεανική εξέγερση,police violence / youth revolt,αστυνομική βία / νεανική εξέγερση,documented or historically established event; details vary by source,τεκμηριωμένο ή ιστορικά καθιερωμένο γεγονός· οι λεπτομέρειες διαφέρουν ανά πηγή,2
Greece,00-00-2008,2008,"Siemens bribery scandal, public contracts, and party finance shadows","Greece/00-00-2008/Siemens bribery scandal, public contracts, and party finance shadows",greece_2008_siemens_bribery_contracts_party_finance,"Siemens bribery scandal, public contracts, and party finance shadows","Siemens: δωροδοκίες, δημόσιες συμβάσεις και σκιές κομματικής χρηματοδότησης",bribery / public contracts / party finance,δωροδοκία / δημόσιες συμβάσεις / κομματική χρηματοδότηση,documented international bribery scandal with contested Greek accountability,τεκμηριωμένο διεθνές σκάνδαλο δωροδοκιών με αμφισβητούμενη ελληνική λογοδοσία,2
Greece,00-00-2008,2008,"Vatopedi land-swap scandal, church property, and state access","Greece/00-00-2008/Vatopedi land-swap scandal, church property, and state access",greece_2008_vatopedi_land_swap_scandal_church_state_power,"Vatopedi land-swap scandal, church property, and state access","Βατοπέδι: ανταλλαγές γης, εκκλησιαστική περιουσία και κρατική πρόσβαση",land swaps / church-state influence,ανταλλαγές γης / επιρροή εκκλησίας-κράτους,documented scandal with contested criminal liability,τεκμηριωμένο σκάνδαλο με αμφισβητούμενη ποινική ευθύνη,2
Greece,00-00-2009,2009,"ELSTAT, deficit statistics, trust, austerity and political blame (2009-2018)","Greece/00-00-2009/ELSTAT, deficit statistics, trust, austerity and political blame (2009-2018)",greece_2009_elstat_deficit_statistics_austerity_political_blame,"ELSTAT, deficit statistics, trust, austerity and political blame (2009-2018)","ΕΛΣΤΑΤ, στατιστικά ελλείμματος, εμπιστοσύνη, λιτότητα και πολιτική ευθύνη (2009-2018)","Corruption, capture and public money",δημόσια εμπιστοσύνη / λογοδοσία,documented/partly documented public record; disputed parts are labelled as disputed,μικτό δημόσιο αρχείο· διάβασε τις πηγές,2
Greece,00-00-2010,2010,Debt memorandum shock and austerity governance,Greece/00-00-2010/Debt memorandum shock and austerity governance,greece_2010_debt_memorandum_shock_and_austerity_governance,Debt memorandum shock and austerity governance,Σοκ μνημονίου και διακυβέρνηση λιτότητας,debt crisis / sovereignty,χρέος / κυριαρχία,documented or historically established event; details vary by source,τεκμηριωμένο ή ιστορικά καθιερωμένο γεγονός· οι λεπτομέρειες διαφέρουν ανά πηγή,2
Greece,00-00-2010,2010,ELSTAT deficit revision and the war over statistical truth,Greece/00-00-2010/ELSTAT deficit revision and the war over statistical truth,greece_2010_elstat_deficit_revision_statistics_trust_war,ELSTAT deficit revision and the war over statistical truth,"ELSTAT, αναθεώρηση ελλείμματος και πόλεμος για τη στατιστική αλήθεια",statistics / debt crisis / institutional trust,στατιστική / κρίση χρέους / θεσμική εμπιστοσύνη,documented statistics dispute with legal and EU oversight record,τεκμηριωμένη στατιστική διαμάχη με νομικό και ευρωπαϊκό αρχείο,2
Greece,00-00-2010,2010,"Greece Oligarchs, Media, Banks, and Tax-Evasion Impunity (2010-2015)","Greece/00-00-2010/Greece Oligarchs, Media, Banks, and Tax-Evasion Impunity (2010-2015)",greece_2010_oligarchs_media_banks_tax_evasion,"Greece: Oligarchs, Media, Banks, and Tax-Evasion Impunity (2010-2015)","Ελλάδα: Ολιγάρχες, ΜΜΕ, Τράπεζες και Ατιμωρησία στη Φοροδιαφυγή (2010-2015)",public trust / accountability,δημόσια εμπιστοσύνη / λογοδοσία,mixed public record; read source trail,μικτό δημόσιο αρχείο· διάβασε τις πηγές,2
Greece,00-00-2010,2010,"Greece The Lagarde List, Tax-Evasion Politics, and Missing Accountability (2010-2015)","Greece/00-00-2010/Greece The Lagarde List, Tax-Evasion Politics, and Missing Accountability (2010-2015)",greece_2010_lagarde_list,"Greece: The Lagarde List, Tax-Evasion Politics, and Missing Accountability (2010-2015)","Ελλάδα: Η Λίστα Λαγκάρντ, η Πολιτική της Φοροδιαφυγής και η Χαμένη Λογοδοσία (2010-2015)",public trust / accountability,δημόσια εμπιστοσύνη / λογοδοσία,mixed public record; read source trail,μικτό δημόσιο αρχείο· διάβασε τις πηγές,4
Greece,00-00-2010,2010,"Marfin bank deaths, protest violence, austerity and memory (2010)","Greece/00-00-2010/Marfin bank deaths, protest violence, austerity and memory (2010)",greece_2010_marfin_bank_deaths_protest_violence_austerity_memory,"Marfin bank deaths, protest violence, austerity and memory (2010)","Νεκροί στη Marfin, βία διαδήλωσης, λιτότητα και μνήμη (2010)","Policing, force and institutional accountability",δημόσια εμπιστοσύνη / λογοδοσία,documented/partly documented public record; disputed parts are labelled as disputed,μικτό δημόσιο αρχείο· διάβασε τις πηγές,2
Greece,00-00-2010,2010,Marfin bank fire and protest tragedy,Greece/00-00-2010/Marfin bank fire and protest tragedy,greece_2010_marfin_bank_fire_protest_tragedy,Marfin bank fire and protest tragedy,Marfin bank fire and protest tragedy,austerity / political violence,austerity / political violence,documented deaths with contested responsibility,documented deaths with contested responsibility,2
Greece,00-00-2011,2011,"GREECE Bailout Privatisation Fund, Public Asset Sales, and Post-Crisis State Restructuri","Greece/00-00-2011/GREECE Bailout Privatisation Fund, Public Asset Sales, and Post-Crisis State Restructuri",greece_2011_bailout_privatization_fund_asset_sales,"GREECE: Bailout Privatisation Fund, Public Asset Sales, and Post-Crisis State Restructuring (2011-2026)","ΕΛΛΑΔΑ: Ταμείο αποκρατικοποιήσεων, πωλήσεις δημόσιας περιουσίας και μεταμνημονιακή αναδιάρθρωση του κράτους (2011-2026)",public trust / accountability,δημόσια εμπιστοσύνη / λογοδοσία,mixed public record; read source trail,μικτό δημόσιο αρχείο· διάβασε τις πηγές,2
Greece,00-00-2011,2011,"Keratea waste plant conflict, policing, local resistance and public trust (2010-2011)","Greece/00-00-2011/Keratea waste plant conflict, policing, local resistance and public trust (2010-2011)",greece_2011_keratea_waste_plant_policing_local_resistance,"Keratea waste plant conflict, policing, local resistance and public trust (2010-2011)","Κερατέα, σύγκρουση για ΧΥΤΑ, αστυνόμευση, τοπική αντίσταση και εμπιστοσύνη (2010-2011)","Policing, force and institutional accountability",δημόσια εμπιστοσύνη / λογοδοσία,documented/partly documented public record; disputed parts are labelled as disputed,μικτό δημόσιο αρχείο· διάβασε τις πηγές,2
Greece,00-00-2011,2011,Lagarde list and tax-evasion credibility crisis,Greece/00-00-2011/Lagarde list and tax-evasion credibility crisis,greece_2011_lagarde_list_tax_evasion_credibility_crisis,Lagarde list and tax-evasion credibility crisis,Lagarde list and tax-evasion credibility crisis,tax justice / elite impunity,tax justice / elite impunity,μικτό: τεκμηριωμένο γεγονός με αμφισβητούμενες πολιτικές ερμηνείες,μικτό: τεκμηριωμένο γεγονός με αμφισβητούμενες πολιτικές ερμηνείες,2
Greece,00-00-2011,2011,Syntagma Protests and Austerity Policing Democracy Under Economic Emergency,Greece/00-00-2011/Syntagma Protests and Austerity Policing Democracy Under Economic Emergency,greece_2011_syntagma_protests_austerity_policing_democracy_under_economic_emergenc,Syntagma Protests and Austerity Policing: Democracy Under Economic Emergency,Σύνταγμα και Αστυνόμευση Λιτότητας: Δημοκρατία σε Οικονομική Έκτακτη Ανάγκη,protest policing / austerity,αστυνόμευση διαδηλώσεων / λιτότητα,documented case or documented public controversy with unresolved interpretation,τεκμηριωμένη υπόθεση ή δημόσια διαμάχη με ανοιχτή ερμηνεία,2
Greece,00-00-2011,2011,Syntagma square policing and austerity rage,Greece/00-00-2011/Syntagma square policing and austerity rage,greece_2011_syntagma_square_policing_austerity_rage,Syntagma square policing and austerity rage,Syntagma square policing and austerity rage,protest / state force,protest / state force,μικτό: τεκμηριωμένο γεγονός με αμφισβητούμενες πολιτικές ερμηνείες,μικτό: τεκμηριωμένο γεγονός με αμφισβητούμενες πολιτικές ερμηνείες,2
Greece,00-00-2012,2012,"Greece Golden Dawn, Criminal Organization Findings, and State Failure Questions (2012-20","Greece/00-00-2012/Greece Golden Dawn, Criminal Organization Findings, and State Failure Questions (2012-20",greece_2012_golden_dawn_criminal_org_state_failure,"Greece: Golden Dawn, Criminal Organization Findings, and State Failure Questions (2012-2026)","Ελλάδα: Χρυσή Αυγή, χαρακτηρισμός ως εγκληματική οργάνωση και ερωτήματα κρατικής αποτυχίας (2012-2026)",public trust / accountability,δημόσια εμπιστοσύνη / λογοδοσία,mixed public record; read source trail,μικτό δημόσιο αρχείο· διάβασε τις πηγές,2
Greece,00-00-2012,2012,"GREECE Massive Leak of Identity, Tax, and Vehicle Data (2012-2013)","Greece/00-00-2012/GREECE Massive Leak of Identity, Tax, and Vehicle Data (2012-2013)",greece_2012_mass_id_tax_vehicle_data_leak,"GREECE: Massive Leak of Identity, Tax, and Vehicle Data (2012-2013)","ΕΛΛΑΔΑ: Μαζική διαρροή στοιχείων ταυτότητας, ΑΦΜ και οχημάτων (2012-2013)",public trust / accountability,δημόσια εμπιστοσύνη / λογοδοσία,mixed public record; read source trail,μικτό δημόσιο αρχείο· διάβασε τις πηγές,2
Greece,00-00-2012,2012,"Greece Novartis case — bribery, political warfare, and legal whiplash (2012-2026)","Greece/00-00-2012/Greece Novartis case — bribery, political warfare, and legal whiplash (2012-2026)",greece_2012_novartis_2012_2026,"Greece: Novartis case — bribery, political warfare, and legal whiplash (2012-2026)","Ελλάδα: υπόθεση Novartis — μίζες, πολιτικός πόλεμος και νομικές ανατροπές (2012-2026)",public trust / accountability,δημόσια εμπιστοσύνη / λογοδοσία,mixed public record; read source trail,μικτό δημόσιο αρχείο· διάβασε τις πηγές,2
Greece,00-00-2012,2012,"Halyvourgia strike, riot police intervention, and austerity labor conflict","Greece/00-00-2012/Halyvourgia strike, riot police intervention, and austerity labor conflict",greece_2012_halyvourgia_strike_policing_labor_crisis,"Halyvourgia strike, riot police intervention, and austerity labor conflict","Απεργία Χαλυβουργίας, επέμβαση ΜΑΤ και εργασιακή σύγκρουση λιτότητας",labor conflict / austerity / policing,εργασιακή σύγκρουση / λιτότητα / αστυνόμευση,documented strike and police intervention with contested labor narratives,τεκμηριωμένη απεργία και αστυνομική επέμβαση με αμφισβητούμενες εργασιακές αφηγήσεις,2
Greece,00-00-2012,2012,Pharmakonisi and Aegean Pushback Allegations Border Deaths and Competing Narratives,Greece/00-00-2012/Pharmakonisi and Aegean Pushback Allegations Border Deaths and Competing Narratives,greece_2012_pharmakonisi_aegean_pushback_allegations_border_deaths_competing_narra,Pharmakonisi and Aegean Pushback Allegations: Border Deaths and Competing Narratives,Φαρμακονήσι και Ισχυρισμοί Pushback: Θάνατοι στα Σύνορα και Αντίθετες Αφηγήσεις,border rights / migration,δικαιώματα συνόρων / μετανάστευση,documented case or documented public controversy with unresolved interpretation,τεκμηριωμένη υπόθεση ή δημόσια διαμάχη με ανοιχτή ερμηνεία,2
Greece,00-00-2012,2012,Public shaming of HIV-positive women,Greece/00-00-2012/Public shaming of HIV-positive women,greece_2012_shaming_hiv_positive_women,Public shaming of HIV-positive women,Public shaming of HIV-positive women,public health / police spectacle,public health / police spectacle,documented rights scandal,documented rights scandal,2
Greece,00-00-2013,2013,"ERT shutdown, black screen, and public broadcasting shock","Greece/00-00-2013/ERT shutdown, black screen, and public broadcasting shock",greece_2013_ert_shutdown_public_broadcasting_state_black_screen,"ERT shutdown, black screen, and public broadcasting shock","Κλείσιμο ΕΡΤ, μαύρη οθόνη και σοκ δημόσιας ραδιοτηλεόρασης",media / austerity governance / state power,ΜΜΕ / διακυβέρνηση λιτότητας / κρατική ισχύς,documented government shutdown and institutional dispute,τεκμηριωμένο κυβερνητικό κλείσιμο και θεσμική διαμάχη,2
Greece,00-00-2013,2013,"ERT shutdown, public broadcasting, austerity and state media power (2013)","Greece/00-00-2013/ERT shutdown, public broadcasting, austerity and state media power (2013)",greece_2013_ert_shutdown_broadcasting_austerity_state_media_power,"ERT shutdown, public broadcasting, austerity and state media power (2013)","Κλείσιμο ΕΡΤ, δημόσια ραδιοτηλεόραση, λιτότητα και κρατική μιντιακή ισχύς (2013)","Surveillance, secrecy and information control",δημόσια εμπιστοσύνη / λογοδοσία,documented/partly documented public record; disputed parts are labelled as disputed,μικτό δημόσιο αρχείο· διάβασε τις πηγές,2
Greece,00-00-2013,2013,Pavlos Fyssas murder and Golden Dawn accountability,Greece/00-00-2013/Pavlos Fyssas murder and Golden Dawn accountability,greece_2013_pavlos_fyssas_golden_dawn_accountability,Pavlos Fyssas murder and Golden Dawn accountability,Δολοφονία Παύλου Φύσσα και λογοδοσία της Χρυσής Αυγής,far-right violence / justice,πολιτική βία / εξτρεμισμός / λογοδοσία,mixed public record; read source trail,τεκμηριωμένη δολοφονία και δικαστική λογοδοσία,2
Greece,00-00-2014,2014,Baltakos video and Golden Dawn contacts,Greece/00-00-2014/Baltakos video and Golden Dawn contacts,greece_2014_baltakos_video_golden_dawn_contacts,Baltakos video and Golden Dawn contacts,Baltakos video and Golden Dawn contacts,institutional boundaries / extremism,institutional boundaries / extremism,μικτό: τεκμηριωμένο γεγονός με αμφισβητούμενες πολιτικές ερμηνείες,μικτό: τεκμηριωμένο γεγονός με αμφισβητούμενες πολιτικές ερμηνείες,3
Greece,00-00-2014,2014,"Noor One heroin case, power, impunity allegations and public trust (2014-2026)","Greece/00-00-2014/Noor One heroin case, power, impunity allegations and public trust (2014-2026)",greece_2014_noor_one_heroin_power_impunity_allegations,"Noor One heroin case, power, impunity allegations and public trust (2014-2026)","Noor One, ηρωίνη, ισχύς, ισχυρισμοί ατιμωρησίας και δημόσια εμπιστοσύνη (2014-2026)","Corruption, capture and public money",δημόσια εμπιστοσύνη / λογοδοσία,documented/partly documented public record; disputed parts are labelled as disputed,μικτό δημόσιο αρχείο· διάβασε τις πηγές,2
Greece,00-00-2015,2015,Capital controls and referendum shock,Greece/00-00-2015/Capital controls and referendum shock,greece_2015_capital_controls_referendum_shock,Capital controls and referendum shock,Capital controls και σοκ δημοψηφίσματος,austerity / sovereignty,οικονομική κρίση / πολιτική ρήξη,μικτό: τεκμηριωμένο γεγονός με αμφισβητούμενες πολιτικές ερμηνείες,τεκμηριωμένη οικονομική και πολιτική κρίση,5
Greece,00-00-2015,2015,"Refugee crisis, hotspots, borders and human rights (2015-2026)","Greece/00-00-2015/Refugee crisis, hotspots, borders and human rights (2015-2026)",greece_2015_refugee_crisis_hotspots_borders_human_rights,"Refugee crisis, hotspots, borders and human rights (2015-2026)","Προσφυγική κρίση, hotspots, σύνορα και ανθρώπινα δικαιώματα (2015-2026)","Policing, force and institutional accountability",δημόσια εμπιστοσύνη / λογοδοσία,documented/partly documented public record; disputed parts are labelled as disputed,μικτό δημόσιο αρχείο· διάβασε τις πηγές,2
Greece,00-00-2015,2015,"Refugee crisis, island containment, and EU-Turkey border bargain","Greece/00-00-2015/Refugee crisis, island containment, and EU-Turkey border bargain",greece_2015_refugee_crisis_islands_eu_turkey_containment,"Refugee crisis, island containment, and EU-Turkey border bargain","Προσφυγική κρίση, εγκλωβισμός νησιών και παζάρι συνόρων ΕΕ-Τουρκίας",migration / EU policy / humanitarian governance,μετανάστευση / πολιτική ΕΕ / ανθρωπιστική διακυβέρνηση,documented humanitarian crisis with disputed policy responsibility,τεκμηριωμένη ανθρωπιστική κρίση με αμφισβητούμενη πολιτική ευθύνη,2
Greece,00-00-2015,2015,"Third Bailout and Capital Controls Aftermath Democracy, Banks and External Power","Greece/00-00-2015/Third Bailout and Capital Controls Aftermath Democracy, Banks and External Power",greece_2015_third_bailout_capital_controls_aftermath_democracy_banks_external_powe,"Third Bailout and Capital Controls Aftermath: Democracy, Banks and External Power","Τρίτο Μνημόνιο και Capital Controls: Δημοκρατία, Τράπεζες και Εξωτερική Ισχύς",economic sovereignty / bailout governance,οικονομική κυριαρχία / διακυβέρνηση μνημονίων,documented case or documented public controversy with unresolved interpretation,τεκμηριωμένη υπόθεση ή δημόσια διαμάχη με ανοιχτή ερμηνεία,2
Greece,00-00-2016,2016,"GREECE — OPEKEPE EU SUBSIDIES, POLITICAL IMMUNITY, AND STATE CAPTURE (2016–2026)","Greece/00-00-2016/GREECE — OPEKEPE EU SUBSIDIES, POLITICAL IMMUNITY, AND STATE CAPTURE (2016–2026)",greece_2016_opekepe_eu_subsidies_political_immunity_state_capture,"GREECE — OPEKEPE: EU SUBSIDIES, POLITICAL IMMUNITY, AND STATE CAPTURE (2016–2026)","ΕΛΛΆΔΑ — ΟΠΕΚΕΠΕ: ΕΠΙΔΟΤΉΣΕΙΣ ΕΕ, ΠΟΛΙΤΙΚΉ ΑΣΥΛΊΑ ΚΑΙ ΚΡΑΤΙΚΉ ΑΙΧΜΑΛΩΣΊΑ (2016–2026)",public trust / accountability,δημόσια εμπιστοσύνη / λογοδοσία,mixed public record; read source trail,μικτό δημόσιο αρχείο· διάβασε τις πηγές,4
Greece,00-00-2016,2016,"Novartis political scandal, drug pricing, and allegation warfare","Greece/00-00-2016/Novartis political scandal, drug pricing, and allegation warfare",greece_2016_novartis_political_scandal_drug_pricing,"Novartis political scandal, drug pricing, and allegation warfare","Novartis: πολιτικό σκάνδαλο, τιμές φαρμάκων και πόλεμος καταγγελιών",pharma / bribery allegations / political conflict,φάρμακο / καταγγελίες δωροδοκίας / πολιτική σύγκρουση,documented corporate settlement abroad; Greek political allegations contested,τεκμηριωμένος εταιρικός διακανονισμός στο εξωτερικό· αμφισβητούμενες ελληνικές πολιτικές καταγγελίες,2
Greece,00-00-2016,2016,TV licenses and media-power conflict,Greece/00-00-2016/TV licenses and media-power conflict,greece_2016_tv_licenses_media_power_conflict,TV licenses and media-power conflict,TV licenses and media-power conflict,media regulation / state power,media regulation / state power,μικτό: τεκμηριωμένο γεγονός με αμφισβητούμενες πολιτικές ερμηνείες,μικτό: τεκμηριωμένο γεγονός με αμφισβητούμενες πολιτικές ερμηνείες,2
Greece,00-00-2016,2016,"TV licenses, media power, state control and rule of law (2016)","Greece/00-00-2016/TV licenses, media power, state control and rule of law (2016)",greece_2016_tv_licenses_media_power_state_control_rule_law,"TV licenses, media power, state control and rule of law (2016)","Τηλεοπτικές άδειες, μιντιακή ισχύς, κρατικός έλεγχος και κράτος δικαίου (2016)","Surveillance, secrecy and information control",δημόσια εμπιστοσύνη / λογοδοσία,documented/partly documented public record; disputed parts are labelled as disputed,μικτό δημόσιο αρχείο· διάβασε τις πηγές,2
Greece,00-00-2017,2017,"Mandra flash flood, blocked streams, and planning failure","Greece/00-00-2017/Mandra flash flood, blocked streams, and planning failure",greece_2017_mandra_flash_flood_planning_failure,"Mandra flash flood, blocked streams, and planning failure","Πλημμύρα Μάνδρας, μπαζωμένα ρέματα και αποτυχία σχεδιασμού",disaster / urban planning / accountability,καταστροφή / πολεοδομία / λογοδοσία,documented disaster with official and judicial review,τεκμηριωμένη καταστροφή με θεσμικό και δικαστικό έλεγχο,2
Greece,00-00-2017,2017,Noor One heroin case and allegations of impunity,Greece/00-00-2017/Noor One heroin case and allegations of impunity,greece_2017_noor_one_heroin_allegations_impunity,Noor One heroin case and allegations of impunity,Noor One heroin case and allegations of impunity,organized crime / public trust,organized crime / public trust,μικτό: τεκμηριωμένο γεγονός με αμφισβητούμενες πολιτικές ερμηνείες,μικτό: τεκμηριωμένο γεγονός με αμφισβητούμενες πολιτικές ερμηνείες,2
Greece,00-00-2018,2018,Folli Follie market fraud and regulator confidence collapse,Greece/00-00-2018/Folli Follie market fraud and regulator confidence collapse,greece_2018_folli_follie_market_fraud_regulator_failure,Folli Follie market fraud and regulator confidence collapse,Folli Follie: χρηματιστηριακή απάτη και κατάρρευση εμπιστοσύνης στους ελέγχους,corporate fraud / market oversight,εταιρική απάτη / εποπτεία αγοράς,documented corporate fraud allegations and prosecutions,τεκμηριωμένες κατηγορίες εταιρικής απάτης και διώξεις,2
Greece,00-00-2018,2018,"Greece Mati wildfire, state failure, and accountability limits (2018-2025)","Greece/00-00-2018/Greece Mati wildfire, state failure, and accountability limits (2018-2025)",greece_2018_mati_wildfire_state_failure,"Greece: Mati wildfire, state failure, and accountability limits (2018-2025)","Ελλάδα: Μάτι, κρατική αποτυχία και όρια λογοδοσίας (2018-2025)",public trust / accountability,δημόσια εμπιστοσύνη / λογοδοσία,mixed public record; read source trail,μικτό δημόσιο αρχείο· διάβασε τις πηγές,2
Greece,00-00-2018,2018,Mati wildfire command failures and public anger,Greece/00-00-2018/Mati wildfire command failures and public anger,greece_2018_mati_wildfire_command_failures_anger,Mati wildfire command failures and public anger,Mati wildfire command failures and public anger,disaster / governance,disaster / governance,mixed public record; read source trail,μικτό δημόσιο αρχείο· διάβασε τις πηγές,2
Greece,00-00-2018,2018,Mati wildfire disaster and emergency failure,Greece/00-00-2018/Mati wildfire disaster and emergency failure,greece_2018_mati_wildfire_disaster_and_emergency_failure,Mati wildfire disaster and emergency failure,Τραγωδία στο Μάτι και αποτυχία έκτακτης ανάγκης,wildfire / state failure,πυρκαγιά / κρατική αποτυχία,documented or historically established event; details vary by source,τεκμηριωμένο ή ιστορικά καθιερωμένο γεγονός· οι λεπτομέρειες διαφέρουν ανά πηγή,2
Greece,00-00-2018,2018,"Mati wildfire, evacuation failure, and command accountability","Greece/00-00-2018/Mati wildfire, evacuation failure, and command accountability",greece_2018_mati_wildfire_evacuation_accountability,"Mati wildfire, evacuation failure, and command accountability","Μάτι: πυρκαγιά, αποτυχία εκκένωσης και ευθύνη διοίκησης",wildfire disaster / civil protection,πυρκαγιά / πολιτική προστασία,documented mass-casualty disaster with contested accountability,τεκμηριωμένη πολύνεκρη καταστροφή με αμφισβητούμενη λογοδοσία,2
Greece,00-00-2018,2018,"Prespa Agreement Backlash Identity Politics, Disinformation and Public Pressure","Greece/00-00-2018/Prespa Agreement Backlash Identity Politics, Disinformation and Public Pressure",greece_2018_prespa_agreement_backlash_identity_politics_disinformation_pressure,"Prespa Agreement Backlash: Identity Politics, Disinformation and Public Pressure","Πρέσπες: Ταυτότητα, Παραπληροφόρηση και Δημόσια Πίεση",identity politics / disinformation,πολιτική ταυτότητας / παραπληροφόρηση,documented case or documented public controversy with unresolved interpretation,τεκμηριωμένη υπόθεση ή δημόσια διαμάχη με ανοιχτή ερμηνεία,2
Greece,00-00-2018,2018,"Zak Kostopoulos death, public violence, police response and social stigma (2018-2024)","Greece/00-00-2018/Zak Kostopoulos death, public violence, police response and social stigma (2018-2024)",greece_2018_zak_kostopoulos_death_violence_police_response_social_stigma,"Zak Kostopoulos death, public violence, police response and social stigma (2018-2024)","Θάνατος Ζακ Κωστόπουλου, δημόσια βία, αστυνομική αντίδραση και κοινωνικό στίγμα (2018-2024)","Policing, force and institutional accountability",δημόσια εμπιστοσύνη / λογοδοσία,documented/partly documented public record; disputed parts are labelled as disputed,μικτό δημόσιο αρχείο· διάβασε τις πηγές,2
Greece,00-00-2018,2018,Zak Kostopoulos killing and bystander violence,Greece/00-00-2018/Zak Kostopoulos killing and bystander violence,greece_2018_zak_kostopoulos_killing_bystander_violence,Zak Kostopoulos killing and bystander violence,Zak Kostopoulos killing and bystander violence,policing / social violence,policing / social violence,documented killing and trial,documented killing and trial,2
Greece,00-00-2018,2018,"Zak Kostopoulos killing, policing, and media framing","Greece/00-00-2018/Zak Kostopoulos killing, policing, and media framing",greece_2018_zak_kostopoulos_killing_policing_media_frame,"Zak Kostopoulos killing, policing, and media framing","Θάνατος Ζακ Κωστόπουλου, αστυνόμευση και μιντιακή πλαισίωση",policing / vigilante violence / media narrative,αστυνόμευση / αυτοδικία / μιντιακή αφήγηση,documented death and court proceedings with disputed public narratives,τεκμηριωμένος θάνατος και δίκες με αμφισβητούμενες δημόσιες αφηγήσεις,2
Greece,00-00-2019,2019,"Exarchia Operations and Urban Policing Drugs, Squats, Fear and Rights","Greece/00-00-2019/Exarchia Operations and Urban Policing Drugs, Squats, Fear and Rights",greece_2019_exarchia_operations_urban_policing_drugs_squats_fear_rights,"Exarchia Operations and Urban Policing: Drugs, Squats, Fear and Rights","Επιχειρήσεις Εξαρχείων: Ναρκωτικά, Καταλήψεις, Φόβος και Δικαιώματα",urban policing / public order,αστική αστυνόμευση / δημόσια τάξη,documented case or documented public controversy with unresolved interpretation,τεκμηριωμένη υπόθεση ή δημόσια διαμάχη με ανοιχτή ερμηνεία,2
Greece,00-00-2019,2019,Greek Mafia killings and state-crime fear,Greece/00-00-2019/Greek Mafia killings and state-crime fear,greece_2019_greek_mafia_killings_state_crime_fear,Greek Mafia killings and state-crime fear,Greek Mafia killings and state-crime fear,organized crime / policing,organized crime / policing,μικτό: τεκμηριωμένο γεγονός με αμφισβητούμενες πολιτικές ερμηνείες,μικτό: τεκμηριωμένο γεγονός με αμφισβητούμενες πολιτικές ερμηνείες,2
Greece,00-00-2019,2019,"Noor One aftermath, witness pressure, and media-political memory","Greece/00-00-2019/Noor One aftermath, witness pressure, and media-political memory",greece_2019_piraeus_noor_one_political_pressure_media_memory,"Noor One aftermath, witness pressure, and media-political memory","Μετασεισμοί Noor One, πίεση μαρτύρων και μιντιακοπολιτική μνήμη",organized crime / media pressure / disputed influence,οργανωμένο έγκλημα / πίεση ΜΜΕ / αμφισβητούμενη επιρροή,documented heroin case with disputed higher-level influence claims,τεκμηριωμένη υπόθεση ηρωίνης με αμφισβητούμενους ισχυρισμούς ανώτερης επιρροής,2
Greece,00-00-2019,2019,Novartis Greece political scandal and protected witnesses,Greece/00-00-2019/Novartis Greece political scandal and protected witnesses,greece_2019_novartis_greece_political_scandal_protected_witnesses,Novartis Greece political scandal and protected witnesses,Πολιτικό σκάνδαλο Novartis στην Ελλάδα και προστατευόμενοι μάρτυρες,pharmaceutical corruption / politics,φαρμακευτική διαφθορά / πολιτική,documented investigation with disputed political claims,documented investigation with disputed political claims,2
Greece,00-00-2020,2020,"COVID lockdowns, policing, procurement, and trust in emergency rule","Greece/00-00-2020/COVID lockdowns, policing, procurement, and trust in emergency rule",greece_2020_covid_lockdowns_policing_procurement_trust,"COVID lockdowns, policing, procurement, and trust in emergency rule","COVID lockdown, αστυνόμευση, προμήθειες και εμπιστοσύνη στην έκτακτη διακυβέρνηση",pandemic governance / emergency powers / procurement,διακυβέρνηση πανδημίας / έκτακτες εξουσίες / προμήθειες,documented emergency policy with contested proportionality and procurement questions,τεκμηριωμένη έκτακτη πολιτική με αμφισβητούμενη αναλογικότητα και ερωτήματα προμηθειών,2
Greece,00-00-2020,2020,Evros border crisis and information war,Greece/00-00-2020/Evros border crisis and information war,greece_2020_evros_border_crisis_and_information_war,Evros border crisis and information war,Κρίση Έβρου και πληροφοριακός πόλεμος,border crisis / propaganda,κρίση συνόρων / προπαγάνδα,documented or historically established event; details vary by source,τεκμηριωμένο ή ιστορικά καθιερωμένο γεγονός· οι λεπτομέρειες διαφέρουν ανά πηγή,2
Greece,00-00-2020,2020,"GREECE — COVID SMS PERMITS LOCKDOWNS, CERTIFICATES, AND PERMISSION CULTURE (2020–2023)","Greece/00-00-2020/GREECE — COVID SMS PERMITS LOCKDOWNS, CERTIFICATES, AND PERMISSION CULTURE (2020–2023)",greece_2020_covid_sms_permits_lockdowns_certificates_permission_culture,"GREECE — COVID SMS PERMITS: LOCKDOWNS, CERTIFICATES, AND PERMISSION CULTURE (2020–2023)","ΕΛΛΆΔΑ — COVID SMS ΆΔΕΙΕΣ: LOCKDOWNS, ΠΙΣΤΟΠΟΙΗΤΙΚΆ ΚΑΙ ΚΟΥΛΤΟΎΡΑ ΆΔΕΙΑΣ (2020–2023)",public trust / accountability,δημόσια εμπιστοσύνη / λογοδοσία,mixed public record; read source trail,μικτό δημόσιο αρχείο· διάβασε τις πηγές,4
Greece,00-00-2020,2020,"GREECE Petsas List, Media Funding, and Message Control (2020-2026)","Greece/00-00-2020/GREECE Petsas List, Media Funding, and Message Control (2020-2026)",greece_2020_petsas_list_media_funding_message_control,"GREECE: Petsas List, Media Funding, and Message Control (2020-2026)",Petsas list media funding and message control,media funding / pandemic,media funding / pandemic,μικτό: τεκμηριωμένο γεγονός με αμφισβητούμενες πολιτικές ερμηνείες,μικτό: τεκμηριωμένο γεγονός με αμφισβητούμενες πολιτικές ερμηνείες,2
Greece,00-00-2020,2020,"Greece Pushbacks, Border Violations, and the Accountability Fight (2020-2026)","Greece/00-00-2020/Greece Pushbacks, Border Violations, and the Accountability Fight (2020-2026)",greece_2020_pushbacks_border_rights,"Greece: Pushbacks, Border Violations, and the Accountability Fight (2020-2026)","Ελλάδα: Pushbacks, παραβιάσεις στα σύνορα και η μάχη για λογοδοσία (2020-2026)",public trust / accountability,δημόσια εμπιστοσύνη / λογοδοσία,mixed public record; read source trail,μικτό δημόσιο αρχείο· διάβασε τις πηγές,2
Greece,00-00-2020,2020,"Greek COVID Fines and Movement Forms Enforcement, Class and Permission Culture","Greece/00-00-2020/Greek COVID Fines and Movement Forms Enforcement, Class and Permission Culture",greece_2020_greek_covid_fines_movement_forms_enforcement_class_permission_culture,"Greek COVID Fines and Movement Forms: Enforcement, Class and Permission Culture","Πρόστιμα COVID και Έντυπα Μετακίνησης: Επιβολή, Τάξη και Κουλτούρα Άδειας",pandemic controls / enforcement,έλεγχοι πανδημίας / επιβολή,documented case or documented public controversy with unresolved interpretation,τεκμηριωμένη υπόθεση ή δημόσια διαμάχη με ανοιχτή ερμηνεία,2
Greece,00-00-2020,2020,"Greek pandemic SMS permits, policing, and normalization","Greece/00-00-2020/Greek pandemic SMS permits, policing, and normalization",greece_2020_pandemic_sms_permits_policing_normalization,"Greek pandemic SMS permits, policing, and normalization","Greek pandemic SMS permits, policing, and normalization",public health / movement control,public health / movement control,mixed public record; read source trail,μικτό δημόσιο αρχείο· διάβασε τις πηγές,2
Greece,00-00-2021,2021,Dimitris Lignadis case and cultural power networks,Greece/00-00-2021/Dimitris Lignadis case and cultural power networks,greece_2021_dimitris_lignadis_cultural_power_networks,Dimitris Lignadis case and cultural power networks,Dimitris Lignadis case and cultural power networks,abuse / elite protection,abuse / elite protection,documented criminal case and public debate,documented criminal case and public debate,2
Greece,00-00-2021,2021,"Evia wildfires, state response, climate failure and rural abandonment (2021)","Greece/00-00-2021/Evia wildfires, state response, climate failure and rural abandonment (2021)",greece_2021_evia_wildfires_state_response_climate_failure_rural_abandonment,"Evia wildfires, state response, climate failure and rural abandonment (2021)","Πυρκαγιές Εύβοιας, κρατική αντίδραση, κλιματική αποτυχία και εγκατάλειψη υπαίθρου (2021)","Corruption, capture and public money",δημόσια εμπιστοσύνη / λογοδοσία,documented/partly documented public record; disputed parts are labelled as disputed,μικτό δημόσιο αρχείο· διάβασε τις πηγές,2
Greece,00-00-2021,2021,Giorgos Karaivaz assassination and press-freedom wound,Greece/00-00-2021/Giorgos Karaivaz assassination and press-freedom wound,greece_2021_giorgos_karaivaz_assassination_and_press_freedom_wound,Giorgos Karaivaz assassination and press-freedom wound,Δολοφονία Γιώργου Καραϊβάζ και πληγή στην ελευθερία του Τύπου,journalist killing / organized crime / impunity,δολοφονία δημοσιογράφου / οργανωμένο έγκλημα / ατιμωρησία,documented murder; accountability disputed,τεκμηριωμένη δολοφονία· η λογοδοσία αμφισβητείται,2
Greece,00-00-2021,2021,"GREECE Closed Controlled Camps, Cash Assistance Interruptions, and the Hardening of Asyl","Greece/00-00-2021/GREECE Closed Controlled Camps, Cash Assistance Interruptions, and the Hardening of Asyl",greece_2021_closed_controlled_camps_asylum_control,"GREECE: Closed Controlled Camps, Cash Assistance Interruptions, and the Hardening of Asylum Control (2021-2026)","ΕΛΛΑΔΑ: Κλειστές ελεγχόμενες δομές, διακοπές οικονομικής ενίσχυσης και σκλήρυνση του ελέγχου ασύλου (2021-2026)",public trust / accountability,δημόσια εμπιστοσύνη / λογοδοσία,mixed public record; read source trail,μικτό δημόσιο αρχείο· διάβασε τις πηγές,2
Greece,00-00-2021,2021,"GREECE GIORGOS KARAIVAZ, JOURNALIST MURDER, AND THE IMPUNITY PROBLEM (2021-2026)","Greece/00-00-2021/GREECE GIORGOS KARAIVAZ, JOURNALIST MURDER, AND THE IMPUNITY PROBLEM (2021-2026)",greece_2021_karaivaz_assassination_impunity,"GREECE: GIORGOS KARAIVAZ, JOURNALIST MURDER, AND THE IMPUNITY PROBLEM (2021-2026)","ΕΛΛΑΔΑ: ΓΙΩΡΓΟΣ ΚΑΡΑΪΒΑΖ, ΔΟΛΟΦΟΝΙΑ ΔΗΜΟΣΙΟΓΡΑΦΟΥ ΚΑΙ ΤΟ ΠΡΟΒΛΗΜΑ ΤΗΣ ΑΤΙΜΩΡΗΣΙΑΣ (2021-2026)",public trust / accountability,δημόσια εμπιστοσύνη / λογοδοσία,mixed public record; read source trail,μικτό δημόσιο αρχείο· διάβασε τις πηγές,2
Greece,00-00-2021,2021,Karaivaz assassination and journalist safety,Greece/00-00-2021/Karaivaz assassination and journalist safety,greece_2021_karaivaz_assassination_journalist_safety,Karaivaz assassination and journalist safety,Karaivaz assassination and journalist safety,press freedom / organized crime,press freedom / organized crime,μικτό: τεκμηριωμένο γεγονός με αμφισβητούμενες πολιτικές ερμηνείες,μικτό: τεκμηριωμένο γεγονός με αμφισβητούμενες πολιτικές ερμηνείες,2
Greece,00-00-2021,2021,"Nea Smyrni police violence, protests and public-order narratives (2021)","Greece/00-00-2021/Nea Smyrni police violence, protests and public-order narratives (2021)",greece_2021_nea_smyrni_police_violence_protests_order_narratives,"Nea Smyrni police violence, protests and public-order narratives (2021)","Νέα Σμύρνη, αστυνομική βία, διαδηλώσεις και αφηγήσεις δημόσιας τάξης (2021)","Policing, force and institutional accountability",δημόσια εμπιστοσύνη / λογοδοσία,documented/partly documented public record; disputed parts are labelled as disputed,μικτό δημόσιο αρχείο· διάβασε τις πηγές,2
Greece,00-00-2021,2021,"Nea Smyrni police violence, public-order panic, and backlash","Greece/00-00-2021/Nea Smyrni police violence, public-order panic, and backlash",greece_2021_nea_smyrni_police_violence_public_order_backlash,"Nea Smyrni police violence, public-order panic, and backlash","Νέα Σμύρνη, αστυνομική βία, πανικός δημόσιας τάξης και αντίδραση",policing / protest / pandemic restrictions,αστυνόμευση / διαμαρτυρία / περιορισμοί πανδημίας,documented public incident with contested protest and policing narratives,τεκμηριωμένο δημόσιο περιστατικό με αμφισβητούμενες αφηγήσεις διαμαρτυρίας και αστυνόμευσης,2
Greece,00-00-2021,2021,Novartis scandal political-judicial battle,Greece/00-00-2021/Novartis scandal political-judicial battle,greece_2021_novartis_scandal_political_judicial_battle,Novartis scandal political-judicial battle,Novartis και πολιτικοδικαστική μάχη,pharma / corruption allegation,φαρμακευτική / καταγγελία διαφθοράς,documented or historically established event; details vary by source,τεκμηριωμένο ή ιστορικά καθιερωμένο γεγονός· οι λεπτομέρειες διαφέρουν ανά πηγή,2
Greece,00-00-2021,2021,"Vaccination Certificates in Greece Public Health, Work Access and Social Division","Greece/00-00-2021/Vaccination Certificates in Greece Public Health, Work Access and Social Division",greece_2021_vaccination_certificates_in_greece_health_work_access_social_division,"Vaccination Certificates in Greece: Public Health, Work Access and Social Division","Πιστοποιητικά Εμβολιασμού στην Ελλάδα: Υγεία, Εργασία και Κοινωνικός Διχασμός",public health policy / civil liberties,πολιτική υγείας / πολιτικές ελευθερίες,documented case or documented public controversy with unresolved interpretation,τεκμηριωμένη υπόθεση ή δημόσια διαμάχη με ανοιχτή ερμηνεία,2
Greece,00-00-2022,2022,"Ark of the World Charity Scandal Children, Donations and Oversight Failure","Greece/00-00-2022/Ark of the World Charity Scandal Children, Donations and Oversight Failure",greece_2022_ark_world_charity_scandal_children_donations_oversight_failure,"Ark of the World Charity Scandal: Children, Donations and Oversight Failure","Κιβωτός του Κόσμου: Παιδιά, Δωρεές και Αποτυχία Ελέγχου",child protection / charity oversight,προστασία παιδιών / έλεγχος ΜΚΟ,documented case or documented public controversy with unresolved interpretation,τεκμηριωμένη υπόθεση ή δημόσια διαμάχη με ανοιχτή ερμηνεία,2
Greece,00-00-2022,2022,"GREECE Personal Number, Biometric IDs, and the State Digital Layer (2022-2026)","Greece/00-00-2022/GREECE Personal Number, Biometric IDs, and the State Digital Layer (2022-2026)",greece_2022_personal_number_biometric_ids_gov_wallet,"GREECE: Personal Number, Biometric IDs, and the State Digital Layer (2022-2026)","ΕΛΛΑΔΑ: Προσωπικός Αριθμός, βιομετρικές ταυτότητες και το κρατικό ψηφιακό στρώμα (2022-2026)",public trust / accountability,δημόσια εμπιστοσύνη / λογοδοσία,mixed public record; read source trail,μικτό δημόσιο αρχείο· διάβασε τις πηγές,2
Greece,00-00-2022,2022,Greece Surveillance Reforms After Predatorgate (2022-2026),Greece/00-00-2022/Greece Surveillance Reforms After Predatorgate (2022-2026),greece_2022_surveillance_reforms_after_predator,Greece: Surveillance Reforms After Predatorgate (2022-2026),Ελλάδα: Μεταρρυθμίσεις επιτήρησης μετά το Predatorgate (2022-2026),public trust / accountability,δημόσια εμπιστοσύνη / λογοδοσία,mixed public record; read source trail,μικτό δημόσιο αρχείο· διάβασε τις πηγές,2
Greece,00-00-2022,2022,"Kolonos abuse case, child protection, and institutional failure","Greece/00-00-2022/Kolonos abuse case, child protection, and institutional failure",greece_2022_kolonos_abuse_case_child_protection_institutional_failure,"Kolonos abuse case, child protection, and institutional failure","Υπόθεση Κολωνού, προστασία παιδιού και θεσμική αποτυχία",child protection / abuse / justice process,προστασία παιδιού / κακοποίηση / δικαστική διαδικασία,documented criminal case with due-process limits and public controversy,τεκμηριωμένη ποινική υπόθεση με όρια δίκαιης διαδικασίας και δημόσια διαμάχη,2
Greece,00-00-2022,2022,Pispirigou child deaths media trial problem,Greece/00-00-2022/Pispirigou child deaths media trial problem,greece_2022_pispirigou_child_deaths_media_trial_problem,Pispirigou child deaths media trial problem,Pispirigou child deaths media trial problem,crime / media ethics,crime / media ethics,documented criminal case with media controversy,documented criminal case with media controversy,2
Greece,00-00-2022,2022,Predatorgate institutional reform gap,Greece/00-00-2022/Predatorgate institutional reform gap,greece_2022_predatorgate_institutional_reform_gap,Predatorgate institutional reform gap,Predatorgate institutional reform gap,spyware / rule of law,spyware / rule of law,μικτό: τεκμηριωμένο γεγονός με αμφισβητούμενες πολιτικές ερμηνείες,μικτό: τεκμηριωμένο γεγονός με αμφισβητούμενες πολιτικές ερμηνείες,2
Greece,00-00-2022,2022,Predatorgate spyware and state trust,Greece/00-00-2022/Predatorgate spyware and state trust,greece_2022_predatorgate_spyware_state,Predatorgate spyware and state trust,Predatorgate spyware and state trust,surveillance / spyware,surveillance / spyware,mixed public record; read source trail,μικτό δημόσιο αρχείο· διάβασε τις πηγές,6
Greece,00-00-2023,2023,"ADAE pressure, surveillance oversight, and rule-of-law trust","Greece/00-00-2023/ADAE pressure, surveillance oversight, and rule-of-law trust",greece_2023_eavesdropping_adae_authority_pressure_rule_of_law,"ADAE pressure, surveillance oversight, and rule-of-law trust","Πίεση στην ΑΔΑΕ, εποπτεία παρακολουθήσεων και εμπιστοσύνη στο κράτος δικαίου",surveillance oversight / independent authorities,εποπτεία παρακολουθήσεων / ανεξάρτητες αρχές,documented public controversy around oversight and institutional pressure,τεκμηριωμένη δημόσια διαμάχη γύρω από εποπτεία και θεσμική πίεση,2
Greece,00-00-2023,2023,"Evros wildfire, border blame, and climate-governance failure","Greece/00-00-2023/Evros wildfire, border blame, and climate-governance failure",greece_2023_evros_wildfire_border_blame_and_climate_failure,"Evros wildfire, border blame, and climate-governance failure","Πυρκαγιά Έβρου, ενοχοποίηση συνόρων και αποτυχία κλιματικής διακυβέρνησης",wildfire / borders / climate governance,πυρκαγιά / σύνορα / κλιματική διακυβέρνηση,documented wildfire disaster with contested blame narratives,τεκμηριωμένη πυρκαγιά με αμφισβητούμενες αφηγήσεις ευθύνης,2
Greece,00-00-2023,2023,Greece 15 Minute Cities Smart Cities And Control Fears 2023 2026,Greece/00-00-2023/Greece 15 Minute Cities Smart Cities And Control Fears 2023 2026,greece_2023_15_minute_cities_smart_cities_control_fears,Greece 15 Minute Cities Smart Cities And Control Fears 2023 2026,Ελλαδα 15 Minute Cities Smart Cities Και Φοβοι Ελεγχου 2023 2026,public trust / accountability,δημόσια εμπιστοσύνη / λογοδοσία,mixed public record; read source trail,μικτό δημόσιο αρχείο· διάβασε τις πηγές,2
Greece,00-00-2023,2023,"GREECE — TEMPI TRAIN CRASH, SAFETY FAILURES, AND ACCOUNTABILITY (2023–2026)","Greece/00-00-2023/GREECE — TEMPI TRAIN CRASH, SAFETY FAILURES, AND ACCOUNTABILITY (2023–2026)",greece_2023_tempi_train_crash_safety_failures_accountability,"GREECE — TEMPI: TRAIN CRASH, SAFETY FAILURES, AND ACCOUNTABILITY (2023–2026)","ΕΛΛΆΔΑ — ΤΈΜΠΗ: ΣΙΔΗΡΟΔΡΟΜΙΚΌ ΔΥΣΤΎΧΗΜΑ, ΑΠΟΤΥΧΊΕΣ ΑΣΦΆΛΕΙΑΣ ΚΑΙ ΛΟΓΟΔΟΣΊΑ (2023–2026)",public trust / accountability,δημόσια εμπιστοσύνη / λογοδοσία,mixed public record; read source trail,μικτό δημόσιο αρχείο· διάβασε τις πηγές,4
Greece,00-00-2023,2023,"Greece Pylos Shipwreck, Coast Guard Accountability, and the Investigation Fight (2023-20","Greece/00-00-2023/Greece Pylos Shipwreck, Coast Guard Accountability, and the Investigation Fight (2023-20",greece_2023_pylos_shipwreck_accountability,"Greece: Pylos Shipwreck, Coast Guard Accountability, and the Investigation Fight (2023-2026)","Ελλάδα: Ναυάγιο της Πύλου, Ευθύνες Λιμενικού και Μάχη για τη Λογοδοσία (2023-2026)",public trust / accountability,δημόσια εμπιστοσύνη / λογοδοσία,mixed public record; read source trail,μικτό δημόσιο αρχείο· διάβασε τις πηγές,4
Greece,00-00-2023,2023,"Greece Spartans, Kasidiaris, and the Attempted Post-Golden-Dawn Political Workaround (20","Greece/00-00-2023/Greece Spartans, Kasidiaris, and the Attempted Post-Golden-Dawn Political Workaround (20",greece_2023_spartans_golden_dawn_bypass,"Greece: Spartans, Kasidiaris, and the Attempted Post-Golden-Dawn Political Workaround (2023-2025)","Ελλάδα: Spartans, Κασιδιάρης και η Απόπειρα Παράκαμψης της Απαγόρευσης της Golden Dawn (2023-2025)",public trust / accountability,δημόσια εμπιστοσύνη / λογοδοσία,mixed public record; read source trail,μικτό δημόσιο αρχείο· διάβασε τις πηγές,2
Greece,00-00-2023,2023,"GREECE SPORTS VIOLENCE, CRIMINAL NETWORKS, AND THE STATE RESPONSE (2023-2025)","Greece/00-00-2023/GREECE SPORTS VIOLENCE, CRIMINAL NETWORKS, AND THE STATE RESPONSE (2023-2025)",greece_2023_sports_violence_crime_networks_state_response,"GREECE: SPORTS VIOLENCE, CRIMINAL NETWORKS, AND THE STATE RESPONSE (2023-2025)","ΕΛΛΑΔΑ: ΟΠΑΔΙΚΗ ΒΙΑ, ΕΓΚΛΗΜΑΤΙΚΑ ΔΙΚΤΥΑ ΚΑΙ Η ΚΡΑΤΙΚΗ ΑΝΤΙΔΡΑΣΗ (2023-2025)",public trust / accountability,δημόσια εμπιστοσύνη / λογοδοσία,mixed public record; read source trail,μικτό δημόσιο αρχείο· διάβασε τις πηγές,2
Greece,00-00-2023,2023,"Greece youth violence, bullying, digital addiction, and the search for control tools (2023-2026)","Greece/00-00-2023/Greece youth violence, bullying, digital addiction, and the search for control tools (2023-2026)",greece_2023_youth_violence_bullying_stabbings,"GREECE: YOUTH VIOLENCE, BULLYING, DIGITAL ADDICTION, AND THE SEARCH FOR CONTROL TOOLS (2023-2026)","ΕΛΛΑΔΑ: ΝΕΑΝΙΚΗ ΒΙΑ, BULLYING, ΨΗΦΙΑΚΟΣ ΕΘΙΣΜΟΣ ΚΑΙ Η ΑΝΑΖΗΤΗΣΗ ΕΡΓΑΛΕΙΩΝ ΕΛΕΓΧΟΥ (2023-2026)",public trust / accountability,δημόσια εμπιστοσύνη / λογοδοσία,mixed public record; read source trail,μικτό δημόσιο αρχείο· διάβασε τις πηγές,2
Greece,00-00-2023,2023,"Nea Anchialos Ammunition Blasts Wildfires, Military Storage and Civil Protection Failure","Greece/00-00-2023/Nea Anchialos Ammunition Blasts Wildfires, Military Storage and Civil Protection Failure",greece_2023_nea_anchialos_ammunition_blasts_wildfires_military_storage_civil_prote,"Nea Anchialos Ammunition Blasts: Wildfires, Military Storage and Civil Protection Failure","Εκρήξεις Νέας Αγχιάλου: Πυρκαγιές, Πυρομαχικά και Πολιτική Προστασία",military safety / wildfires,στρατιωτική ασφάλεια / πυρκαγιές,documented case or documented public controversy with unresolved interpretation,τεκμηριωμένη υπόθεση ή δημόσια διαμάχη με ανοιχτή ερμηνεία,2
Greece,00-00-2023,2023,"Pylos shipwreck, rescue duty, and evidence gaps — PROOF DOSSIER","Greece/00-00-2023/Pylos shipwreck, rescue duty, and evidence gaps — PROOF DOSSIER",greece_2023_pylos_shipwreck_rescue_duty_evidence_gaps,"Pylos shipwreck, rescue duty, and evidence gaps — PROOF DOSSIER","Ναυάγιο της Πύλου, υποχρέωση διάσωσης και κενά τεκμηρίωσης — ΦΑΚΕΛΟΣ ΑΠΟΔΕΙΞΕΩΝ",migration / maritime disaster,μετανάστευση / ναυτική καταστροφή,mixed public record; read source trail,μικτό δημόσιο αρχείο· διάβασε τις πηγές,2
Greece,00-00-2023,2023,Sports fan violence and organized crime networks,Greece/00-00-2023/Sports fan violence and organized crime networks,greece_2023_sports_fan_violence_organized_crime_networks,Sports fan violence and organized crime networks,Sports fan violence and organized crime networks,public safety / mafia,public safety / mafia,μικτό: τεκμηριωμένο γεγονός με αμφισβητούμενες πολιτικές ερμηνείες,μικτό: τεκμηριωμένο γεγονός με αμφισβητούμενες πολιτικές ερμηνείες,2
Greece,00-00-2023,2023,Storm Daniel Thessaly floods and infrastructure collapse,Greece/00-00-2023/Storm Daniel Thessaly floods and infrastructure collapse,greece_2023_storm_daniel_thessaly_floods_infrastructure_collapse,Storm Daniel Thessaly floods and infrastructure collapse,Storm Daniel Thessaly floods and infrastructure collapse,disaster governance / climate,disaster governance / climate,μικτό: τεκμηριωμένο γεγονός με αμφισβητούμενες πολιτικές ερμηνείες,μικτό: τεκμηριωμένο γεγονός με αμφισβητούμενες πολιτικές ερμηνείες,2
Greece,00-00-2023,2023,"Storm Daniel, Thessaly floods, infrastructure, farming and accountability (2023-2026)","Greece/00-00-2023/Storm Daniel, Thessaly floods, infrastructure, farming and accountability (2023-2026)",greece_2023_storm_daniel_thessaly_floods_infrastructure_farming_accountability,"Storm Daniel, Thessaly floods, infrastructure, farming and accountability (2023-2026)","Κακοκαιρία Daniel, πλημμύρες Θεσσαλίας, υποδομές, αγροτική ζωή και λογοδοσία (2023-2026)","Corruption, capture and public money",δημόσια εμπιστοσύνη / λογοδοσία,documented/partly documented public record; disputed parts are labelled as disputed,μικτό δημόσιο αρχείο· διάβασε τις πηγές,2
Greece,00-00-2023,2023,Tempi rail crash chain of neglected safety failures,Greece/00-00-2023/Tempi rail crash chain of neglected safety failures,greece_2023_tempi_rail_crash_chain_of_neglected_safety_failures,Tempi rail crash chain of neglected safety failures,Τέμπη: αλυσίδα παραμελημένων σιδηροδρομικών αποτυχιών,rail disaster / state failure / accountability,σιδηροδρομική τραγωδία / κρατική αποτυχία / λογοδοσία,documented disaster; trial ongoing,τεκμηριωμένη τραγωδία· η δίκη συνεχίζεται,2
Greece,00-00-2023,2023,"Tempi rail crash, system failure, and evidence battle — PROOF DOSSIER","Greece/00-00-2023/Tempi rail crash, system failure, and evidence battle — PROOF DOSSIER",greece_2023_tempi_rail_crash_system_failure_evidence_battle,"Tempi rail crash, system failure, and evidence battle — PROOF DOSSIER","Τέμπη: σιδηροδρομικό δυστύχημα, συστημική αποτυχία και μάχη αποδείξεων — ΦΑΚΕΛΟΣ ΑΠΟΔΕΙΞΕΩΝ",transport safety / state accountability,ασφάλεια μεταφορών / κρατική λογοδοσία,mixed public record; read source trail,μικτό δημόσιο αρχείο· διάβασε τις πηγές,2
Greece,00-00-2024,2024,Asimakopoulou email leak and diaspora data,Greece/00-00-2024/Asimakopoulou email leak and diaspora data,greece_2024_asimakopoulou_email_leak_diaspora_data,Asimakopoulou email leak and diaspora data,Asimakopoulou email leak and diaspora data,data protection / elections,data protection / elections,μικτό: τεκμηριωμένο γεγονός με αμφισβητούμενες πολιτικές ερμηνείες,μικτό: τεκμηριωμένο γεγονός με αμφισβητούμενες πολιτικές ερμηνείες,3
Greece,00-00-2024,2024,"Asimakopoulou email leak, data protection, elections and trust (2024)","Greece/00-00-2024/Asimakopoulou email leak, data protection, elections and trust (2024)",greece_2024_asimakopoulou_email_leak_data_protection_elections,"Asimakopoulou email leak, data protection, elections and trust (2024)","Υπόθεση email Ασημακοπούλου, προστασία δεδομένων, εκλογές και εμπιστοσύνη (2024)","Surveillance, secrecy and information control",δημόσια εμπιστοσύνη / λογοδοσία,documented/partly documented public record; disputed parts are labelled as disputed,μικτό δημόσιο αρχείο· διάβασε τις πηγές,2
Greece,00-00-2024,2024,Greece Dystopian Trends 2024-2026,Greece/00-00-2024/Greece Dystopian Trends 2024-2026,greece_2024_dystopian_trends,Greece Dystopian Trends: 2024-2026,Ελλάδα Δυστοπικές Τάσεις: 2024-2026,public trust / accountability,δημόσια εμπιστοσύνη / λογοδοσία,mixed public record; read source trail,μικτό δημόσιο αρχείο· διάβασε τις πηγές,2
Greece,00-00-2024,2024,"Greece Taxes, War Spending, and Jobs 2024-2026","Greece/00-00-2024/Greece Taxes, War Spending, and Jobs 2024-2026",greece_2024_taxes_war_jobs,"Greece Taxes, War Spending, and Jobs: 2024-2026","Ελλάδα: Φόροι, Πολεμικές Δαπάνες και Εργασία 2024-2026",public trust / accountability,δημόσια εμπιστοσύνη / λογοδοσία,mixed public record; read source trail,μικτό δημόσιο αρχείο· διάβασε τις πηγές,2
Greece,00-00-2024,2024,"Greece — Domestic violence, femicides, police response, and institutional failure (2024–","Greece/00-00-2024/Greece — Domestic violence, femicides, police response, and institutional failure (2024–",greece_2024_domestic_violence_femicides_police_response_institutional_failure,"Greece — Domestic violence, femicides, police response, and institutional failure (2024–2026)","Ελλάδα — Ενδοοικογενειακή βία, γυναικοκτονίες και θεσμική αποτυχία (2024–2026)",public trust / accountability,δημόσια εμπιστοσύνη / λογοδοσία,High that domestic violence and femicide cases triggered public scrutiny; case-by-case facts vary.,μικτό δημόσιο αρχείο· διάβασε τις πηγές,4
Greece,00-00-2024,2024,"GREECE POLICE CORRUPTION, ABUSE, AND ILL-TREATMENT WARNINGS (2024-2026)","Greece/00-00-2024/GREECE POLICE CORRUPTION, ABUSE, AND ILL-TREATMENT WARNINGS (2024-2026)",greece_2024_police_corruption_abuse_ill_treatment,"GREECE: POLICE CORRUPTION, ABUSE, AND ILL-TREATMENT WARNINGS (2024-2026)","ΕΛΛΑΔΑ: ΑΣΤΥΝΟΜΙΚΗ ΔΙΑΦΘΟΡΑ, ΚΑΚΟΜΕΤΑΧΕΙΡΙΣΗ ΚΑΙ ΠΡΟΒΛΗΜΑ ΑΤΙΜΩΡΗΣΙΑΣ (2024-2026)",public trust / accountability,δημόσια εμπιστοσύνη / λογοδοσία,mixed public record; read source trail,μικτό δημόσιο αρχείο· διάβασε τις πηγές,2
Greece,00-00-2024,2024,"GREECE PUBLIC-SECTOR BRIBERY, PERMIT NETWORKS, AND THE PERSISTENCE OF CLIENTELISM (2024-","Greece/00-00-2024/GREECE PUBLIC-SECTOR BRIBERY, PERMIT NETWORKS, AND THE PERSISTENCE OF CLIENTELISM (2024-",greece_2024_sector_bribery_permit_networks,"GREECE: PUBLIC-SECTOR BRIBERY, PERMIT NETWORKS, AND THE PERSISTENCE OF CLIENTELISM (2024-2026)","ΕΛΛΑΔΑ: ΔΙΑΦΘΟΡΑ ΣΤΟΝ ΔΗΜΟΣΙΟ ΤΟΜΕΑ, ΔΙΚΤΥΑ ΑΔΕΙΩΝ ΚΑΙ ΕΠΙΜΟΝΗ ΤΟΥ ΠΕΛΑΤΕΙΑΚΟΥ ΣΥΣΤΗΜΑΤΟΣ (2024-2026)",public trust / accountability,δημόσια εμπιστοσύνη / λογοδοσία,mixed public record; read source trail,μικτό δημόσιο αρχείο· διάβασε τις πηγές,3
Greece,00-00-2024,2024,"GREECE SOCIAL-MEDIA BAN FOR UNDER-15s, DIGITAL AGE CHECKS, AND THE CHILD-CONTROL DEBATE","Greece/00-00-2024/GREECE SOCIAL-MEDIA BAN FOR UNDER-15s, DIGITAL AGE CHECKS, AND THE CHILD-CONTROL DEBATE",greece_2024_social_media_ban_child_control_digital_age_verification,"GREECE: SOCIAL-MEDIA BAN FOR UNDER-15s, DIGITAL AGE CHECKS, AND THE CHILD-CONTROL DEBATE (2024-2027)","ΕΛΛΑΔΑ: BAN ΣΤΑ SOCIAL MEDIA ΚΑΤΩ ΤΩΝ 15, ΗΛΙΚΙΑΚΟΣ ΕΛΕΓΧΟΣ ΚΑΙ Η ΣΥΖΗΤΗΣΗ ΓΙΑ ΨΗΦΙΑΚΗ ΕΠΙΤΗΡΗΣΗ ΠΑΙΔΙΩΝ (2024-2027)",public trust / accountability,δημόσια εμπιστοσύνη / λογοδοσία,mixed public record; read source trail,μικτό δημόσιο αρχείο· διάβασε τις πηγές,2
Greece,00-00-2024,2024,Kyriaki Griva murder outside police station,Greece/00-00-2024/Kyriaki Griva murder outside police station,greece_2024_kyriaki_griva_murder_outside_police_station,Kyriaki Griva murder outside police station,Δολοφονία Κυριακής Γρίβα έξω από αστυνομικό τμήμα,femicide / institutional failure,γυναικοκτονία / θεσμική αποτυχία,μικτό: τεκμηριωμένο γεγονός με αμφισβητούμενες πολιτικές ερμηνείες,μικτό: τεκμηριωμένο γεγονός με αμφισβητούμενες πολιτικές ερμηνείες,3
Greece,00-00-2024,2024,"Kyriaki Griva, police-station femicide, response failure and institutional shock (2024)","Greece/00-00-2024/Kyriaki Griva, police-station femicide, response failure and institutional shock (2024)",greece_2024_kyriaki_griva_police_station_femicide_response_failure_institutional_s,"Kyriaki Griva, police-station femicide, response failure and institutional shock (2024)","Κυριακή Γρίβα, γυναικοκτονία έξω από ΑΤ, αποτυχία αντίδρασης και θεσμικό σοκ (2024)","Policing, force and institutional accountability",δημόσια εμπιστοσύνη / λογοδοσία,documented/partly documented public record; disputed parts are labelled as disputed,μικτό δημόσιο αρχείο· διάβασε τις πηγές,2
Greece,00-00-2024,2024,Postal-vote email leak and electoral data-protection trust,Greece/00-00-2024/Postal-vote email leak and electoral data-protection trust,greece_2024_postal_vote_email_leak_data_protection_trust,Postal-vote email leak and electoral data-protection trust,Διαρροή email επιστολικής ψήφου και εμπιστοσύνη στα εκλογικά δεδομένα,data protection / elections / party access,προστασία δεδομένων / εκλογές / κομματική πρόσβαση,documented data-protection scandal with official investigation,τεκμηριωμένο σκάνδαλο δεδομένων με επίσημη έρευνα,2
Greece,00-00-2025,2025,ECHR Greece pushback rulings and border accountability,Greece/00-00-2025/ECHR Greece pushback rulings and border accountability,greece_2025_echr_greece_pushback_rulings_border_accountability,ECHR Greece pushback rulings and border accountability,ECHR Greece pushback rulings and border accountability,human rights / borders,human rights / borders,mixed public record; read source trail,μικτό δημόσιο αρχείο· διάβασε τις πηγές,2
Greece,00-00-2025,2025,Greece Digital Id Personal Number Kids Wallet And Age Verification 2022 2026,Greece/00-00-2025/Greece Digital Id Personal Number Kids Wallet And Age Verification 2022 2026,greece_2025_digital_id_personal_number_kids_wallet_age_verification,Greece Digital Id Personal Number Kids Wallet And Age Verification 2022 2026,Ελλαδα Ψηφιακη Ταυτοτητα Προσωπικος Αριθμος Kids Wallet Και Age Verification 2022 2026,public trust / accountability,δημόσια εμπιστοσύνη / λογοδοσία,mixed public record; read source trail,μικτό δημόσιο αρχείο· διάβασε τις πηγές,2
Greece,00-00-2025,2025,"GREECE — KIDS WALLET DIGITAL AGE VERIFICATION, CHILD SAFETY, AND IDENTITY INFRASTRUCTURE","Greece/00-00-2025/GREECE — KIDS WALLET DIGITAL AGE VERIFICATION, CHILD SAFETY, AND IDENTITY INFRASTRUCTURE",greece_2025_kids_wallet_digital_age_verification_child_safety_id_infrastructure,"GREECE — KIDS WALLET: DIGITAL AGE VERIFICATION, CHILD SAFETY, AND IDENTITY INFRASTRUCTURE (2025–2026)","ΕΛΛΆΔΑ — KIDS WALLET: ΨΗΦΙΑΚΉ ΕΠΙΒΕΒΑΊΩΣΗ ΗΛΙΚΊΑΣ, ΠΑΙΔΙΚΉ ΑΣΦΆΛΕΙΑ ΚΑΙ ΥΠΟΔΟΜΉ ΤΑΥΤΌΤΗΤΑΣ (2025–2026)",public trust / accountability,δημόσια εμπιστοσύνη / λογοδοσία,mixed public record; read source trail,μικτό δημόσιο αρχείο· διάβασε τις πηγές,4
Greece,00-00-2025,2025,"Greece — OPEKEPE second wave, parliamentary immunity, and the agricultural subsidy machi","Greece/00-00-2025/Greece — OPEKEPE second wave, parliamentary immunity, and the agricultural subsidy machi",greece_2025_opekepe_second_wave_parliament_immunity_agricultural_subsidy_machine,"Greece — OPEKEPE second wave, parliamentary immunity, and the agricultural subsidy machine (2025–2026)","Ελλάδα — ΟΠΕΚΕΠΕ, ασυλίες και μηχανή αγροτικών επιδοτήσεων (2025–2026)",public trust / accountability,δημόσια εμπιστοσύνη / λογοδοσία,High for EPPO investigation steps and public resignations; allegations remain legally unresolved for specific persons until courts decide.,μικτό δημόσιο αρχείο· διάβασε τις πηγές,4
Greece,00-00-2025,2025,"Hellenic Train Office Bombing Public Rage, Rail Trauma and Security Spiral","Greece/00-00-2025/Hellenic Train Office Bombing Public Rage, Rail Trauma and Security Spiral",greece_2025_hellenic_train_office_bombing_rage_rail_trauma_security_spiral,"Hellenic Train Office Bombing: Public Rage, Rail Trauma and Security Spiral","Βόμβα στα Γραφεία Hellenic Train: Οργή, Τραύμα Σιδηροδρόμων και Σπείρα Ασφάλειας",political violence / rail disaster aftermath,πολιτική βία / μετά το σιδηροδρομικό τραύμα,documented case or documented public controversy with unresolved interpretation,τεκμηριωμένη υπόθεση ή δημόσια διαμάχη με ανοιχτή ερμηνεία,2
Greece,00-00-2025,2025,"Kids Wallet, digital identity, and child-protection debate","Greece/00-00-2025/Kids Wallet, digital identity, and child-protection debate",greece_2025_kids_wallet_digital_identity_child_protection_debate,"Kids Wallet, digital identity, and child-protection debate","Kids Wallet, digital identity, and child-protection debate",digital ID / child safety,digital ID / child safety,mixed public record; read source trail,μικτό δημόσιο αρχείο· διάβασε τις πηγές,2
Greece,00-00-2025,2025,OPEKEPE agricultural subsidy fraud escalation,Greece/00-00-2025/OPEKEPE agricultural subsidy fraud escalation,greece_2025_opekepe_agricultural_subsidy_fraud_escalation,OPEKEPE agricultural subsidy fraud escalation,Κλιμάκωση σκανδάλου αγροτικών επιδοτήσεων ΟΠΕΚΕΠΕ,EU funds / corruption,ευρωπαϊκά κονδύλια / διαφθορά,documented or historically established event; details vary by source,τεκμηριωμένο ή ιστορικά καθιερωμένο γεγονός· οι λεπτομέρειες διαφέρουν ανά πηγή,2
Greece,00-00-2025,2025,OPEKEPE EU subsidy-fraud networks,Greece/00-00-2025/OPEKEPE EU subsidy-fraud networks,greece_2025_opekepe_eu_subsidy_fraud_networks,OPEKEPE EU subsidy-fraud networks,ΟΠΕΚΕΠΕ και δίκτυα απάτης ευρωπαϊκών επιδοτήσεων,agricultural funds / corruption,αγροτικές επιδοτήσεις / διαφθορά,mixed public record; read source trail,μικτό δημόσιο αρχείο· διάβασε τις πηγές,2
Greece,00-00-2025,2025,OPEKEPE farmer protests and subsidy hole,Greece/00-00-2025/OPEKEPE farmer protests and subsidy hole,greece_2025_opekepe_farmer_protests_subsidy_hole,OPEKEPE farmer protests and subsidy hole,OPEKEPE farmer protests and subsidy hole,EU funds / corruption fallout,EU funds / corruption fallout,documented current scandal,documented current scandal,2
Greece,00-00-2025,2025,"OPEKEPE Resignations and EU Fine Subsidies, Parliament and Political Cost","Greece/00-00-2025/OPEKEPE Resignations and EU Fine Subsidies, Parliament and Political Cost",greece_2025_opekepe_resignations_eu_fine_subsidies_parliament_political_cost,"OPEKEPE Resignations and EU Fine: Subsidies, Parliament and Political Cost","ΟΠΕΚΕΠΕ Παραιτήσεις και Πρόστιμο ΕΕ: Επιδοτήσεις, Βουλή και Πολιτικό Κόστος",EU funds / political corruption,ευρωπαϊκά κονδύλια / πολιτική διαφθορά,documented case or documented public controversy with unresolved interpretation,τεκμηριωμένη υπόθεση ή δημόσια διαμάχη με ανοιχτή ερμηνεία,2
Greece,00-00-2025,2025,Personal Number digital ID anxiety and state modernization,Greece/00-00-2025/Personal Number digital ID anxiety and state modernization,greece_2025_personal_number_digital_id_anxiety_state_modernization,Personal Number digital ID anxiety and state modernization,Personal Number digital ID anxiety and state modernization,digital identity / trust,digital identity / trust,μικτό: τεκμηριωμένο γεγονός με αμφισβητούμενες πολιτικές ερμηνείες,μικτό: τεκμηριωμένο γεγονός με αμφισβητούμενες πολιτικές ερμηνείες,2
Greece,00-00-2026,2026,Greece Children Social Media Age Bans And Digital Parental Control 2024 2026,Greece/00-00-2026/Greece Children Social Media Age Bans And Digital Parental Control 2024 2026,greece_2026_children_social_media_age_bans_digital_parental_control,Greece Children Social Media Age Bans And Digital Parental Control 2024 2026,Ελλαδα Παιδια Social Media Age Bans Και Ψηφιακος Γονικος Ελεγχος 2024 2026,public trust / accountability,δημόσια εμπιστοσύνη / λογοδοσία,mixed public record; read source trail,μικτό δημόσιο αρχείο· διάβασε τις πηγές,2
Greece,00-00-2026,2026,"Greece — Tempi third year, trial memory, protest, and accountability (2026)","Greece/00-00-2026/Greece — Tempi third year, trial memory, protest, and accountability (2026)",greece_2026_tempi_third_year_trial_memory_protest_accountability,"Greece — Tempi third year, trial memory, protest, and accountability (2026)","Ελλάδα — Τέμπη, τρίτος χρόνος, δίκη, μνήμη και λογοδοσία (2026)",public trust / accountability,δημόσια εμπιστοσύνη / λογοδοσία,High for crash/deaths/inquiry findings/protests; legal responsibility still subject to proceedings.,μικτό δημόσιο αρχείο· διάβασε τις πηγές,4
Greece,00-00-2026,2026,Greek Social Media Age Gate and Kids Wallet Debate Child Protection or Digital Gatekeepi,Greece/00-00-2026/Greek Social Media Age Gate and Kids Wallet Debate Child Protection or Digital Gatekeepi,greece_2026_greek_social_media_age_gate_kids_wallet_debate_child_protection_or_dig,Greek Social Media Age Gate and Kids Wallet Debate: Child Protection or Digital Gatekeeping,Greek Social Media Age Gate και Kids Wallet: Προστασία Παιδιών ή Ψηφιακή Πύλη;,digital ID / children / platform control,ψηφιακή ταυτότητα / παιδιά / έλεγχος πλατφορμών,documented case or documented public controversy with unresolved interpretation,τεκμηριωμένη υπόθεση ή δημόσια διαμάχη με ανοιχτή ερμηνεία,2
Greece,00-00-2026,2026,OPEKEPE immunity requests and parliamentary accountability,Greece/00-00-2026/OPEKEPE immunity requests and parliamentary accountability,greece_2026_opekepe_immunity_requests_parliamentary_accountability,OPEKEPE immunity requests and parliamentary accountability,OPEKEPE immunity requests and parliamentary accountability,corruption / political accountability,corruption / political accountability,mixed public record; read source trail,μικτό δημόσιο αρχείο· διάβασε τις πηγές,2
Greece,00-00-2026,2026,Tempi trial opening and accountability battle,Greece/00-00-2026/Tempi trial opening and accountability battle,greece_2026_tempi_trial_opening_and_accountability_battle,Tempi trial opening and accountability battle,Άνοιγμα δίκης Τεμπών και μάχη λογοδοσίας,rail disaster trial / accountability,δίκη σιδηροδρομικής τραγωδίας / λογοδοσία,documented or historically established event; details vary by source,τεκμηριωμένο ή ιστορικά καθιερωμένο γεγονός· οι λεπτομέρειες διαφέρουν ανά πηγή,2
Greece,00-00-2026,2026,"Tempi Trial Opening 350 Witnesses, No Politicians in Dock and Accountability Gap","Greece/00-00-2026/Tempi Trial Opening 350 Witnesses, No Politicians in Dock and Accountability Gap",greece_2026_tempi_trial_opening_350_witnesses_no_politicians_in_dock_accountabilit,"Tempi Trial Opening: 350 Witnesses, No Politicians in Dock and Accountability Gap","Έναρξη Δίκης Τεμπών: 350 Μάρτυρες, Κανένας Πολιτικός στο εδώλιο και Κενό Λογοδοσίας",transport disaster / trial / political responsibility,σιδηροδρομικό δυστύχημα / δίκη / πολιτική ευθύνη,documented case or documented public controversy with unresolved interpretation,τεκμηριωμένη υπόθεση ή δημόσια διαμάχη με ανοιχτή ερμηνεία,3
USA,00-00-1830,1830,Trail of Tears and federal forced-removal policy,USA/00-00-1830/Trail of Tears and federal forced-removal policy,usa_1830_trail_tears_forced_removal,Trail of Tears and federal forced-removal policy,Το Μονοπάτι των Δακρύων και η ομοσπονδιακή πολιτική αναγκαστικής απομάκρυνσης,state violence / land policy,κρατική βία / πολιτική γης,mixed public record; read source trail,μικτό δημόσιο αρχείο· διάβασε τις πηγές,2
USA,00-00-1879,1879,Indian boarding schools and forced assimilation,USA/00-00-1879/Indian boarding schools and forced assimilation,usa_1879_indian_boarding_schools_assimilation_system,Indian boarding schools and forced assimilation,Ινδιάνικα οικοτροφεία και αναγκαστική αφομοίωση,education / cultural destruction,εκπαίδευση / πολιτισμική καταστροφή,mixed public record; read source trail,μικτό δημόσιο αρχείο· διάβασε τις πηγές,2
USA,00-00-1882,1882,Chinese Exclusion Act enforcement and identity surveillance,USA/00-00-1882/Chinese Exclusion Act enforcement and identity surveillance,usa_1882_chinese_exclusion_act_identity_surveillance,Chinese Exclusion Act enforcement and identity surveillance,Chinese Exclusion Act enforcement and identity surveillance,immigration / racial law,immigration / racial law,mixed public record; read source trail,μικτό δημόσιο αρχείο· διάβασε τις πηγές,2
USA,00-00-1890,1890,Wounded Knee Massacre,USA/00-00-1890/Wounded Knee Massacre,usa_1890_wounded_knee_massacre,Wounded Knee Massacre,Wounded Knee Massacre,state violence / indigenous history,state violence / indigenous history,documented historical atrocity,documented historical atrocity,4
USA,00-00-1894,1894,"Pullman Strike, federal troops, and corporate labor power","USA/00-00-1894/Pullman Strike, federal troops, and corporate labor power",usa_1894_pullman_strike_federal_troops_labor_power,"Pullman Strike, federal troops, and corporate labor power","Απεργία Pullman, ομοσπονδιακός στρατός και εταιρική ισχύς εργασίας",labor conflict / federal force / corporate power,εργατική σύγκρουση / ομοσπονδιακή ισχύς / εταιρική εξουσία,documented labor conflict and federal intervention,τεκμηριωμένη εργατική σύγκρουση και ομοσπονδιακή επέμβαση,2
USA,00-00-1898,1898,USS Maine explosion and war fever,USA/00-00-1898/USS Maine explosion and war fever,usa_1898_uss_maine_explosion_and_war_fever,USS Maine explosion and war fever,Έκρηξη USS Maine και πολεμικός πυρετός,war trigger / media panic,αφορμή πολέμου / πανικός ΜΜΕ,documented or historically established event; details vary by source,τεκμηριωμένο ή ιστορικά καθιερωμένο γεγονός· οι λεπτομέρειες διαφέρουν ανά πηγή,2
USA,00-00-1911,1911,"Triangle Shirtwaist fire, locked exits, and labor-safety reform","USA/00-00-1911/Triangle Shirtwaist fire, locked exits, and labor-safety reform",usa_1911_triangle_shirtwaist_fire_labor_safety_corruption,"Triangle Shirtwaist fire, locked exits, and labor-safety reform","Πυρκαγιά Triangle Shirtwaist, κλειδωμένες έξοδοι και μεταρρύθμιση ασφάλειας εργασίας",labor safety / industrial disaster / regulatory reform,ασφάλεια εργασίας / βιομηχανική καταστροφή / εποπτική μεταρρύθμιση,documented industrial disaster and reform catalyst,τεκμηριωμένη βιομηχανική καταστροφή και καταλύτης μεταρρύθμισης,2
USA,00-00-1914,1914,Ludlow Massacre and company-state violence,USA/00-00-1914/Ludlow Massacre and company-state violence,usa_1914_ludlow_massacre_company_state_violence,Ludlow Massacre and company-state violence,Ludlow Massacre and company-state violence,labor violence / corporate power,labor violence / corporate power,documented historical atrocity,documented historical atrocity,2
USA,00-00-1914,1914,Ludlow Massacre and private-public labor violence,USA/00-00-1914/Ludlow Massacre and private-public labor violence,usa_1914_ludlow_massacre_labor_power,Ludlow Massacre and private-public labor violence,Σφαγή του Ludlow και ιδιωτικο-δημόσια βία κατά εργατών,labor / corporate power,εργασία / εταιρική ισχύς,mixed public record; read source trail,μικτό δημόσιο αρχείο· διάβασε τις πηγές,2
USA,00-00-1917,1917,Usa Psychological Operations Propaganda And Public Opinion Control 1917 2026,USA/00-00-1917/Usa Psychological Operations Propaganda And Public Opinion Control 1917 2026,usa_1917_psychological_operations_propaganda_opinion_control,Usa Psychological Operations Propaganda And Public Opinion Control 1917 2026,Ηπα Ψυχολογικες Επιχειρησεις Προπαγανδα Και Ελεγχος Κοινης Γνωμης 1917 2026,public trust / accountability,δημόσια εμπιστοσύνη / λογοδοσία,mixed public record; read source trail,μικτό δημόσιο αρχείο· διάβασε τις πηγές,2
USA,00-00-1918,1918,"Sedition Act, war speech, raids and the fear state (1918-1921)","USA/00-00-1918/Sedition Act, war speech, raids and the fear state (1918-1921)",usa_1918_sedition_act_war_speech_raids_free_expression,"Sedition Act, war speech, raids and the fear state (1918-1921)","Νόμος περί Στασιασμού, πολεμικός λόγος, επιδρομές και κράτος φόβου (1918-1921)","Surveillance, secrecy and information control",δημόσια εμπιστοσύνη / λογοδοσία,documented/partly documented public record; disputed parts are labelled as disputed,μικτό δημόσιο αρχείο· διάβασε τις πηγές,2
USA,00-00-1919,1919,Palmer Raids and Red Scare policing,USA/00-00-1919/Palmer Raids and Red Scare policing,usa_1919_palmer_raids_and_red_scare_policing,Palmer Raids and Red Scare policing,Επιδρομές Palmer και αστυνόμευση Red Scare,mass raids / political repression,μαζικές επιδρομές / πολιτική καταστολή,documented or historically established event; details vary by source,τεκμηριωμένο ή ιστορικά καθιερωμένο γεγονός· οι λεπτομέρειες διαφέρουν ανά πηγή,2
USA,00-00-1919,1919,Palmer Raids and the first Red Scare,USA/00-00-1919/Palmer Raids and the first Red Scare,usa_1919_palmer_raids_first_red_scare,Palmer Raids and the first Red Scare,Palmer Raids and the first Red Scare,civil liberties / surveillance,civil liberties / surveillance,documented government repression,documented government repression,2
USA,00-00-1919,1919,Red Summer racial violence and state response,USA/00-00-1919/Red Summer racial violence and state response,usa_1919_red_summer_racial_violence_state_response,Red Summer racial violence and state response,"Red Summer, φυλετική βία και αντίδραση του κράτους",racial violence / policing / civil rights,φυλετική βία / αστυνόμευση / πολιτικά δικαιώματα,documented wave of racial violence with uneven accountability,τεκμηριωμένο κύμα φυλετικής βίας με άνιση λογοδοσία,2
USA,00-00-1919,1919,"USA — Palmer Raids, the Red Scare, deportations, and political policing (1919–1920)","USA/00-00-1919/USA — Palmer Raids, the Red Scare, deportations, and political policing (1919–1920)",usa_1919_palmer_raids_red_scare_deportations_political_policing,"USA — Palmer Raids, the Red Scare, deportations, and political policing (1919–1920)","ΗΠΑ — Palmer Raids, Κόκκινος Τρόμος, απελάσεις και πολιτική αστυνόμευση (1919–1920)",public trust / accountability,δημόσια εμπιστοσύνη / λογοδοσία,High for raids/deportations and political repression; medium for broader claims about lasting intelligence-culture effects.,μικτό δημόσιο αρχείο· διάβασε τις πηγές,4
USA,00-00-1921,1921,Tulsa Race Massacre and destroyed Black wealth,USA/00-00-1921/Tulsa Race Massacre and destroyed Black wealth,usa_1921_tulsa_race_massacre_destroyed_black_wealth,Tulsa Race Massacre and destroyed Black wealth,Tulsa Race Massacre and destroyed Black wealth,racial terror / local failure,racial terror / local failure,mixed: documented event with disputed interpretations,μικτό: τεκμηριωμένο γεγονός με αμφισβητούμενες ερμηνείες,3
USA,00-00-1921,1921,"Tulsa Race Massacre, destroyed wealth, and the long cover-up","USA/00-00-1921/Tulsa Race Massacre, destroyed wealth, and the long cover-up",usa_1921_tulsa_race_massacre_coverup_and_records,"Tulsa Race Massacre, destroyed wealth, and the long cover-up","Σφαγή της Tulsa, κατεστραμμένος πλούτος και μακρά συγκάλυψη",racial violence / local cover-up,ρατσιστική βία / τοπική συγκάλυψη,documented massacre with long-suppressed accountability,τεκμηριωμένη σφαγή με μακρόχρονη αποσιώπηση λογοδοσίας,3
USA,00-00-1921,1921,"Tulsa Race Massacre, destruction, and denial of compensation","USA/00-00-1921/Tulsa Race Massacre, destruction, and denial of compensation",usa_1921_tulsa_race_massacre_destruction_insurance_denial,"Tulsa Race Massacre, destruction, and denial of compensation","Σφαγή της Tulsa, καταστροφή και άρνηση αποζημίωσης",racial violence / public accountability,ρατσιστική βία / δημόσια λογοδοσία,mixed public record; read source trail,μικτό δημόσιο αρχείο· διάβασε τις πηγές,3
USA,00-00-1921,1921,USA Teapot Dome and the Oil-Lease Corruption Scandal (1921-1929),USA/00-00-1921/USA Teapot Dome and the Oil-Lease Corruption Scandal (1921-1929),usa_1921_teapot_dome,USA: Teapot Dome and the Oil-Lease Corruption Scandal (1921-1929),ΗΠΑ: Teapot Dome και το σκάνδαλο διαφθοράς με τις πετρελαϊκές μισθώσεις (1921-1929),public trust / accountability,δημόσια εμπιστοσύνη / λογοδοσία,mixed public record; read source trail,μικτό δημόσιο αρχείο· διάβασε τις πηγές,2
USA,00-00-1923,1923,"LEADED GASOLINE, PUBLIC HEALTH DELAY, AND THE SLOW-FALL MODEL (1923-1996)","USA/00-00-1923/LEADED GASOLINE, PUBLIC HEALTH DELAY, AND THE SLOW-FALL MODEL (1923-1996)",usa_1923_leaded_gasoline_health_delay,"LEADED GASOLINE, PUBLIC HEALTH DELAY, AND THE SLOW-FALL MODEL (1923-1996)","ΒΕΝΖΙΝΗ ΜΕ ΜΟΛΥΒΔΟ, ΚΑΘΥΣΤΕΡΗΣΗ ΠΡΟΣΤΑΣΙΑΣ ΤΗΣ ΔΗΜΟΣΙΑΣ ΥΓΕΙΑΣ ΚΑΙ ΤΟ ΜΟΝΤΕΛΟ «ΑΡΓΗΣ ΠΤΩΣΗΣ» (1923-1996)",public trust / accountability,δημόσια εμπιστοσύνη / λογοδοσία,mixed public record; read source trail,μικτό δημόσιο αρχείο· διάβασε τις πηγές,2
USA,00-00-1924,1924,Usa Teapot Dome Image File Oil Corruption And Public Memory 1921 1929,USA/00-00-1924/Usa Teapot Dome Image File Oil Corruption And Public Memory 1921 1929,usa_1924_teapot_dome_oil_corruption_memory,Usa Teapot Dome Image File Oil Corruption And Public Memory 1921 1929,Ηπα Teapot Dome Αρχειο Εικονας Πετρελαιο Διαφθορα Και Δημοσια Μνημη 1921 1929,public trust / accountability,δημόσια εμπιστοσύνη / λογοδοσία,mixed public record; read source trail,μικτό δημόσιο αρχείο· διάβασε τις πηγές,3
USA,00-00-1927,1927,"Buck v. Bell, forced sterilization and the respectable face of eugenics (1927-1970s)","USA/00-00-1927/Buck v. Bell, forced sterilization and the respectable face of eugenics (1927-1970s)",usa_1927_buck_v_bell_forced_sterilization_eugenics_law,"Buck v. Bell, forced sterilization and the respectable face of eugenics (1927-1970s)","Buck v. Bell, αναγκαστικές στειρώσεις και το σεβαστό πρόσωπο της ευγονικής (1927-1970s)","Public health, science and consent",δημόσια εμπιστοσύνη / λογοδοσία,documented/partly documented public record; disputed parts are labelled as disputed,μικτό δημόσιο αρχείο· διάβασε τις πηγές,2
USA,00-00-1932,1932,Bonus Army eviction,USA/00-00-1932/Bonus Army eviction,usa_1932_bonus_army_eviction_2,Bonus Army eviction,Βίαιη εκκένωση Bonus Army,veterans / state force,βετεράνοι / κρατική βία,documented or historically established event; details vary by source,τεκμηριωμένο ή ιστορικά καθιερωμένο γεγονός· οι λεπτομέρειες διαφέρουν ανά πηγή,2
USA,00-00-1932,1932,"Tuskegee syphilis study, medical racism, and informed-consent betrayal","USA/00-00-1932/Tuskegee syphilis study, medical racism, and informed-consent betrayal",usa_1932_tuskegee_syphilis_study_medical_racism,"Tuskegee syphilis study, medical racism, and informed-consent betrayal","Μελέτη σύφιλης Tuskegee, ιατρικός ρατσισμός και προδοσία συναίνεσης",medical abuse / racism / public health,ιατρική κακοποίηση / ρατσισμός / δημόσια υγεία,documented unethical government medical study,τεκμηριωμένη ανήθικη κρατική ιατρική μελέτη,2
USA,00-00-1932,1932,"Tuskegee Syphilis Study Public Health, Race, Consent and Delayed Accountability","USA/00-00-1932/Tuskegee Syphilis Study Public Health, Race, Consent and Delayed Accountability",usa_1932_tuskegee_syphilis_study_health_race_consent_delayed_accountability,"Tuskegee Syphilis Study: Public Health, Race, Consent and Delayed Accountability","Μελέτη Σύφιλης Tuskegee: Δημόσια Υγεία, Ρατσισμός, Συναίνεση και Καθυστερημένη Λογοδοσία",medical abuse / institutional racism,ιατρική κατάχρηση / θεσμικός ρατσισμός,documented government misconduct,τεκμηριωμένη κρατική παραβίαση,2
USA,00-00-1932,1932,"USA — Tuskegee syphilis study, consent, race, and medical betrayal (1932–1972)","USA/00-00-1932/USA — Tuskegee syphilis study, consent, race, and medical betrayal (1932–1972)",usa_1932_tuskegee_syphilis_study_consent_race_medical_betrayal,"USA — Tuskegee syphilis study, consent, race, and medical betrayal (1932–1972)","ΗΠΑ — Μελέτη σύφιλης Tuskegee, συναίνεση, ρατσισμός και ιατρική προδοσία (1932–1972)",public trust / accountability,δημόσια εμπιστοσύνη / λογοδοσία,"High for the study, withheld treatment, official apology, and ethical consequences.",μικτό δημόσιο αρχείο· διάβασε τις πηγές,4
USA,00-00-1932,1932,USA Tuskegee Syphilis Study — Unethical Human Experimentation Hidden Behind Public Healt,USA/00-00-1932/USA Tuskegee Syphilis Study — Unethical Human Experimentation Hidden Behind Public Healt,usa_1932_tuskegee_1932_1997,USA: Tuskegee Syphilis Study — Unethical Human Experimentation Hidden Behind Public Health Language (1932-1997),ΗΠΑ: Μελέτη Σύφιλης Tuskegee — Ανήθικη ανθρώπινη πειραματική πρακτική πίσω από τη γλώσσα της δημόσιας υγείας (1932-1997),public trust / accountability,δημόσια εμπιστοσύνη / λογοδοσία,mixed public record; read source trail,μικτό δημόσιο αρχείο· διάβασε τις πηγές,3
USA,00-00-1933,1933,"Business Plot allegations, congressional testimony and elite panic (1933-1935)","USA/00-00-1933/Business Plot allegations, congressional testimony and elite panic (1933-1935)",usa_1933_business_plot_allegations_congressional_testimony_elite_panic,"Business Plot allegations, congressional testimony and elite panic (1933-1935)","Ισχυρισμοί Business Plot, κοινοβουλευτική μαρτυρία και πανικός ελίτ (1933-1935)","Corruption, capture and public money",δημόσια εμπιστοσύνη / λογοδοσία,documented/partly documented public record; disputed parts are labelled as disputed,μικτό δημόσιο αρχείο· διάβασε τις πηγές,2
USA,00-00-1933,1933,"Business Plot Allegations Veterans, Wall Street Panic and the Fragility of Democracy","USA/00-00-1933/Business Plot Allegations Veterans, Wall Street Panic and the Fragility of Democracy",usa_1933_business_plot_allegations_veterans_wall_street_panic_fragility_democra,"Business Plot Allegations: Veterans, Wall Street Panic and the Fragility of Democracy","Ισχυρισμοί Business Plot: Βετεράνοι, Οικονομικός Πανικός και Ευθραυστότητα της Δημοκρατίας",political conspiracy allegation / democratic stress,πολιτική συνωμοσία ως ισχυρισμός / πίεση στη δημοκρατία,"partly documented allegations, disputed scope","μερικώς τεκμηριωμένοι ισχυρισμοί, αμφισβητούμενη έκταση",2
USA,00-00-1940,1940,"USA Japanese American Internment, Census Confidentiality Breach, and the Logic of Wartim","USA/00-00-1940/USA Japanese American Internment, Census Confidentiality Breach, and the Logic of Wartim",usa_1940_japanese_american_internment_census_breach,"USA: Japanese American Internment, Census Confidentiality Breach, and the Logic of Wartime Control (1940-2025)","ΗΠΑ: Εγκλεισμός Ιαπωνοαμερικανών, παραβίαση απορρήτου απογραφής και η λογική του ελέγχου σε καιρό πολέμου (1940-2025)",public trust / accountability,δημόσια εμπιστοσύνη / λογοδοσία,mixed public record; read source trail,μικτό δημόσιο αρχείο· διάβασε τις πηγές,2
USA,00-00-1942,1942,Japanese American internment,USA/00-00-1942/Japanese American internment,usa_1942_japanese_american_internment,Japanese American internment,Japanese American internment,wartime rights / mass detention,wartime rights / mass detention,documented government injustice,documented government injustice,4
USA,00-00-1942,1942,"Japanese American internment, wartime racism, and constitutional failure","USA/00-00-1942/Japanese American internment, wartime racism, and constitutional failure",usa_1942_japanese_american_internment_wartime_racism,"Japanese American internment, wartime racism, and constitutional failure","Εγκλεισμός Ιαπωνοαμερικανών, πολεμικός ρατσισμός και συνταγματική αποτυχία",civil liberties / wartime detention / racism,ατομικές ελευθερίες / πολεμική κράτηση / ρατσισμός,documented mass detention with later government apology,τεκμηριωμένη μαζική κράτηση με μεταγενέστερη κρατική συγγνώμη,2
USA,00-00-1943,1943,"Zoot Suit Riots Policing, Media Panic and Racialized Youth Violence","USA/00-00-1943/Zoot Suit Riots Policing, Media Panic and Racialized Youth Violence",usa_1943_zoot_suit_riots_policing_media_panic_racialized_youth_violence,"Zoot Suit Riots: Policing, Media Panic and Racialized Youth Violence","Zoot Suit Riots: Αστυνόμευση, Μιντιακός Πανικός και Ρατσιστική Βία Νεολαίας",police failure / racial violence / media panic,αστυνομική αποτυχία / ρατσιστική βία / πανικός ΜΜΕ,documented violence and official failure,τεκμηριωμένη βία και θεσμική αποτυχία,2
USA,00-00-1944,1944,"Port Chicago disaster, Black sailors, and mutiny trials","USA/00-00-1944/Port Chicago disaster, Black sailors, and mutiny trials",usa_1944_port_chicago_disaster_black_sailors_mutiny_trial,"Port Chicago disaster, Black sailors, and mutiny trials","Καταστροφή Port Chicago, μαύροι ναύτες και δίκες ανταρσίας",military disaster / racism / labor safety,στρατιωτική καταστροφή / ρατσισμός / ασφάλεια εργασίας,documented naval disaster and contested military justice,τεκμηριωμένη ναυτική καταστροφή και αμφισβητούμενη στρατιωτική δικαιοσύνη,2
USA,00-00-1944,1944,USA Human Radiation Experiments — Official Review of Cold War-Era Government-Sponsored T,USA/00-00-1944/USA Human Radiation Experiments — Official Review of Cold War-Era Government-Sponsored T,usa_1944_human_radiation_experiments,USA: Human Radiation Experiments — Official Review of Cold War-Era Government-Sponsored Testing (1944-1995),ΗΠΑ: Πειράματα ανθρώπινης ακτινοβολίας — Επίσημη ανασκόπηση κρατικά χρηματοδοτημένων δοκιμών της Ψυχροπολεμικής περιόδου (1944-1995),public trust / accountability,δημόσια εμπιστοσύνη / λογοδοσία,mixed public record; read source trail,μικτό δημόσιο αρχείο· διάβασε τις πηγές,2
USA,00-00-1945,1945,"DOWNWINDERS, NUCLEAR TESTING, FALLOUT, AND COMPENSATION (1945-2026)","USA/00-00-1945/DOWNWINDERS, NUCLEAR TESTING, FALLOUT, AND COMPENSATION (1945-2026)",usa_1945_downwinders_nuclear_testing_compensation,"DOWNWINDERS, NUCLEAR TESTING, FALLOUT, AND COMPENSATION (1945-2026)","DOWNWINDERS, ΠΥΡΗΝΙΚΕΣ ΔΟΚΙΜΕΣ, ΡΑΔΙΕΝΕΡΓΟ FALLOUT ΚΑΙ ΑΠΟΖΗΜΙΩΣΕΙΣ (1945-2026)",public trust / accountability,δημόσια εμπιστοσύνη / λογοδοσία,mixed public record; read source trail,μικτό δημόσιο αρχείο· διάβασε τις πηγές,2
USA,00-00-1945,1945,"USA — Project Sunshine, body parts, nuclear fallout, and consent (1945–1973)","USA/00-00-1945/USA — Project Sunshine, body parts, nuclear fallout, and consent (1945–1973)",usa_1945_project_sunshine_body_parts_nuclear_fallout_consent,"USA — Project Sunshine, body parts, nuclear fallout, and consent (1945–1973)","ΗΠΑ — Project Sunshine, ανθρώπινα δείγματα, πυρηνική ραδιενέργεια και συναίνεση (1945–1973)",public trust / accountability,δημόσια εμπιστοσύνη / λογοδοσία,High for fallout research and collection controversies; medium for the most dramatic public interpretations.,μικτό δημόσιο αρχείο· διάβασε τις πηγές,4
USA,00-00-1945,1945,USA NSA's SHAMROCK and MINARET Watch-List Surveillance (1945-1975),USA/00-00-1945/USA NSA's SHAMROCK and MINARET Watch-List Surveillance (1945-1975),usa_1945_nsa_shamrock_minaret,USA: NSA's SHAMROCK and MINARET Watch-List Surveillance (1945-1975),ΗΠΑ: Τα προγράμματα SHAMROCK και MINARET της NSA (1945-1975),public trust / accountability,δημόσια εμπιστοσύνη / λογοδοσία,mixed public record; read source trail,μικτό δημόσιο αρχείο· διάβασε τις πηγές,2
USA,00-00-1945,1945,USA Operation Paperclip and the recruitment of former Nazi-linked scientists (1945-1955),USA/00-00-1945/USA Operation Paperclip and the recruitment of former Nazi-linked scientists (1945-1955),usa_1945_operation_paperclip,USA: Operation Paperclip and the recruitment of former Nazi-linked scientists (1945-1955),ΗΠΑ: Operation Paperclip και στρατολόγηση επιστημόνων με ναζιστικό παρελθόν ή σύνδεση (1945-1955),public trust / accountability,δημόσια εμπιστοσύνη / λογοδοσία,mixed public record; read source trail,μικτό δημόσιο αρχείο· διάβασε τις πηγές,4
USA,00-00-1946,1946,Guatemala syphilis experiments by U.S. public-health researchers,USA/00-00-1946/Guatemala syphilis experiments by U.S. public-health researchers,usa_1946_guatemala_syphilis_experiments_us_health,Guatemala syphilis experiments by U.S. public-health researchers,Guatemala syphilis experiments by U.S. public-health researchers,medical ethics / human experimentation,medical ethics / human experimentation,mixed public record; read source trail,μικτό δημόσιο αρχείο· διάβασε τις πηγές,2
USA,00-00-1946,1946,USA Weather Modification and Geoengineering Debate (1946-2026),USA/00-00-1946/USA Weather Modification and Geoengineering Debate (1946-2026),usa_1946_weather_modification_geoengineering,USA: Weather Modification and Geoengineering Debate (1946-2026),ΗΠΑ: Τροποποίηση Καιρού και Συζήτηση για Geoengineering (1946-2026),public trust / accountability,δημόσια εμπιστοσύνη / λογοδοσία,mixed public record; read source trail,μικτό δημόσιο αρχείο· διάβασε τις πηγές,2
USA,00-00-1947,1947,"Hollywood blacklist, HUAC hearings, and loyalty panic","USA/00-00-1947/Hollywood blacklist, HUAC hearings, and loyalty panic",usa_1947_hollywood_blacklist_huac_loyalty_panic,"Hollywood blacklist, HUAC hearings, and loyalty panic","Μαύρη λίστα Hollywood, ακροάσεις HUAC και πανικός νομιμοφροσύνης",censorship / anti-communism / cultural power,λογοκρισία / αντικομμουνισμός / πολιτιστική ισχύς,documented blacklist and congressional hearings,τεκμηριωμένη μαύρη λίστα και κοινοβουλευτικές ακροάσεις,2
USA,00-00-1947,1947,Usa Ufo Secrecy Supernatural Claims And Public Trust 1947 2026,USA/00-00-1947/Usa Ufo Secrecy Supernatural Claims And Public Trust 1947 2026,usa_1947_ufo_secrecy_supernatural_claims,Usa Ufo Secrecy Supernatural Claims And Public Trust 1947 2026,Ηπα Ufo Μυστικοτητα Υπερφυσικοι Ισχυρισμοι Και Δημοσια Εμπιστοσυνη 1947 2026,public trust / accountability,δημόσια εμπιστοσύνη / λογοδοσία,mixed public record; read source trail,μικτό δημόσιο αρχείο· διάβασε τις πηγές,2
USA,00-00-1947,1947,"USA — PROJECT BLUE BOOK AND UAP ARCHIVES, ALIENS, AND PUBLIC TRUST (1947–2026)","USA/00-00-1947/USA — PROJECT BLUE BOOK AND UAP ARCHIVES, ALIENS, AND PUBLIC TRUST (1947–2026)",usa_1947_project_blue_book_uap_archives_aliens,"USA — PROJECT BLUE BOOK AND UAP: ARCHIVES, ALIENS, AND PUBLIC TRUST (1947–2026)","ΗΠΑ — PROJECT BLUE BOOK ΚΑΙ UAP: ΑΡΧΕΊΑ, ΕΞΩΓΉΙΝΟΙ ΚΑΙ ΔΗΜΌΣΙΑ ΕΜΠΙΣΤΟΣΎΝΗ (1947–2026)",public trust / accountability,δημόσια εμπιστοσύνη / λογοδοσία,mixed public record; read source trail,μικτό δημόσιο αρχείο· διάβασε τις πηγές,4
USA,00-00-1948,1948,"USA CIA, Journalists, and Media Influence Networks (1948-1977)","USA/00-00-1948/USA CIA, Journalists, and Media Influence Networks (1948-1977)",usa_1948_cia_journalists_media_influence,"USA: CIA, Journalists, and Media Influence Networks (1948-1977)","ΗΠΑ: CIA, δημοσιογράφοι και δίκτυα επιρροής στα ΜΜΕ (1948-1977)",public trust / accountability,δημόσια εμπιστοσύνη / λογοδοσία,mixed public record; read source trail,μικτό δημόσιο αρχείο· διάβασε τις πηγές,2
USA,00-00-1949,1949,USA Open-air biological tests on unwarned populations (1949-1969),USA/00-00-1949/USA Open-air biological tests on unwarned populations (1949-1969),usa_1949_open_air_biological_tests,USA: Open-air biological tests on unwarned populations (1949-1969),ΗΠΑ: ανοιχτές βιολογικές δοκιμές σε ανυποψίαστους πληθυσμούς (1949-1969),public trust / accountability,δημόσια εμπιστοσύνη / λογοδοσία,mixed public record; read source trail,μικτό δημόσιο αρχείο· διάβασε τις πηγές,2
USA,00-00-1950,1950,"Lavender Scare, security purges, and civil-service fear","USA/00-00-1950/Lavender Scare, security purges, and civil-service fear",usa_1950_lavender_scare_security_purge_civil_service,"Lavender Scare, security purges, and civil-service fear","Lavender Scare, εκκαθαρίσεις ασφαλείας και φόβος στη δημόσια διοίκηση",civil liberties / sexuality / security state,ατομικές ελευθερίες / σεξουαλικότητα / κράτος ασφαλείας,documented purge climate with later historical recognition,τεκμηριωμένο κλίμα εκκαθαρίσεων με μεταγενέστερη ιστορική αναγνώριση,2
USA,00-00-1950,1950,Operation Mockingbird media influence allegations,USA/00-00-1950/Operation Mockingbird media influence allegations,usa_1950_operation_mockingbird_media_influence_allegations,Operation Mockingbird media influence allegations,Operation Mockingbird media influence allegations,intelligence / media influence,intelligence / media influence,mixed: documented event with disputed interpretations,μικτό: τεκμηριωμένο γεγονός με αμφισβητούμενες ερμηνείες,2
USA,00-00-1950,1950,"Project BLUEBIRD ARTICHOKE, interrogation research and consent failure (1950-1953)","USA/00-00-1950/Project BLUEBIRD ARTICHOKE, interrogation research and consent failure (1950-1953)",usa_1950_project_bluebird_artichoke_interrogation_research_secret_consent_failu,"Project BLUEBIRD/ARTICHOKE, interrogation research and consent failure (1950-1953)","Project BLUEBIRD/ARTICHOKE, έρευνα ανάκρισης και αποτυχία συναίνεσης (1950-1953)","Public health, science and consent",δημόσια εμπιστοσύνη / λογοδοσία,documented/partly documented public record; disputed parts are labelled as disputed,μικτό δημόσιο αρχείο· διάβασε τις πηγές,2
USA,00-00-1950,1950,"USA Big Tobacco, RICO, and Decades of Deception (1950-2026)","USA/00-00-1950/USA Big Tobacco, RICO, and Decades of Deception (1950-2026)",usa_1950_big_tobacco_rico_decades_deception,"USA: Big Tobacco, RICO, and Decades of Deception (1950-2026)","ΗΠΑ: Big Tobacco, RICO και δεκαετίες εξαπάτησης (1950-2026)",public trust / accountability,δημόσια εμπιστοσύνη / λογοδοσία,mixed public record; read source trail,μικτό δημόσιο αρχείο· διάβασε τις πηγές,2
USA,00-00-1951,1951,Project ARTICHOKE and interrogation research,USA/00-00-1951/Project ARTICHOKE and interrogation research,usa_1951_project_artichoke_interrogation_research,Project ARTICHOKE and interrogation research,Project ARTICHOKE and interrogation research,intelligence / mind-control research,intelligence / mind-control research,mixed public record; read source trail,μικτό δημόσιο αρχείο· διάβασε τις πηγές,2
USA,00-00-1952,1952,USA Operation CHAOS and HTLINGUAL (1952-1974),USA/00-00-1952/USA Operation CHAOS and HTLINGUAL (1952-1974),usa_1952_operation_chaos_htlingual,USA: Operation CHAOS and HTLINGUAL (1952-1974),ΗΠΑ: Operation CHAOS και HTLINGUAL (1952-1974),public trust / accountability,δημόσια εμπιστοσύνη / λογοδοσία,mixed public record; read source trail,μικτό δημόσιο αρχείο· διάβασε τις πηγές,2
USA,00-00-1952,1952,USA Operation PBSUCCESS — CIA-Backed Coup in Guatemala (1952-1954),USA/00-00-1952/USA Operation PBSUCCESS — CIA-Backed Coup in Guatemala (1952-1954),usa_1952_guatemala_pbsuccess,USA: Operation PBSUCCESS — CIA-Backed Coup in Guatemala (1952-1954),ΗΠΑ: Επιχείρηση PBSUCCESS — Πραξικόπημα στη Γουατεμάλα με στήριξη CIA (1952-1954),public trust / accountability,δημόσια εμπιστοσύνη / λογοδοσία,mixed public record; read source trail,μικτό δημόσιο αρχείο· διάβασε τις πηγές,2
USA,00-00-1953,1953,CIA Iran coup blowback file,USA/00-00-1953/CIA Iran coup blowback file,usa_1953_cia_iran_coup_blowback,CIA Iran coup blowback file,CIA Iran coup blowback file,foreign intervention / oil politics,foreign intervention / oil politics,mixed: documented event with disputed interpretations,μικτό: τεκμηριωμένο γεγονός με αμφισβητούμενες ερμηνείες,2
USA,00-00-1953,1953,CIA Project ARTICHOKE behavioral control files,USA/00-00-1953/CIA Project ARTICHOKE behavioral control files,usa_1953_cia_project_artichoke_behavioral_control_files,CIA Project ARTICHOKE behavioral control files,CIA Project ARTICHOKE και αρχεία ελέγχου συμπεριφοράς,intelligence / mind control,πληροφορίες / έλεγχος συμπεριφοράς,documented or historically established event; details vary by source,τεκμηριωμένο ή ιστορικά καθιερωμένο γεγονός· οι λεπτομέρειες διαφέρουν ανά πηγή,2
USA,00-00-1953,1953,"Iran coup, CIA oil politics, democracy loss, and blowback","USA/00-00-1953/Iran coup, CIA oil politics, democracy loss, and blowback",usa_1953_iran_coup_cia_oil_democracy_blowback,"Iran coup, CIA oil politics, democracy loss, and blowback","Πραξικόπημα Ιράν, CIA, πετρέλαιο, απώλεια δημοκρατίας και blowback",foreign intervention / oil / covert action,ξένη επέμβαση / πετρέλαιο / μυστική δράση,documented covert action with declassified record,τεκμηριωμένη μυστική δράση με αποχαρακτηρισμένο αρχείο,2
USA,00-00-1953,1953,Operation AJAX and the 1953 Iran coup,USA/00-00-1953/Operation AJAX and the 1953 Iran coup,usa_1953_operation_ajax_iran_cia_mi6_coup,Operation AJAX and the 1953 Iran coup,Επιχείρηση AJAX και το πραξικόπημα στο Ιράν το 1953,foreign intervention / intelligence,ξένη επέμβαση / υπηρεσίες πληροφοριών,mixed public record; read source trail,μικτό δημόσιο αρχείο· διάβασε τις πηγές,2
USA,00-00-1953,1953,"USA — MKULTRA SECRET SCIENCE, CONSENT, AND MIND-CONTROL RESEARCH (1953–1977)","USA/00-00-1953/USA — MKULTRA SECRET SCIENCE, CONSENT, AND MIND-CONTROL RESEARCH (1953–1977)",usa_1953_mkultra_secret_science_consent_mind_control,"USA — MKULTRA: SECRET SCIENCE, CONSENT, AND MIND-CONTROL RESEARCH (1953–1977)","ΗΠΑ — MKULTRA: ΜΥΣΤΙΚΉ ΕΠΙΣΤΉΜΗ, ΣΥΝΑΊΝΕΣΗ ΚΑΙ ΈΡΕΥΝΑ ΕΛΈΓΧΟΥ ΝΟΥ (1953–1977)",public trust / accountability,δημόσια εμπιστοσύνη / λογοδοσία,mixed public record; read source trail,μικτό δημόσιο αρχείο· διάβασε τις πηγές,4
USA,00-00-1953,1953,USA Camp Lejeune Water Contamination and Cover-Up Allegations (1953-2024),USA/00-00-1953/USA Camp Lejeune Water Contamination and Cover-Up Allegations (1953-2024),usa_1953_camp_lejeune_contamination_coverup,USA: Camp Lejeune Water Contamination and Cover-Up Allegations (1953-2024),ΗΠΑ: Camp Lejeune - Μόλυνση Νερού και Κατηγορίες Συγκάλυψης (1953-2024),public trust / accountability,δημόσια εμπιστοσύνη / λογοδοσία,mixed public record; read source trail,μικτό δημόσιο αρχείο· διάβασε τις πηγές,2
USA,00-00-1954,1954,Guatemala coup and United Fruit interests,USA/00-00-1954/Guatemala coup and United Fruit interests,usa_1954_guatemala_coup_united_fruit_interests,Guatemala coup and United Fruit interests,Guatemala coup and United Fruit interests,foreign intervention / corporate influence,foreign intervention / corporate influence,documented covert intervention,documented covert intervention,2
USA,00-00-1954,1954,"Operation Wetback, mass deportation, and civil-rights memory","USA/00-00-1954/Operation Wetback, mass deportation, and civil-rights memory",usa_1954_operation_wetback_deportation_campaign_civil_rights,"Operation Wetback, mass deportation, and civil-rights memory","Operation Wetback, μαζικές απελάσεις και μνήμη δικαιωμάτων",immigration enforcement / civil rights / labor,μεταναστευτική επιβολή / δικαιώματα / εργασία,documented federal deportation campaign with contested numbers and abuses,τεκμηριωμένη ομοσπονδιακή εκστρατεία απελάσεων με αμφισβητούμενους αριθμούς και καταχρήσεις,2
USA,00-00-1955,1955,"Operation Midnight Climax, safehouses, drugs and non-consensual experiments (1955-1965)","USA/00-00-1955/Operation Midnight Climax, safehouses, drugs and non-consensual experiments (1955-1965)",usa_1955_operation_midnight_climax_safehouses_drugs_nonconsensual_experiments,"Operation Midnight Climax, safehouses, drugs and non-consensual experiments (1955-1965)","Operation Midnight Climax, safehouses, ουσίες και πειράματα χωρίς συναίνεση (1955-1965)","Public health, science and consent",δημόσια εμπιστοσύνη / λογοδοσία,documented/partly documented public record; disputed parts are labelled as disputed,μικτό δημόσιο αρχείο· διάβασε τις πηγές,2
USA,00-00-1956,1956,COINTELPRO roots and domestic disruption logic,USA/00-00-1956/COINTELPRO roots and domestic disruption logic,usa_1956_cointelpro_roots_domestic_disruption_logic,COINTELPRO roots and domestic disruption logic,COINTELPRO roots and domestic disruption logic,domestic intelligence / civil liberties,domestic intelligence / civil liberties,mixed: documented event with disputed interpretations,μικτό: τεκμηριωμένο γεγονός με αμφισβητούμενες ερμηνείες,2
USA,00-00-1956,1956,USA COINTELPRO and Political Disruption by the FBI (1956-1971),USA/00-00-1956/USA COINTELPRO and Political Disruption by the FBI (1956-1971),usa_1956_cointelpro_1956_1971,USA: COINTELPRO and Political Disruption by the FBI (1956-1971),ΗΠΑ: COINTELPRO και πολιτική αποσταθεροποίηση από το FBI (1956-1971),public trust / accountability,δημόσια εμπιστοσύνη / λογοδοσία,mixed public record; read source trail,μικτό δημόσιο αρχείο· διάβασε τις πηγές,2
USA,00-00-1960,1960,USA CIA assassination plots and Mafia overlap (1960-1975),USA/00-00-1960/USA CIA assassination plots and Mafia overlap (1960-1975),usa_1960_cia_assassination_plots_mafia,USA: CIA assassination plots and Mafia overlap (1960-1975),ΗΠΑ: σχέδια δολοφονίας της CIA και επαφή με τη Μαφία (1960-1975),public trust / accountability,δημόσια εμπιστοσύνη / λογοδοσία,mixed public record; read source trail,μικτό δημόσιο αρχείο· διάβασε τις πηγές,2
USA,00-00-1961,1961,"Bay of Pigs invasion, covert failure, and plausible deniability","USA/00-00-1961/Bay of Pigs invasion, covert failure, and plausible deniability",usa_1961_bay_of_pigs_covert_failure_plausible_denial,"Bay of Pigs invasion, covert failure, and plausible deniability","Εισβολή Bay of Pigs, μυστική αποτυχία και εύλογη άρνηση",covert action / foreign policy failure / secrecy,μυστική δράση / αποτυχία εξωτερικής πολιτικής / μυστικότητα,documented failed covert operation with declassified record,τεκμηριωμένη αποτυχημένη μυστική επιχείρηση με αποχαρακτηρισμένο αρχείο,2
USA,00-00-1961,1961,"USA Agent Orange, Dioxin, and Delayed Recognition (1961-2026)","USA/00-00-1961/USA Agent Orange, Dioxin, and Delayed Recognition (1961-2026)",usa_1961_agent_orange_dioxin_delayed_recognition,"USA: Agent Orange, Dioxin, and Delayed Recognition (1961-2026)","ΗΠΑ: Agent Orange, διοξίνη και καθυστερημένη αναγνώριση (1961-2026)",public trust / accountability,δημόσια εμπιστοσύνη / λογοδοσία,mixed public record; read source trail,μικτό δημόσιο αρχείο· διάβασε τις πηγές,2
USA,00-00-1962,1962,USA Operation Northwoods (1962),USA/00-00-1962/USA Operation Northwoods (1962),usa_1962_operation_northwoods,USA: Operation Northwoods (1962),ΗΠΑ: Επιχείρηση Northwoods (1962),public trust / accountability,δημόσια εμπιστοσύνη / λογοδοσία,mixed public record; read source trail,μικτό δημόσιο αρχείο· διάβασε τις πηγές,4
USA,00-00-1963,1963,Usa Agent Orange Image File Chemical War Public Health And Delayed Accountability 1961 2,USA/00-00-1963/Usa Agent Orange Image File Chemical War Public Health And Delayed Accountability 1961 2,usa_1963_agent_orange_chemical_war_health_delayed_accountability,Usa Agent Orange Image File Chemical War Public Health And Delayed Accountability 1961 2026,Ηπα Agent Orange Αρχειο Εικονας Χημικος Πολεμος Δημοσια Υγεια Και Καθυστερημενη Λογοδοσια 1961 2026,public trust / accountability,δημόσια εμπιστοσύνη / λογοδοσία,mixed public record; read source trail,μικτό δημόσιο αρχείο· διάβασε τις πηγές,3
USA,00-00-1964,1964,FBI surveillance of Martin Luther King Jr. and blackmail letter,USA/00-00-1964/FBI surveillance of Martin Luther King Jr. and blackmail letter,usa_1964_fbi_mlk_blackmail_letter_surveillance,FBI surveillance of Martin Luther King Jr. and blackmail letter,FBI surveillance of Martin Luther King Jr. and blackmail letter,domestic intelligence abuse,domestic intelligence abuse,mixed public record; read source trail,μικτό δημόσιο αρχείο· διάβασε τις πηγές,2
USA,00-00-1964,1964,"Freedom Summer murders, Mississippi law enforcement, and state complicity","USA/00-00-1964/Freedom Summer murders, Mississippi law enforcement, and state complicity",usa_1964_freedom_summer_murders_mississippi_state_complicity,"Freedom Summer murders, Mississippi law enforcement, and state complicity","Δολοφονίες Freedom Summer, αστυνομία Μισισίπι και κρατική συνενοχή",civil rights / racial terror / law enforcement,πολιτικά δικαιώματα / φυλετική τρομοκρατία / αστυνομία,documented murders with federal civil-rights prosecution history,τεκμηριωμένες δολοφονίες με ομοσπονδιακό ιστορικό διώξεων δικαιωμάτων,2
USA,00-00-1964,1964,Gulf of Tonkin incident and war escalation,USA/00-00-1964/Gulf of Tonkin incident and war escalation,usa_1964_gulf_tonkin_incident_war_escalation,Gulf of Tonkin incident and war escalation,Gulf of Tonkin incident and war escalation,war powers / intelligence,war powers / intelligence,documented controversy,documented controversy,2
USA,00-00-1964,1964,"Gulf of Tonkin, disputed attack, and war authorization","USA/00-00-1964/Gulf of Tonkin, disputed attack, and war authorization",usa_1964_gulf_of_tonkin_resolution_intelligence_gap,"Gulf of Tonkin, disputed attack, and war authorization",Κόλπος του Tonkin: αμφισβητούμενη επίθεση και εξουσιοδότηση πολέμου,war powers / intelligence / deception claims,πολεμικές εξουσίες / πληροφορίες / ισχυρισμοί παραπλάνησης,documented incident with declassified doubts and disputed intent,τεκμηριωμένο περιστατικό με αποχαρακτηρισμένες αμφιβολίες και αμφισβητούμενη πρόθεση,2
USA,00-00-1964,1964,USA Pentagon Papers and the Tonkin Gulf deception problem (1964-1971),USA/00-00-1964/USA Pentagon Papers and the Tonkin Gulf deception problem (1964-1971),usa_1964_pentagon_papers_tonkin,USA: Pentagon Papers and the Tonkin Gulf deception problem (1964-1971),ΗΠΑ: Pentagon Papers και το πρόβλημα της παραπλάνησης στον Κόλπο του Τόνκιν (1964-1971),public trust / accountability,δημόσια εμπιστοσύνη / λογοδοσία,mixed public record; read source trail,μικτό δημόσιο αρχείο· διάβασε τις πηγές,2
USA,00-00-1965,1965,FBI surveillance of Martin Luther King Jr. and political blackmail (1960s),USA/00-00-1965/FBI surveillance of Martin Luther King Jr. and political blackmail (1960s),usa_1965_fbi_surveillance_martin_luther_king_jr_political_blackmail,FBI surveillance of Martin Luther King Jr. and political blackmail (1960s),Παρακολούθηση Martin Luther King Jr. από FBI και πολιτικός εκβιασμός (1960s),"Surveillance, secrecy and information control",δημόσια εμπιστοσύνη / λογοδοσία,documented/partly documented public record; disputed parts are labelled as disputed,μικτό δημόσιο αρχείο· διάβασε τις πηγές,2
USA,00-00-1967,1967,USS Liberty attack and unanswered trust questions,USA/00-00-1967/USS Liberty attack and unanswered trust questions,usa_1967_uss_liberty_attack_unanswered_questions,USS Liberty attack and unanswered trust questions,USS Liberty attack and unanswered trust questions,military incident / diplomacy,military incident / diplomacy,documented attack with contested intent,documented attack with contested intent,2
USA,00-00-1968,1968,My Lai massacre,USA/00-00-1968/My Lai massacre,usa_1968_my_lai_massacre,My Lai massacre,My Lai massacre,war crimes / military accountability,war crimes / military accountability,documented war crime,documented war crime,4
USA,00-00-1969,1969,Black Panther surveillance and raids,USA/00-00-1969/Black Panther surveillance and raids,usa_1969_black_panther_surveillance_and_raids,Black Panther surveillance and raids,Παρακολούθηση και επιδρομές εναντίον Black Panthers,surveillance / racial politics,παρακολούθηση / φυλετική πολιτική,documented or historically established event; details vary by source,τεκμηριωμένο ή ιστορικά καθιερωμένο γεγονός· οι λεπτομέρειες διαφέρουν ανά πηγή,2
USA,00-00-1969,1969,Fred Hampton raid and FBI informant context,USA/00-00-1969/Fred Hampton raid and FBI informant context,usa_1969_fred_hampton_raid_fbi_informant_context,Fred Hampton raid and FBI informant context,Fred Hampton raid and FBI informant context,policing / political repression,policing / political repression,mixed: documented event with disputed interpretations,μικτό: τεκμηριωμένο γεγονός με αμφισβητούμενες ερμηνείες,2
USA,00-00-1969,1969,"Stonewall raid, police power, and queer resistance memory","USA/00-00-1969/Stonewall raid, police power, and queer resistance memory",usa_1969_stonewall_police_raid_queer_resistance_memory,"Stonewall raid, police power, and queer resistance memory","Stonewall, αστυνομική έφοδος και μνήμη queer αντίστασης",policing / LGBTQ rights / public memory,αστυνόμευση / ΛΟΑΤΚΙ δικαιώματα / δημόσια μνήμη,documented police raid and uprising with contested memory details,τεκμηριωμένη αστυνομική έφοδος και εξέγερση με αμφισβητούμενες λεπτομέρειες μνήμης,2
USA,00-00-1969,1969,"USA — Citizens’ Commission burglary, stolen FBI files, and COINTELPRO exposure (1971)","USA/00-00-1969/USA — Citizens’ Commission burglary, stolen FBI files, and COINTELPRO exposure (1971)",usa_1969_citizens_commission_fbi_burglary_files_cointelpro_exposure,"USA — Citizens’ Commission burglary, stolen FBI files, and COINTELPRO exposure (1971)","ΗΠΑ — Διάρρηξη αρχείων FBI, διαρροές και αποκάλυψη COINTELPRO (1971)",public trust / accountability,δημόσια εμπιστοσύνη / λογοδοσία,"High for the burglary, document leak, and exposure of domestic intelligence abuses.",μικτό δημόσιο αρχείο· διάβασε τις πηγές,4
USA,00-00-1970,1970,"Kent State Shootings Protest, National Guard Force and State Violence Memory","USA/00-00-1970/Kent State Shootings Protest, National Guard Force and State Violence Memory",usa_1970_kent_state_shootings_protest_national_guard_force_state_violence_memor,"Kent State Shootings: Protest, National Guard Force and State Violence Memory","Πυροβολισμοί Kent State: Διαμαρτυρία, Εθνοφρουρά και Μνήμη Κρατικής Βίας",state violence / protest policing,κρατική βία / αστυνόμευση διαδηλώσεων,"documented deadly state force, disputed command details","τεκμηριωμένη θανατηφόρα κρατική βία, αμφισβητούμενες λεπτομέρειες εντολών",2
USA,00-00-1971,1971,Attica prison uprising and state retaking,USA/00-00-1971/Attica prison uprising and state retaking,usa_1971_attica_prison_uprising_state_retaking,Attica prison uprising and state retaking,Attica prison uprising and state retaking,prison system / state violence,prison system / state violence,documented deadly crackdown,documented deadly crackdown,2
USA,00-00-1971,1971,"Attica prison uprising, state response and the politics of memory (1971)","USA/00-00-1971/Attica prison uprising, state response and the politics of memory (1971)",usa_1971_attica_prison_uprising_state_response_memory,"Attica prison uprising, state response and the politics of memory (1971)","Εξέγερση Attica, κρατική αντίδραση και πολιτική μνήμης (1971)","Policing, force and institutional accountability",δημόσια εμπιστοσύνη / λογοδοσία,documented/partly documented public record; disputed parts are labelled as disputed,μικτό δημόσιο αρχείο· διάβασε τις πηγές,2
USA,00-00-1971,1971,Citizens Commission FBI files and COINTELPRO exposure,USA/00-00-1971/Citizens Commission FBI files and COINTELPRO exposure,usa_1971_citizens_commission_fbi_files_and_cointelpro_exposure,Citizens Commission FBI files and COINTELPRO exposure,Αρχεία Citizens Commission και αποκάλυψη COINTELPRO,surveillance / civil liberties,παρακολούθηση / ατομικές ελευθερίες,documented declassified program,τεκμηριωμένο αποχαρακτηρισμένο πρόγραμμα,2
USA,00-00-1971,1971,"COINTELPRO files, FBI disruption, and domestic politics","USA/00-00-1971/COINTELPRO files, FBI disruption, and domestic politics",usa_1971_cointelpro_files_fbi_disruption_domestic_politics,"COINTELPRO files, FBI disruption, and domestic politics","Αρχεία COINTELPRO, αποσταθεροποίηση FBI και εσωτερική πολιτική",domestic surveillance / political disruption,εσωτερική παρακολούθηση / πολιτική αποσταθεροποίηση,documented FBI programs exposed by files and congressional investigation,τεκμηριωμένα προγράμματα FBI από αρχεία και κοινοβουλευτική έρευνα,2
USA,00-00-1971,1971,Pentagon Papers and the secret history of Vietnam,USA/00-00-1971/Pentagon Papers and the secret history of Vietnam,usa_1971_pentagon_papers_secret_history_vietnam,Pentagon Papers and the secret history of Vietnam,Pentagon Papers and the secret history of Vietnam,secrecy / press freedom,secrecy / press freedom,documented leak and court battle,documented leak and court battle,2
USA,00-00-1971,1971,"Pentagon Papers, Vietnam deception, and the public record","USA/00-00-1971/Pentagon Papers, Vietnam deception, and the public record",usa_1971_pentagon_papers_vietnam_deception_public_record,"Pentagon Papers, Vietnam deception, and the public record","Pentagon Papers, παραπλάνηση για Βιετνάμ και δημόσιο αρχείο",war secrecy / press freedom / public deception,πολεμική μυστικότητα / ελευθερία Τύπου / δημόσια παραπλάνηση,documented leaked study and Supreme Court press-freedom case,τεκμηριωμένη διαρροή μελέτης και υπόθεση ελευθερίας Τύπου,2
USA,00-00-1972,1972,USA STARGATE — The U.S. Intelligence Community Really Studied “Remote Viewing” (1970s-19,USA/00-00-1972/USA STARGATE — The U.S. Intelligence Community Really Studied “Remote Viewing” (1970s-19,usa_1972_stargate_remote_viewing,USA: STARGATE — The U.S. Intelligence Community Really Studied “Remote Viewing” (1970s-1995),ΗΠΑ: STARGATE — Η αμερικανική κοινότητα πληροφοριών μελέτησε πραγματικά το «remote viewing» (δεκαετίες 1970-1995),public trust / accountability,δημόσια εμπιστοσύνη / λογοδοσία,mixed public record; read source trail,μικτό δημόσιο αρχείο· διάβασε τις πηγές,2
USA,00-00-1972,1972,"USA Watergate, Surveillance Abuse, and Presidential Cover-Up (1972-1977)","USA/00-00-1972/USA Watergate, Surveillance Abuse, and Presidential Cover-Up (1972-1977)",usa_1972_watergate_1972_1977,"USA: Watergate, Surveillance Abuse, and Presidential Cover-Up (1972-1977)","ΗΠΑ: Watergate, κατάχρηση παρακολούθησης και προεδρική συγκάλυψη (1972-1977)",public trust / accountability,δημόσια εμπιστοσύνη / λογοδοσία,mixed public record; read source trail,μικτό δημόσιο αρχείο· διάβασε τις πηγές,3
USA,00-00-1972,1972,Watergate burglary and executive criminality,USA/00-00-1972/Watergate burglary and executive criminality,usa_1972_watergate_burglary_executive_criminality,Watergate burglary and executive criminality,Watergate burglary and executive criminality,political corruption / surveillance,political corruption / surveillance,mixed: documented event with disputed interpretations,μικτό: τεκμηριωμένο γεγονός με αμφισβητούμενες ερμηνείες,2
USA,00-00-1973,1973,"CIA, Chile, covert action and public memory of intervention (1970-1973)","USA/00-00-1973/CIA, Chile, covert action and public memory of intervention (1970-1973)",usa_1973_cia_chile_covert_action_coup_context_memory,"CIA, Chile, covert action and public memory of intervention (1970-1973)","CIA, Χιλή, μυστική δράση και δημόσια μνήμη επέμβασης (1970-1973)","Surveillance, secrecy and information control",δημόσια εμπιστοσύνη / λογοδοσία,documented/partly documented public record; disputed parts are labelled as disputed,μικτό δημόσιο αρχείο· διάβασε τις πηγές,2
USA,00-00-1975,1975,Church Committee domestic spying revelations,USA/00-00-1975/Church Committee domestic spying revelations,usa_1975_church_committee_domestic_spying_revelations,Church Committee domestic spying revelations,Church Committee domestic spying revelations,intelligence oversight,intelligence oversight,documented congressional findings,documented congressional findings,2
USA,00-00-1975,1975,Church Committee intelligence oversight revelations,USA/00-00-1975/Church Committee intelligence oversight revelations,usa_1975_church_committee_intelligence_oversight,Church Committee intelligence oversight revelations,Church Committee intelligence oversight revelations,intelligence oversight / civil liberties,intelligence oversight / civil liberties,mixed public record; read source trail,μικτό δημόσιο αρχείο· διάβασε τις πηγές,2
USA,00-00-1975,1975,USA Church Committee — Intelligence abuses exposed by Congress (1975-1976),USA/00-00-1975/USA Church Committee — Intelligence abuses exposed by Congress (1975-1976),usa_1975_church_committee_intelligence_abuses,USA: Church Committee — Intelligence abuses exposed by Congress (1975-1976),ΗΠΑ: Church Committee — οι καταχρήσεις των υπηρεσιών πληροφοριών που αποκαλύφθηκαν από τη Γερουσία (1975-1976),public trust / accountability,δημόσια εμπιστοσύνη / λογοδοσία,mixed public record; read source trail,μικτό δημόσιο αρχείο· διάβασε τις πηγές,2
USA,00-00-1977,1977,MKULTRA hearings and destroyed records problem,USA/00-00-1977/MKULTRA hearings and destroyed records problem,usa_1977_mkultra_hearings_destroyed_records_problem,MKULTRA hearings and destroyed records problem,MKULTRA hearings and destroyed records problem,psychological operations / human experimentation,psychological operations / human experimentation,mixed: documented event with disputed interpretations,μικτό: τεκμηριωμένο γεγονός με αμφισβητούμενες ερμηνείες,2
USA,00-00-1978,1978,"Love Canal Toxic Waste, Schoolchildren and the Politics of Environmental Exposure","USA/00-00-1978/Love Canal Toxic Waste, Schoolchildren and the Politics of Environmental Exposure",usa_1978_love_canal_toxic_waste_schoolchildren_politics_environmental_exposure,"Love Canal: Toxic Waste, Schoolchildren and the Politics of Environmental Exposure","Love Canal: Τοξικά Απόβλητα, Παιδιά και Πολιτική Περιβαλλοντικής Έκθεσης",environmental failure / corporate-state accountability,περιβαλλοντική αποτυχία / εταιρική και κρατική λογοδοσία,documented contamination and relocation response,τεκμηριωμένη μόλυνση και κρατική αντίδραση με μετεγκατάσταση,2
USA,00-00-1979,1979,"Greensboro massacre, police absence, and extremist violence","USA/00-00-1979/Greensboro massacre, police absence, and extremist violence",usa_1979_greensboro_massacre_police_klan_nazi_failure,"Greensboro massacre, police absence, and extremist violence","Σφαγή Greensboro, απουσία αστυνομίας και εξτρεμιστική βία",political violence / policing / extremist networks,πολιτική βία / αστυνόμευση / εξτρεμιστικά δίκτυα,documented killings with disputed state responsibility,τεκμηριωμένες δολοφονίες με αμφισβητούμενη κρατική ευθύνη,2
USA,00-00-1979,1979,Three Mile Island nuclear accident,USA/00-00-1979/Three Mile Island nuclear accident,usa_1979_three_mile_island_nuclear_accident_2,Three Mile Island nuclear accident,Πυρηνικό ατύχημα Three Mile Island,nuclear safety / public communication,πυρηνική ασφάλεια / δημόσια ενημέρωση,documented or historically established event; details vary by source,τεκμηριωμένο ή ιστορικά καθιερωμένο γεγονός· οι λεπτομέρειες διαφέρουν ανά πηγή,2
USA,00-00-1979,1979,USA JFK Assassination — What the House Select Committee Actually Found (1979 archival re,USA/00-00-1979/USA JFK Assassination — What the House Select Committee Actually Found (1979 archival re,usa_1979_jfk_hsca_probable_conspiracy,USA: JFK Assassination — What the House Select Committee Actually Found (1979 / archival record),ΗΠΑ: Δολοφονία JFK — Τι ακριβώς βρήκε η House Select Committee (1979 / αρχειακό αρχείο),public trust / accountability,δημόσια εμπιστοσύνη / λογοδοσία,mixed public record; read source trail,μικτό δημόσιο αρχείο· διάβασε τις πηγές,2
USA,00-00-1980,1980,October Surprise allegations and election mythology,USA/00-00-1980/October Surprise allegations and election mythology,usa_1980_october_surprise_allegations_election_mythology,October Surprise allegations and election mythology,October Surprise allegations and election mythology,political suspicion / contested allegation,political suspicion / contested allegation,mixed: documented event with disputed interpretations,μικτό: τεκμηριωμένο γεγονός με αμφισβητούμενες ερμηνείες,2
USA,00-00-1980,1980,"Savings and Loan crisis, deregulation, fraud, and bailout","USA/00-00-1980/Savings and Loan crisis, deregulation, fraud, and bailout",usa_1980_savings_and_loan_crisis_deregulation_fraud_bailout,"Savings and Loan crisis, deregulation, fraud, and bailout","Κρίση Savings and Loan, απορρύθμιση, απάτη και διάσωση",financial regulation / fraud / public bailout,χρηματοπιστωτική εποπτεία / απάτη / δημόσια διάσωση,documented financial crisis with prosecutions and public cost,τεκμηριωμένη χρηματοπιστωτική κρίση με διώξεις και δημόσιο κόστος,2
USA,00-00-1980,1980,USA — FBI HAIR ANALYSIS WRONGFUL CONVICTIONS AND FORENSIC CERTAINTY (1980–2015),USA/00-00-1980/USA — FBI HAIR ANALYSIS WRONGFUL CONVICTIONS AND FORENSIC CERTAINTY (1980–2015),usa_1980_fbi_microscopic_hair_analysis_wrongful_convictions_forensic_certainty,USA — FBI HAIR ANALYSIS: WRONGFUL CONVICTIONS AND FORENSIC CERTAINTY (1980–2015),ΗΠΑ — ΑΝΆΛΥΣΗ ΤΡΙΧΏΝ FBI: ΆΔΙΚΕΣ ΚΑΤΑΔΊΚΕΣ ΚΑΙ ΕΓΚΛΗΜΑΤΟΛΟΓΙΚΉ ΒΕΒΑΙΌΤΗΤΑ (1980–2015),public trust / accountability,δημόσια εμπιστοσύνη / λογοδοσία,mixed public record; read source trail,μικτό δημόσιο αρχείο· διάβασε τις πηγές,4
USA,00-00-1981,1981,"PATCO strike firing, labor power, and state discipline","USA/00-00-1981/PATCO strike firing, labor power, and state discipline",usa_1982_patco_strike_firing_labor_state_power,"PATCO strike firing, labor power, and state discipline","Απόλυση απεργών PATCO, εργατική ισχύς και κρατική πειθαρχία",labor / federal power / union decline,εργασία / ομοσπονδιακή ισχύς / υποχώρηση συνδικάτων,documented strike and mass firing with disputed long-term impact,τεκμηριωμένη απεργία και μαζική απόλυση με αμφισβητούμενη μακροπρόθεσμη επίδραση,2
USA,00-00-1983,1983,"USA Iran-Contra — Illegal War Support, Secret Arms Deals, and a Presidency Under Pressur","USA/00-00-1983/USA Iran-Contra — Illegal War Support, Secret Arms Deals, and a Presidency Under Pressur",usa_1983_iran_contra,"USA: Iran-Contra — Illegal War Support, Secret Arms Deals, and a Presidency Under Pressure (1983-1993)","ΗΠΑ: Iran-Contra — Παράνομη στήριξη πολέμου, μυστικές πωλήσεις όπλων και προεδρία υπό πίεση (1983-1993)",public trust / accountability,δημόσια εμπιστοσύνη / λογοδοσία,mixed public record; read source trail,μικτό δημόσιο αρχείο· διάβασε τις πηγές,2
USA,00-00-1983,1983,"USA The Gateway Process, Consciousness Research, and “Supernatural” Claims (1983-2026)","USA/00-00-1983/USA The Gateway Process, Consciousness Research, and “Supernatural” Claims (1983-2026)",usa_1983_gateway_process_consciousness,"USA: The Gateway Process, Consciousness Research, and “Supernatural” Claims (1983-2026)","ΗΠΑ: Gateway Process, έρευνα συνείδησης και «υπερφυσικοί» ισχυρισμοί (1983-2026)",public trust / accountability,δημόσια εμπιστοσύνη / λογοδοσία,mixed public record; read source trail,μικτό δημόσιο αρχείο· διάβασε τις πηγές,2
USA,00-00-1984,1984,"USA Civil Asset Forfeiture, Equitable Sharing, and the Policing for Profit Structure (19","USA/00-00-1984/USA Civil Asset Forfeiture, Equitable Sharing, and the Policing for Profit Structure (19",usa_1984_civil_asset_forfeiture_policing_for_profit,"USA: Civil Asset Forfeiture, Equitable Sharing, and the ""Policing for Profit"" Structure (1984-2026)","ΗΠΑ: Πολιτικές δημεύσεις περιουσίας, equitable sharing και η δομή του «policing for profit» (1984-2026)",public trust / accountability,δημόσια εμπιστοσύνη / λογοδοσία,mixed public record; read source trail,μικτό δημόσιο αρχείο· διάβασε τις πηγές,2
USA,00-00-1985,1985,MOVE bombing in Philadelphia,USA/00-00-1985/MOVE bombing in Philadelphia,usa_1985_move_bombing_in_philadelphia_2,MOVE bombing in Philadelphia,Βομβαρδισμός MOVE στη Φιλαδέλφεια,police violence / urban disaster,αστυνομική βία / αστική καταστροφή,documented municipal disaster,τεκμηριωμένη δημοτική καταστροφή,2
USA,00-00-1985,1985,"MOVE Bombing Philadelphia Police, Fire, Race and Urban State Violence","USA/00-00-1985/MOVE Bombing Philadelphia Police, Fire, Race and Urban State Violence",usa_1985_move_bombing_philadelphia_police_fire_race_urban_state_violence,"MOVE Bombing: Philadelphia Police, Fire, Race and Urban State Violence","MOVE Bombing: Αστυνομία Philadelphia, Φωτιά, Φυλή και Αστική Κρατική Βία",police violence / urban governance,αστυνομική βία / αστική διακυβέρνηση,documented case with some disputed interpretation,τεκμηριωμένη υπόθεση με αμφισβητούμενες ερμηνείες,6
USA,00-00-1985,1985,Therac-25 radiation overdoses and software safety failure,USA/00-00-1985/Therac-25 radiation overdoses and software safety failure,usa_1985_therac25_radiation_overdose_software_safety,Therac-25 radiation overdoses and software safety failure,"Therac-25, υπερδοσολογίες ακτινοβολίας και αποτυχία ασφάλειας λογισμικού",medical technology / software safety / regulation,ιατρική τεχνολογία / ασφάλεια λογισμικού / εποπτεία,documented medical-device accidents and safety analysis,τεκμηριωμένα ατυχήματα ιατρικής συσκευής και ανάλυση ασφάλειας,2
USA,00-00-1986,1986,"Challenger Disaster Engineering Warnings, Launch Pressure and Institutional Silence","USA/00-00-1986/Challenger Disaster Engineering Warnings, Launch Pressure and Institutional Silence",usa_1986_challenger_disaster_engineering_warnings_launch_pressure_institutional,"Challenger Disaster: Engineering Warnings, Launch Pressure and Institutional Silence","Challenger: Προειδοποιήσεις Μηχανικών, Πίεση Εκτόξευσης και Θεσμική Σιωπή",space disaster / organizational failure,διαστημική καταστροφή / οργανωσιακή αποτυχία,documented case with some disputed interpretation,τεκμηριωμένη υπόθεση με αμφισβητούμενες ερμηνείες,2
USA,00-00-1986,1986,Iran Contra affair,USA/00-00-1986/Iran Contra affair,usa_1986_iran_contra_affair,Iran Contra affair,Iran Contra affair,covert policy / executive power,covert policy / executive power,documented scandal,documented scandal,2
USA,00-00-1986,1986,Iran-Contra secret policy network,USA/00-00-1986/Iran-Contra secret policy network,usa_1986_iran_contra_secret_policy_network,Iran-Contra secret policy network,Iran-Contra και μυστικό δίκτυο πολιτικής,foreign policy / covert funding,εξωτερική πολιτική / μυστική χρηματοδότηση,mixed public record; read source trail,μικτό δημόσιο αρχείο· διάβασε τις πηγές,2
USA,00-00-1988,1988,Pan Am Flight 103 investigation and geopolitical blame,USA/00-00-1988/Pan Am Flight 103 investigation and geopolitical blame,usa_1988_pan_am_flight_103_investigation_geopolitical_blame,Pan Am Flight 103 investigation and geopolitical blame,Pan Am Flight 103 investigation and geopolitical blame,terrorism / intelligence controversy,terrorism / intelligence controversy,mixed: documented event with disputed interpretations,μικτό: τεκμηριωμένο γεγονός με αμφισβητούμενες ερμηνείες,2
USA,00-00-1989,1989,"Central Park Five False Confessions, Media Fury and Wrongful Conviction","USA/00-00-1989/Central Park Five False Confessions, Media Fury and Wrongful Conviction",usa_1989_central_park_five_false_confessions_media_fury_wrongful_conviction,"Central Park Five: False Confessions, Media Fury and Wrongful Conviction","Central Park Five: Ψευδείς Ομολογίες, Μιντιακή Οργή και Άδικη Καταδίκη",wrongful conviction / media panic / race and policing,άδικη καταδίκη / μιντιακός πανικός / φυλή και αστυνόμευση,documented exoneration after wrongful convictions,τεκμηριωμένη αθώωση μετά από άδικες καταδίκες,2
USA,00-00-1989,1989,"Exxon Valdez oil spill, corporate safety, and ecological accountability","USA/00-00-1989/Exxon Valdez oil spill, corporate safety, and ecological accountability",usa_1989_exxon_valdez_oil_spill_corporate_safety_ecology,"Exxon Valdez oil spill, corporate safety, and ecological accountability","Exxon Valdez, πετρελαιοκηλίδα, εταιρική ασφάλεια και οικολογική λογοδοσία",environmental disaster / corporate accountability,περιβαλλοντική καταστροφή / εταιρική λογοδοσία,documented oil spill with long litigation and ecological impact,τεκμηριωμένη πετρελαιοκηλίδα με μακρά δικαστική και οικολογική επίδραση,2
USA,00-00-1991,1991,Rodney King beating and LAPD accountability,USA/00-00-1991/Rodney King beating and LAPD accountability,usa_1991_rodney_king_beating_lapd_accountability,Rodney King beating and LAPD accountability,Rodney King beating and LAPD accountability,police violence / media evidence,police violence / media evidence,documented police abuse,documented police abuse,2
USA,00-00-1992,1992,Los Angeles riots and Rodney King verdict,USA/00-00-1992/Los Angeles riots and Rodney King verdict,usa_1992_los_angeles_riots_and_rodney_king_verdict,Los Angeles riots and Rodney King verdict,Ταραχές Λος Άντζελες και ετυμηγορία Rodney King,police violence / urban unrest,αστυνομική βία / αστική αναταραχή,documented or historically established event; details vary by source,τεκμηριωμένο ή ιστορικά καθιερωμένο γεγονός· οι λεπτομέρειες διαφέρουν ανά πηγή,2
USA,00-00-1992,1992,Ruby Ridge siege and rules of engagement crisis,USA/00-00-1992/Ruby Ridge siege and rules of engagement crisis,usa_1992_ruby_ridge_siege_rules_engagement_crisis,Ruby Ridge siege and rules of engagement crisis,Ruby Ridge siege and rules of engagement crisis,federal law enforcement / militarization,federal law enforcement / militarization,mixed: documented event with disputed interpretations,μικτό: τεκμηριωμένο γεγονός με αμφισβητούμενες ερμηνείες,2
USA,00-00-1992,1992,"Ruby Ridge Federal Siege, Rules of Engagement and Public Trust","USA/00-00-1992/Ruby Ridge Federal Siege, Rules of Engagement and Public Trust",usa_1992_ruby_ridge_federal_siege_rules_engagement,"Ruby Ridge: Federal Siege, Rules of Engagement and Public Trust","Ruby Ridge: Ομοσπονδιακή Πολιορκία, Κανόνες Εμπλοκής και Δημόσια Εμπιστοσύνη",federal force / siege / civil liberties,ομοσπονδιακή δύναμη / πολιορκία / πολιτικές ελευθερίες,documented deadly operation with official reviews,τεκμηριωμένη θανατηφόρα επιχείρηση με επίσημους ελέγχους,2
USA,00-00-1993,1993,"USA — Waco, Branch Davidians, ATF FBI siege, media, and public trust (1993)","USA/00-00-1993/USA — Waco, Branch Davidians, ATF FBI siege, media, and public trust (1993)",usa_1993_waco_branch_davidians_atf_fbi_siege_media,"USA — Waco, Branch Davidians, ATF/FBI siege, media, and public trust (1993)","ΗΠΑ — Waco, Branch Davidians, ATF/FBI, πολιορκία και δημόσια εμπιστοσύνη (1993)",public trust / accountability,δημόσια εμπιστοσύνη / λογοδοσία,"High for raid/siege/deaths; contested on responsibility, intent, and some tactical claims.",μικτό δημόσιο αρχείο· διάβασε τις πηγές,4
USA,00-00-1993,1993,"Waco Siege ATF Raid, FBI Negotiation Failure and Fire Narrative Wars","USA/00-00-1993/Waco Siege ATF Raid, FBI Negotiation Failure and Fire Narrative Wars",usa_1993_waco_siege_atf_raid_fbi_negotiation_failure_fire_narrative_wars,"Waco Siege: ATF Raid, FBI Negotiation Failure and Fire Narrative Wars","Waco: Έφοδος ATF, Αποτυχία Διαπραγμάτευσης FBI και Πόλεμος Αφηγήσεων για τη Φωτιά",federal siege / religion / force escalation,ομοσπονδιακή πολιορκία / θρησκεία / κλιμάκωση βίας,documented case with some disputed interpretation,τεκμηριωμένη υπόθεση με αμφισβητούμενες ερμηνείες,2
USA,00-00-1993,1993,World Trade Center bombing intelligence aftermath,USA/00-00-1993/World Trade Center bombing intelligence aftermath,usa_1993_world_trade_center_bombing_intelligence_aftermath,World Trade Center bombing intelligence aftermath,World Trade Center bombing intelligence aftermath,terrorism / security failure,terrorism / security failure,mixed: documented event with disputed interpretations,μικτό: τεκμηριωμένο γεγονός με αμφισβητούμενες ερμηνείες,2
USA,00-00-1994,1994,"USA — PROJECT BLUE BEAM PANIC, UAP, SYNTHETIC MEDIA, AND CONTROL MYTHS (1994–2026)","USA/00-00-1994/USA — PROJECT BLUE BEAM PANIC, UAP, SYNTHETIC MEDIA, AND CONTROL MYTHS (1994–2026)",usa_1994_project_blue_beam_panic_uap_synthetic_media_control_myths,"USA — PROJECT BLUE BEAM: PANIC, UAP, SYNTHETIC MEDIA, AND CONTROL MYTHS (1994–2026)","ΗΠΑ — PROJECT BLUE BEAM: ΠΑΝΙΚΌΣ, UAP, ΣΥΝΘΕΤΙΚΆ ΜΈΣΑ ΚΑΙ ΜΎΘΟΙ ΕΛΈΓΧΟΥ (1994–2026)",public trust / accountability,δημόσια εμπιστοσύνη / λογοδοσία,mixed public record; read source trail,μικτό δημόσιο αρχείο· διάβασε τις πηγές,4
USA,00-00-1995,1995,Oklahoma City bombing and extremist warning failure,USA/00-00-1995/Oklahoma City bombing and extremist warning failure,usa_1995_oklahoma_city_bombing_extremist_warning_failure,Oklahoma City bombing and extremist warning failure,Oklahoma City bombing and extremist warning failure,domestic terrorism / warning signs,domestic terrorism / warning signs,mixed: documented event with disputed interpretations,μικτό: τεκμηριωμένο γεγονός με αμφισβητούμενες ερμηνείες,2
USA,00-00-1995,1995,"Oklahoma City Bombing Backlash Extremism, Informants and Federal Security Panic","USA/00-00-1995/Oklahoma City Bombing Backlash Extremism, Informants and Federal Security Panic",usa_1995_oklahoma_city_bombing_backlash_extremism_informants_federal_security_p,"Oklahoma City Bombing Backlash: Extremism, Informants and Federal Security Panic","Oklahoma City: Εξτρεμισμός, Πληροφοριοδότες και Ομοσπονδιακός Πανικός Ασφάλειας",terrorism / security response / conspiracy ecosystem,τρομοκρατία / απάντηση ασφάλειας / οικοσύστημα θεωριών,documented case with some disputed interpretation,τεκμηριωμένη υπόθεση με αμφισβητούμενες ερμηνείες,2
USA,00-00-1996,1996,CIA Dark Alliance crack cocaine controversy,USA/00-00-1996/CIA Dark Alliance crack cocaine controversy,usa_1996_cia_dark_alliance_crack_cocaine_controversy,CIA Dark Alliance crack cocaine controversy,CIA Dark Alliance και διαμάχη για crack κοκαΐνη,media / intelligence controversy,μέσα ενημέρωσης / διαμάχη υπηρεσιών πληροφοριών,contested but historically significant,contested but historically significant,2
USA,00-00-1996,1996,"U.S. OPIOID CRISIS CORPORATE POWER, STATE FAILURE, AND THE LONG SETTLEMENT TRAIL (1996-2","USA/00-00-1996/U.S. OPIOID CRISIS CORPORATE POWER, STATE FAILURE, AND THE LONG SETTLEMENT TRAIL (1996-2",usa_1996_opioid_crisis_purdue_sacklers_mckinsey,"U.S. OPIOID CRISIS: CORPORATE POWER, STATE FAILURE, AND THE LONG SETTLEMENT TRAIL (1996-2026)","ΗΠΑ: ΚΡΙΣΗ ΟΠΙΟΕΙΔΩΝ, ΕΤΑΙΡΙΚΗ ΙΣΧΥΣ ΚΑΙ ΚΡΑΤΙΚΗ ΑΠΟΤΥΧΙΑ (1996-2026)",public trust / accountability,δημόσια εμπιστοσύνη / λογοδοσία,mixed public record; read source trail,μικτό δημόσιο αρχείο· διάβασε τις πηγές,2
USA,00-00-1998,1998,"Tobacco Master Settlement, addiction science, and political money","USA/00-00-1998/Tobacco Master Settlement, addiction science, and political money",usa_1998_tobacco_master_settlement_addiction_science_political_money,"Tobacco Master Settlement, addiction science, and political money","Tobacco Master Settlement, επιστήμη εθισμού και πολιτικό χρήμα",public health / corporate deception / settlement politics,δημόσια υγεία / εταιρική παραπλάνηση / πολιτική διακανονισμών,documented settlement and corporate public-health record,τεκμηριωμένος διακανονισμός και εταιρικό αρχείο δημόσιας υγείας,2
USA,00-00-1999,1999,Columbine massacre and media panic cycle,USA/00-00-1999/Columbine massacre and media panic cycle,usa_1999_columbine_massacre_media_panic_cycle,Columbine massacre and media panic cycle,Columbine massacre and media panic cycle,school violence / social panic,school violence / social panic,mixed: documented event with disputed interpretations,μικτό: τεκμηριωμένο γεγονός με αμφισβητούμενες ερμηνείες,2
USA,00-00-1999,1999,"Seattle WTO protests, policing, surveillance and globalization backlash (1999)","USA/00-00-1999/Seattle WTO protests, policing, surveillance and globalization backlash (1999)",usa_1999_seattle_wto_protests_policing_surveillance_globalization_backlash,"Seattle WTO protests, policing, surveillance and globalization backlash (1999)","Seattle WTO, αστυνόμευση, επιτήρηση και αντίδραση στην παγκοσμιοποίηση (1999)","Policing, force and institutional accountability",δημόσια εμπιστοσύνη / λογοδοσία,documented/partly documented public record; disputed parts are labelled as disputed,μικτό δημόσιο αρχείο· διάβασε τις πηγές,2
USA,00-00-2000,2000,Bush v Gore and election legitimacy crisis,USA/00-00-2000/Bush v Gore and election legitimacy crisis,usa_2000_bush_v_gore_election_legitimacy_crisis,Bush v Gore and election legitimacy crisis,Bush v Gore and election legitimacy crisis,elections / judiciary,elections / judiciary,documented constitutional crisis,documented constitutional crisis,2
USA,00-00-2001,2001,"Anthrax Letters and Amerithrax Bioterror, Lab Science and FBI Certainty","USA/00-00-2001/Anthrax Letters and Amerithrax Bioterror, Lab Science and FBI Certainty",usa_2001_anthrax_letters_amerithrax_bioterror_lab_science_fbi_certainty,"Anthrax Letters and Amerithrax: Bioterror, Lab Science and FBI Certainty","Anthrax Letters και Amerithrax: Βιοτρομοκρατία, Εργαστηριακή Επιστήμη και Βεβαιότητα FBI",bioterror / forensic uncertainty,βιοτρομοκρατία / ιατροδικαστική αβεβαιότητα,documented case with some disputed interpretation,τεκμηριωμένη υπόθεση με αμφισβητούμενες ερμηνείες,2
USA,00-00-2001,2001,"Enron accounting fraud, energy trading, and auditor collapse","USA/00-00-2001/Enron accounting fraud, energy trading, and auditor collapse",usa_2001_enron_accounting_fraud_energy_market_capture,"Enron accounting fraud, energy trading, and auditor collapse","Enron: λογιστική απάτη, αγορά ενέργειας και κατάρρευση ελεγκτή",corporate fraud / energy markets / audit failure,εταιρική απάτη / αγορές ενέργειας / αποτυχία ελέγχου,documented corporate fraud with convictions and market fallout,τεκμηριωμένη εταιρική απάτη με καταδίκες και συνέπειες αγοράς,2
USA,00-00-2001,2001,PATRIOT Act and permanent emergency powers,USA/00-00-2001/PATRIOT Act and permanent emergency powers,usa_2001_patriot_act_permanent_emergency_powers,PATRIOT Act and permanent emergency powers,PATRIOT Act and permanent emergency powers,surveillance / counterterrorism,surveillance / counterterrorism,documented law and policy shift,documented law and policy shift,2
USA,00-00-2001,2001,Patriot Act expansion after 9 11,USA/00-00-2001/Patriot Act expansion after 9 11,usa_2001_patriot_act_expansion_after_9_11,Patriot Act expansion after 9/11,Επέκταση Patriot Act μετά την 11η Σεπτεμβρίου,surveillance law / emergency powers,νόμος παρακολούθησης / εξουσίες έκτακτης ανάγκης,documented or historically established event; details vary by source,τεκμηριωμένο ή ιστορικά καθιερωμένο γεγονός· οι λεπτομέρειες διαφέρουν ανά πηγή,2
USA,00-00-2001,2001,"U.S. NATIONAL SECURITY LETTERS, GAG ORDERS, AND QUIET SURVEILLANCE POWERS (2001-2024)","USA/00-00-2001/U.S. NATIONAL SECURITY LETTERS, GAG ORDERS, AND QUIET SURVEILLANCE POWERS (2001-2024)",usa_2001_national_security_letters_gag_orders,"U.S. NATIONAL SECURITY LETTERS, GAG ORDERS, AND QUIET SURVEILLANCE POWERS (2001-2024)","ΗΠΑ: NATIONAL SECURITY LETTERS, ORDERS ΣΙΩΠΗΣ ΚΑΙ Η ΣΙΩΠΗΛΗ ΠΛΕΥΡΑ ΤΗΣ ΕΠΙΤΗΡΗΣΗΣ (2001-2024)",public trust / accountability,δημόσια εμπιστοσύνη / λογοδοσία,mixed public record; read source trail,μικτό δημόσιο αρχείο· διάβασε τις πηγές,2
USA,00-00-2001,2001,"USA Fusion Centers, Suspicious Activity Reporting, and Domestic Intelligence Drift (2001","USA/00-00-2001/USA Fusion Centers, Suspicious Activity Reporting, and Domestic Intelligence Drift (2001",usa_2001_fusion_centers_suspicious_activity_reporting,"USA: Fusion Centers, Suspicious Activity Reporting, and Domestic Intelligence Drift (2001-2026)","ΗΠΑ: Fusion Centers, αναφορές ύποπτης δραστηριότητας και διολίσθηση προς εσωτερική νοημοσύνη (2001-2026)",public trust / accountability,δημόσια εμπιστοσύνη / λογοδοσία,mixed public record; read source trail,μικτό δημόσιο αρχείο· διάβασε τις πηγές,2
USA,00-00-2001,2001,"USA Iraq WMD, Intelligence Failure, and the Case for War (2001-2016)","USA/00-00-2001/USA Iraq WMD, Intelligence Failure, and the Case for War (2001-2016)",usa_2001_iraq_wmd_for_war,"USA: Iraq WMD, Intelligence Failure, and the Case for War (2001-2016)","ΗΠΑ: Ιράκ, WMD και η υπόθεση για πόλεμο (2001-2016)",public trust / accountability,δημόσια εμπιστοσύνη / λογοδοσία,mixed public record; read source trail,μικτό δημόσιο αρχείο· διάβασε τις πηγές,2
USA,00-00-2001,2001,WorldCom accounting fraud and telecom-bubble trust collapse,USA/00-00-2001/WorldCom accounting fraud and telecom-bubble trust collapse,usa_2001_worldcom_accounting_fraud_telecom_bubble,WorldCom accounting fraud and telecom-bubble trust collapse,"WorldCom, λογιστική απάτη και κατάρρευση εμπιστοσύνης τηλεπικοινωνιακής φούσκας",corporate fraud / accounting / telecom bubble,εταιρική απάτη / λογιστική / τηλεπικοινωνιακή φούσκα,documented corporate fraud with criminal convictions,τεκμηριωμένη εταιρική απάτη με ποινικές καταδίκες,2
USA,00-00-2002,2002,Abu Ghraib prisoner abuse scandal,USA/00-00-2002/Abu Ghraib prisoner abuse scandal,usa_2002_abu_ghraib_prisoner_abuse_scandal,Abu Ghraib prisoner abuse scandal,Abu Ghraib prisoner abuse scandal,war crimes / detention,war crimes / detention,documented abuse,documented abuse,2
USA,00-00-2002,2002,"Catholic Church abuse scandal, Boston Spotlight, and institutional cover-up","USA/00-00-2002/Catholic Church abuse scandal, Boston Spotlight, and institutional cover-up",usa_2002_catholic_church_abuse_boston_spotlight_coverup,"Catholic Church abuse scandal, Boston Spotlight, and institutional cover-up","Σκάνδαλο κακοποίησης Καθολικής Εκκλησίας, Boston Spotlight και θεσμική συγκάλυψη",abuse / religious institution / cover-up,κακοποίηση / θρησκευτικός θεσμός / συγκάλυψη,documented abuse scandal with court files and settlements,τεκμηριωμένο σκάνδαλο κακοποίησης με δικαστικά αρχεία και διακανονισμούς,2
USA,00-00-2002,2002,"Enron and Arthur Andersen Energy Trading, Accounting Tricks and Regulatory Capture","USA/00-00-2002/Enron and Arthur Andersen Energy Trading, Accounting Tricks and Regulatory Capture",usa_2002_enron_arthur_andersen_energy_trading_accounting_tricks_regulatory_capt,"Enron and Arthur Andersen: Energy Trading, Accounting Tricks and Regulatory Capture","Enron και Arthur Andersen: Ενέργεια, Λογιστικά Κόλπα και Ρυθμιστική Αιχμαλωσία",corporate fraud / accounting,εταιρική απάτη / λογιστική,documented case with some disputed interpretation,τεκμηριωμένη υπόθεση με αμφισβητούμενες ερμηνείες,2
USA,00-00-2002,2002,No Child Left Behind testing regime and data pressure,USA/00-00-2002/No Child Left Behind testing regime and data pressure,usa_2002_no_child_left_behind_testing_regime_data_pressure,No Child Left Behind testing regime and data pressure,No Child Left Behind testing regime and data pressure,education policy / institutional incentives,education policy / institutional incentives,mixed: documented event with disputed interpretations,μικτό: τεκμηριωμένο γεγονός με αμφισβητούμενες ερμηνείες,2
USA,00-00-2002,2002,"USA — Total Information Awareness, data mining, and the post-9 11 surveillance dream (20","USA/00-00-2002/USA — Total Information Awareness, data mining, and the post-9 11 surveillance dream (20",usa_2002_total_information_awareness_data_mining_post_911_surveillance_dream,"USA — Total Information Awareness, data mining, and the post-9/11 surveillance dream (2002–2003)","ΗΠΑ — Total Information Awareness, εξόρυξη δεδομένων και όνειρο επιτήρησης μετά την 11η Σεπτεμβρίου (2002–2003)",public trust / accountability,δημόσια εμπιστοσύνη / λογοδοσία,High for the program proposal and backlash; medium for claims about direct successors.,μικτό δημόσιο αρχείο· διάβασε τις πηγές,4
USA,00-00-2003,2003,"Abu Ghraib torture photos, command responsibility and secrecy (2003-2004)","USA/00-00-2003/Abu Ghraib torture photos, command responsibility and secrecy (2003-2004)",usa_2003_abu_ghraib_torture_photos_command_responsibility_secrecy,"Abu Ghraib torture photos, command responsibility and secrecy (2003-2004)","Abu Ghraib, φωτογραφίες βασανιστηρίων, ευθύνη διοίκησης και μυστικότητα (2003-2004)","Policing, force and institutional accountability",δημόσια εμπιστοσύνη / λογοδοσία,documented/partly documented public record; disputed parts are labelled as disputed,μικτό δημόσιο αρχείο· διάβασε τις πηγές,2
USA,00-00-2003,2003,Iraq WMD intelligence failure,USA/00-00-2003/Iraq WMD intelligence failure,usa_2003_iraq_wmd_intelligence_failure,Iraq WMD intelligence failure,Iraq WMD intelligence failure,war / intelligence failure,war / intelligence failure,documented intelligence and policy failure,documented intelligence and policy failure,2
USA,00-00-2003,2003,"Valerie Plame Affair Intelligence Identity, Iraq War Politics and Retaliation Claims","USA/00-00-2003/Valerie Plame Affair Intelligence Identity, Iraq War Politics and Retaliation Claims",usa_2003_valerie_plame_affair_intelligence_identity_iraq_war_politics_retaliati,"Valerie Plame Affair: Intelligence Identity, Iraq War Politics and Retaliation Claims","Υπόθεση Valerie Plame: Ταυτότητα Πληροφοριών, Πολιτική Πολέμου Ιράκ και Ισχυρισμοί Αντιποίνων",intelligence leak / war politics,διαρροή πληροφοριών / πολιτική πολέμου,documented case with some disputed interpretation,τεκμηριωμένη υπόθεση με αμφισβητούμενες ερμηνείες,2
USA,00-00-2004,2004,Abu Ghraib abuse photographs and command responsibility,USA/00-00-2004/Abu Ghraib abuse photographs and command responsibility,usa_2004_abu_ghraib_abuse_photographs_and_command_responsibility,Abu Ghraib abuse photographs and command responsibility,Φωτογραφίες κακοποίησης Abu Ghraib και ευθύνη διοίκησης,war abuse / accountability,κακοποίηση πολέμου / λογοδοσία,documented or historically established event; details vary by source,τεκμηριωμένο ή ιστορικά καθιερωμένο γεγονός· οι λεπτομέρειες διαφέρουν ανά πηγή,2
USA,00-00-2004,2004,CIA black sites and extraordinary rendition,USA/00-00-2004/CIA black sites and extraordinary rendition,usa_2004_cia_black_sites_extraordinary_rendition,CIA black sites and extraordinary rendition,CIA black sites and extraordinary rendition,war on terror / detention,war on terror / detention,mixed: documented event with disputed interpretations,μικτό: τεκμηριωμένο γεγονός με αμφισβητούμενες ερμηνείες,2
USA,00-00-2005,2005,Hurricane Katrina levee failure and abandonment,USA/00-00-2005/Hurricane Katrina levee failure and abandonment,usa_2005_hurricane_katrina_levee_failure_abandonment,Hurricane Katrina levee failure and abandonment,Hurricane Katrina levee failure and abandonment,disaster governance / inequality,disaster governance / inequality,mixed: documented event with disputed interpretations,μικτό: τεκμηριωμένο γεγονός με αμφισβητούμενες ερμηνείες,2
USA,00-00-2005,2005,"Hurricane Katrina Response Disaster Governance, Race, Class and State Abandonment","USA/00-00-2005/Hurricane Katrina Response Disaster Governance, Race, Class and State Abandonment",usa_2005_hurricane_katrina_response_disaster_governance_race_class_state_abando,"Hurricane Katrina Response: Disaster Governance, Race, Class and State Abandonment","Katrina: Διαχείριση Καταστροφής, Φυλή, Τάξη και Κρατική Εγκατάλειψη",disaster governance / inequality,διαχείριση καταστροφής / ανισότητα,documented case with some disputed interpretation,τεκμηριωμένη υπόθεση με αμφισβητούμενες ερμηνείες,2
USA,00-00-2005,2005,NSA warrantless wiretapping and post-9 11 executive power (2005-2008),USA/00-00-2005/NSA warrantless wiretapping and post-9 11 executive power (2005-2008),usa_2005_nsa_warrantless_wiretapping_post_911_executive_power,NSA warrantless wiretapping and post-9/11 executive power (2005-2008),Υποκλοπές NSA χωρίς ένταλμα και εκτελεστική ισχύς μετά την 11η Σεπτεμβρίου (2005-2008),"Surveillance, secrecy and information control",δημόσια εμπιστοσύνη / λογοδοσία,documented/partly documented public record; disputed parts are labelled as disputed,μικτό δημόσιο αρχείο· διάβασε τις πηγές,2
USA,00-00-2005,2005,NSA warrantless wiretapping disclosure,USA/00-00-2005/NSA warrantless wiretapping disclosure,usa_2005_nsa_warrantless_wiretapping_disclosure,NSA warrantless wiretapping disclosure,NSA warrantless wiretapping disclosure,surveillance / executive power,surveillance / executive power,documented secret program,documented secret program,2
USA,00-00-2005,2005,"USA — DIGITAL ID, REAL ID, AND MOBILE LICENSES CONVENIENCE OR CONTROL LAYER (2005–2026)","USA/00-00-2005/USA — DIGITAL ID, REAL ID, AND MOBILE LICENSES CONVENIENCE OR CONTROL LAYER (2005–2026)",usa_2005_digital_id_real_id_mobile_licenses,"USA — DIGITAL ID, REAL ID, AND MOBILE LICENSES: CONVENIENCE OR CONTROL LAYER? (2005–2026)","ΗΠΑ — ΨΗΦΙΑΚΉ ΤΑΥΤΌΤΗΤΑ, REAL ID ΚΑΙ MOBILE LICENSES: ΕΥΚΟΛΊΑ Ή ΣΤΡΏΜΑ ΕΛΈΓΧΟΥ; (2005–2026)",public trust / accountability,δημόσια εμπιστοσύνη / λογοδοσία,mixed public record; read source trail,μικτό δημόσιο αρχείο· διάβασε τις πηγές,4
USA,00-00-2007,2007,Mortgage crisis and foreclosure machine,USA/00-00-2007/Mortgage crisis and foreclosure machine,usa_2007_mortgage_crisis_foreclosure_machine,Mortgage crisis and foreclosure machine,Mortgage crisis and foreclosure machine,financial corruption / systemic failure,financial corruption / systemic failure,documented systemic failure,documented systemic failure,2
USA,00-00-2007,2007,"Skinwalker Ranch, AATIP-era contracts, UAP folklore and private paranormal research (200","USA/00-00-2007/Skinwalker Ranch, AATIP-era contracts, UAP folklore and private paranormal research (200",usa_2007_skinwalker_ranch_aatip_contracts_uap_folklore_private_paranormal_resea,"Skinwalker Ranch, AATIP-era contracts, UAP folklore and private paranormal research (2007-2026)","Skinwalker Ranch, συμβάσεις AATIP, UAP folklore και ιδιωτική παραφυσική έρευνα (2007-2026)","UFO, supernatural claims and public psychology",δημόσια εμπιστοσύνη / λογοδοσία,documented/partly documented public record; disputed parts are labelled as disputed,μικτό δημόσιο αρχείο· διάβασε τις πηγές,2
USA,00-00-2007,2007,"USA Epstein Case, Plea Deal, Jail Death, and Files Release Battle (2007-2026)","USA/00-00-2007/USA Epstein Case, Plea Deal, Jail Death, and Files Release Battle (2007-2026)",usa_2007_epstein_files,"USA: Epstein Case, Plea Deal, Jail Death, and Files Release Battle (2007-2026)","ΗΠΑ: Υπόθεση Epstein, Συμφωνία Μη Δίωξης, Θάνατος στη Φυλακή και Μάχη για τα Αρχεία (2007-2026)",public trust / accountability,δημόσια εμπιστοσύνη / λογοδοσία,mixed public record; read source trail,μικτό δημόσιο αρχείο· διάβασε τις πηγές,2
USA,00-00-2007,2007,"USA Snowden, PRISM, and Section 702 Surveillance (2007-2026)","USA/00-00-2007/USA Snowden, PRISM, and Section 702 Surveillance (2007-2026)",usa_2007_snowden_prism_section702,"USA: Snowden, PRISM, and Section 702 Surveillance (2007-2026)","ΗΠΑ: Snowden, PRISM και επιτήρηση μέσω Section 702 (2007-2026)",public trust / accountability,δημόσια εμπιστοσύνη / λογοδοσία,mixed public record; read source trail,μικτό δημόσιο αρχείο· διάβασε τις πηγές,2
USA,00-00-2008,2008,"2008 financial crisis, bailouts, and moral hazard","USA/00-00-2008/2008 financial crisis, bailouts, and moral hazard",usa_2008_financial_crisis_bailouts_and_moral_hazard,"2008 financial crisis, bailouts, and moral hazard","Κρίση 2008, διασώσεις τραπεζών και ηθικός κίνδυνος",financial crisis / regulatory failure,χρηματοπιστωτική κρίση / αποτυχία εποπτείας,documented crisis with contested blame and accountability,τεκμηριωμένη κρίση με αμφισβητούμενη ευθύνη και λογοδοσία,2
USA,00-00-2008,2008,AIG bailout and too big to fail culture,USA/00-00-2008/AIG bailout and too big to fail culture,usa_2008_aig_bailout_too_big_fail_culture,AIG bailout and too big to fail culture,AIG bailout and too big to fail culture,financial crisis / moral hazard,financial crisis / moral hazard,mixed: documented event with disputed interpretations,μικτό: τεκμηριωμένο γεγονός με αμφισβητούμενες ερμηνείες,2
USA,00-00-2008,2008,"Bernie Madoff Ponzi Finance, SEC Warnings and Elite Trust Collapse","USA/00-00-2008/Bernie Madoff Ponzi Finance, SEC Warnings and Elite Trust Collapse",usa_2008_bernie_madoff_ponzi_finance_sec_warnings_elite_collapse,"Bernie Madoff: Ponzi Finance, SEC Warnings and Elite Trust Collapse","Bernie Madoff: Πυραμίδα, Προειδοποιήσεις SEC και Κατάρρευση Εμπιστοσύνης Ελίτ",financial fraud / regulatory failure,οικονομική απάτη / ρυθμιστική αποτυχία,documented case with some disputed interpretation,τεκμηριωμένη υπόθεση με αμφισβητούμενες ερμηνείες,2
USA,00-00-2008,2008,"Financial crisis, rating agencies, bailouts and regulatory capture (2008)","USA/00-00-2008/Financial crisis, rating agencies, bailouts and regulatory capture (2008)",usa_2008_financial_crisis_rating_agencies_bailouts_regulatory_capture,"Financial crisis, rating agencies, bailouts and regulatory capture (2008)","Χρηματοπιστωτική κρίση, οίκοι αξιολόγησης, διασώσεις και ρυθμιστική αιχμαλωσία (2008)","Corruption, capture and public money",δημόσια εμπιστοσύνη / λογοδοσία,documented/partly documented public record; disputed parts are labelled as disputed,μικτό δημόσιο αρχείο· διάβασε τις πηγές,2
USA,00-00-2009,2009,H1N1 pandemic response and trust rehearsal,USA/00-00-2009/H1N1 pandemic response and trust rehearsal,usa_2009_h1n1_pandemic_response_rehearsal,H1N1 pandemic response and trust rehearsal,H1N1 pandemic response and trust rehearsal,public health / risk communication,public health / risk communication,mixed: documented event with disputed interpretations,μικτό: τεκμηριωμένο γεγονός με αμφισβητούμενες ερμηνείες,2
USA,00-00-2009,2009,"Kids for Cash, judicial corruption and private detention (2008-2011)","USA/00-00-2009/Kids for Cash, judicial corruption and private detention (2008-2011)",usa_2009_kids_for_cash_judicial_corruption_private_detention,"Kids for Cash, judicial corruption and private detention (2008-2011)","Kids for Cash, δικαστική διαφθορά και ιδιωτική κράτηση ανηλίκων (2008-2011)","Corruption, capture and public money",δημόσια εμπιστοσύνη / λογοδοσία,documented/partly documented public record; disputed parts are labelled as disputed,μικτό δημόσιο αρχείο· διάβασε τις πηγές,2
USA,00-00-2010,2010,Citizens United and dark money politics,USA/00-00-2010/Citizens United and dark money politics,usa_2010_citizens_united_dark_money_politics,Citizens United and dark money politics,Citizens United and dark money politics,elections / money power,elections / money power,documented legal turning point,documented legal turning point,2
USA,00-00-2010,2010,"Deepwater Horizon Offshore Oil, Safety Culture and Environmental Catastrophe","USA/00-00-2010/Deepwater Horizon Offshore Oil, Safety Culture and Environmental Catastrophe",usa_2010_deepwater_horizon_offshore_oil_safety_culture_environmental_catastroph,"Deepwater Horizon: Offshore Oil, Safety Culture and Environmental Catastrophe","Deepwater Horizon: Πετρέλαιο, Κουλτούρα Ασφάλειας και Περιβαλλοντική Καταστροφή",industrial disaster / environmental harm,βιομηχανική καταστροφή / περιβαλλοντική ζημιά,documented case with some disputed interpretation,τεκμηριωμένη υπόθεση με αμφισβητούμενες ερμηνείες,2
USA,00-00-2011,2011,"Fast and Furious, ATF gunwalking, oversight and border violence (2009-2012)","USA/00-00-2011/Fast and Furious, ATF gunwalking, oversight and border violence (2009-2012)",usa_2011_fast_furious_atf_gunwalking_oversight_border_violence,"Fast and Furious, ATF gunwalking, oversight and border violence (2009-2012)","Fast and Furious, gunwalking της ATF, εποπτεία και βία στα σύνορα (2009-2012)","Surveillance, secrecy and information control",δημόσια εμπιστοσύνη / λογοδοσία,documented/partly documented public record; disputed parts are labelled as disputed,μικτό δημόσιο αρχείο· διάβασε τις πηγές,2
USA,00-00-2011,2011,Operation Fast and Furious,USA/00-00-2011/Operation Fast and Furious,usa_2011_operation_fast_furious,Operation Fast and Furious,Operation Fast and Furious,law enforcement failure,law enforcement failure,documented oversight scandal,documented oversight scandal,2
USA,00-00-2012,2012,"HSBC Money Laundering Case Cartel Money, Deferred Prosecution and Too-Big-To-Jail Logic","USA/00-00-2012/HSBC Money Laundering Case Cartel Money, Deferred Prosecution and Too-Big-To-Jail Logic",usa_2012_hsbc_money_laundering_cartel_money_deferred_prosecution_too_big_jail_l,"HSBC Money Laundering Case: Cartel Money, Deferred Prosecution and Too-Big-To-Jail Logic","HSBC: Ξέπλυμα Χρήματος, Καρτέλ και Λογική Too-Big-To-Jail",banking crime / deferred prosecution,τραπεζικό έγκλημα / αναστολή δίωξης,documented case with some disputed interpretation,τεκμηριωμένη υπόθεση με αμφισβητούμενες ερμηνείες,2
USA,00-00-2012,2012,Sandy Hook tragedy and conspiracy harassment aftermath,USA/00-00-2012/Sandy Hook tragedy and conspiracy harassment aftermath,usa_2012_sandy_hook_tragedy_conspiracy_harassment_aftermath,Sandy Hook tragedy and conspiracy harassment aftermath,Sandy Hook tragedy and conspiracy harassment aftermath,mass violence / conspiracy culture,mass violence / conspiracy culture,mixed: documented event with disputed interpretations,μικτό: τεκμηριωμένο γεγονός με αμφισβητούμενες ερμηνείες,2
USA,00-00-2013,2013,PRISM disclosures and platform surveillance,USA/00-00-2013/PRISM disclosures and platform surveillance,usa_2013_prism_disclosures_platform_surveillance,PRISM disclosures and platform surveillance,PRISM disclosures and platform surveillance,surveillance / digital infrastructure,surveillance / digital infrastructure,mixed: documented event with disputed interpretations,μικτό: τεκμηριωμένο γεγονός με αμφισβητούμενες ερμηνείες,2
USA,00-00-2013,2013,"Snowden disclosures, PRISM, and bulk collection","USA/00-00-2013/Snowden disclosures, PRISM, and bulk collection",usa_2013_snowden_disclosures_prism_bulk_collection,"Snowden disclosures, PRISM, and bulk collection","Snowden disclosures, PRISM, and bulk collection",surveillance / digital rights,surveillance / digital rights,mixed public record; read source trail,μικτό δημόσιο αρχείο· διάβασε τις πηγές,2
USA,00-00-2013,2013,Snowden NSA disclosures,USA/00-00-2013/Snowden NSA disclosures,usa_2013_snowden_nsa_disclosures,Snowden NSA disclosures,Αποκαλύψεις Snowden για NSA,mass surveillance / whistleblowing,μαζική παρακολούθηση / whistleblowing,documented or historically established event; details vary by source,τεκμηριωμένο ή ιστορικά καθιερωμένο γεγονός· οι λεπτομέρειες διαφέρουν ανά πηγή,2
USA,00-00-2013,2013,"USA Cambridge Analytica, Mass Data Harvesting, and Psychographic Election Targeting (201","USA/00-00-2013/USA Cambridge Analytica, Mass Data Harvesting, and Psychographic Election Targeting (201",usa_2013_cambridge_analytica_psychographic_targeting,"USA: Cambridge Analytica, Mass Data Harvesting, and Psychographic Election Targeting (2013-2025)","ΗΠΑ: Cambridge Analytica, μαζική συλλογή δεδομένων και ψυχογραφική πολιτική στόχευση (2013-2025)",public trust / accountability,δημόσια εμπιστοσύνη / λογοδοσία,mixed public record; read source trail,μικτό δημόσιο αρχείο· διάβασε τις πηγές,2
USA,00-00-2014,2014,Chicago Homan Square Police Warehouse Allegations and Detention Transparency,USA/00-00-2014/Chicago Homan Square Police Warehouse Allegations and Detention Transparency,usa_2014_chicago_homan_square_police_warehouse_allegations_detention_transparen,Chicago Homan Square: Police Warehouse Allegations and Detention Transparency,Chicago Homan Square: Ισχυρισμοί για Αστυνομική Αποθήκη και Διαφάνεια Κράτησης,policing / detention transparency,αστυνόμευση / διαφάνεια κράτησης,documented case with some disputed interpretation,τεκμηριωμένη υπόθεση με αμφισβητούμενες ερμηνείες,2
USA,00-00-2014,2014,Ferguson police shooting and municipal fines system,USA/00-00-2014/Ferguson police shooting and municipal fines system,usa_2014_ferguson_police_shooting_municipal_fines_system,Ferguson police shooting and municipal fines system,Ferguson police shooting and municipal fines system,policing / civil rights,policing / civil rights,documented DOJ findings,documented DOJ findings,2
USA,00-00-2014,2014,"Ferguson policing, militarization, municipal revenue and federal findings (2014-2015)","USA/00-00-2014/Ferguson policing, militarization, municipal revenue and federal findings (2014-2015)",usa_2014_ferguson_policing_militarization_municipal_revenue_federal_findings,"Ferguson policing, militarization, municipal revenue and federal findings (2014-2015)","Ferguson, αστυνόμευση, στρατιωτικοποίηση, δημοτικά έσοδα και ομοσπονδιακά πορίσματα (2014-2015)","Policing, force and institutional accountability",δημόσια εμπιστοσύνη / λογοδοσία,documented/partly documented public record; disputed parts are labelled as disputed,μικτό δημόσιο αρχείο· διάβασε τις πηγές,2
USA,00-00-2014,2014,Flint water crisis,USA/00-00-2014/Flint water crisis,usa_2014_flint_water_crisis,Flint water crisis,Flint water crisis,public health / environmental injustice,public health / environmental injustice,documented government failure,documented government failure,3
USA,00-00-2014,2014,"Flint water crisis, lead exposure, and state denial","USA/00-00-2014/Flint water crisis, lead exposure, and state denial",usa_2014_flint_water_crisis_lead_and_state_denial,"Flint water crisis, lead exposure, and state denial","Κρίση νερού Flint, μόλυβδος και κρατική άρνηση",public health / environmental racism / state failure,δημόσια υγεία / περιβαλλοντικός ρατσισμός / κρατική αποτυχία,documented public-health disaster with litigation and official findings,τεκμηριωμένη υγειονομική καταστροφή με δίκες και θεσμικά ευρήματα,2
USA,00-00-2014,2014,"VA Wait-Time Scandal Veterans, Hidden Lists and Performance Metrics","USA/00-00-2014/VA Wait-Time Scandal Veterans, Hidden Lists and Performance Metrics",usa_2014_va_wait_time_scandal_veterans_hidden_lists_performance_metrics,"VA Wait-Time Scandal: Veterans, Hidden Lists and Performance Metrics","VA Wait-Time: Βετεράνοι, Κρυφές Λίστες και Μετρήσεις Απόδοσης",healthcare bureaucracy / veterans,γραφειοκρατία υγείας / βετεράνοι,documented case with some disputed interpretation,τεκμηριωμένη υπόθεση με αμφισβητούμενες ερμηνείες,2
USA,00-00-2015,2015,Chicago Laquan McDonald video and cover-up claims,USA/00-00-2015/Chicago Laquan McDonald video and cover-up claims,usa_2015_chicago_laquan_mcdonald_video_cover_up_claims,Chicago Laquan McDonald video and cover-up claims,Chicago Laquan McDonald video and cover-up claims,policing / video evidence,policing / video evidence,mixed: documented event with disputed interpretations,μικτό: τεκμηριωμένο γεγονός με αμφισβητούμενες ερμηνείες,2
USA,00-00-2015,2015,"USA Connected-Car Surveillance, GM, and OnStar (2015-2026)","USA/00-00-2015/USA Connected-Car Surveillance, GM, and OnStar (2015-2026)",usa_2015_gm_onstar_car_surveillance,"USA: Connected-Car Surveillance, GM, and OnStar (2015-2026)","ΗΠΑ: Συνδεδεμένα Αυτοκίνητα, GM και OnStar (2015-2026)",public trust / accountability,δημόσια εμπιστοσύνη / λογοδοσία,mixed public record; read source trail,μικτό δημόσιο αρχείο· διάβασε τις πηγές,2
USA,00-00-2015,2015,Volkswagen Dieselgate in the USA Emissions Cheating and Regulatory Detection,USA/00-00-2015/Volkswagen Dieselgate in the USA Emissions Cheating and Regulatory Detection,usa_2015_volkswagen_dieselgate_in_usa_emissions_cheating_regulatory_detection,Volkswagen Dieselgate in the USA: Emissions Cheating and Regulatory Detection,Volkswagen Dieselgate στις ΗΠΑ: Νοθεία Ρύπων και Ρυθμιστικός Έλεγχος,corporate fraud / environment,εταιρική απάτη / περιβάλλον,documented case with some disputed interpretation,τεκμηριωμένη υπόθεση με αμφισβητούμενες ερμηνείες,2
USA,00-00-2016,2016,Cambridge Analytica and data persuasion panic,USA/00-00-2016/Cambridge Analytica and data persuasion panic,usa_2016_cambridge_analytica_data_persuasion_panic,Cambridge Analytica and data persuasion panic,Cambridge Analytica and data persuasion panic,data politics / elections,data politics / elections,documented privacy scandal,documented privacy scandal,2
USA,00-00-2016,2016,"Dakota Access Pipeline Protests Indigenous Rights, Private Security and Surveillance","USA/00-00-2016/Dakota Access Pipeline Protests Indigenous Rights, Private Security and Surveillance",usa_2016_dakota_access_pipeline_protests_indigenous_rights_private_security_sur,"Dakota Access Pipeline Protests: Indigenous Rights, Private Security and Surveillance","Dakota Access Pipeline: Ιθαγενικά Δικαιώματα, Ιδιωτική Ασφάλεια και Επιτήρηση",protest policing / indigenous rights,αστυνόμευση διαμαρτυρίας / δικαιώματα ιθαγενών,documented case with some disputed interpretation,τεκμηριωμένη υπόθεση με αμφισβητούμενες ερμηνείες,2
USA,00-00-2016,2016,"DNC emails, hack-and-leak politics, and party trust","USA/00-00-2016/DNC emails, hack-and-leak politics, and party trust",usa_2016_dnc_emails_hack_leaks_party_trust,"DNC emails, hack-and-leak politics, and party trust","Emails DNC, πολιτική hack-and-leak και εμπιστοσύνη κόμματος",cyber operation / election trust / party politics,κυβερνοεπιχείρηση / εκλογική εμπιστοσύνη / κομματική πολιτική,documented hack-and-leak episode with disputed political effects,τεκμηριωμένο επεισόδιο hack-and-leak με αμφισβητούμενες πολιτικές επιδράσεις,2
USA,00-00-2016,2016,Flint water crisis accountability,USA/00-00-2016/Flint water crisis accountability,usa_2016_flint_water_crisis_accountability,Flint water crisis accountability,Κρίση νερού Flint και λογοδοσία,public health / infrastructure failure,δημόσια υγεία / αποτυχία υποδομών,documented or historically established event; details vary by source,τεκμηριωμένο ή ιστορικά καθιερωμένο γεγονός· οι λεπτομέρειες διαφέρουν ανά πηγή,2
USA,00-00-2016,2016,Standing Rock and pipeline protest policing,USA/00-00-2016/Standing Rock and pipeline protest policing,usa_2016_standing_rock_pipeline_protest_policing,Standing Rock and pipeline protest policing,Standing Rock and pipeline protest policing,environment / indigenous rights,environment / indigenous rights,mixed: documented event with disputed interpretations,μικτό: τεκμηριωμένο γεγονός με αμφισβητούμενες ερμηνείες,2
USA,00-00-2016,2016,USA Facial Recognition and Real-Time Surveillance Creep (2016-2026),USA/00-00-2016/USA Facial Recognition and Real-Time Surveillance Creep (2016-2026),usa_2016_facial_recognition_real_time_surveillance,USA: Facial Recognition and Real-Time Surveillance Creep (2016-2026),ΗΠΑ: Αναγνώριση προσώπου και διολίσθηση σε επιτήρηση πραγματικού χρόνου (2016-2026),public trust / accountability,δημόσια εμπιστοσύνη / λογοδοσία,mixed public record; read source trail,μικτό δημόσιο αρχείο· διάβασε τις πηγές,2
USA,00-00-2016,2016,"USA Havana Syndrome — unexplained injuries, science, and uncertainty (2016-2024)","USA/00-00-2016/USA Havana Syndrome — unexplained injuries, science, and uncertainty (2016-2024)",usa_2016_havana_syndrome,"USA: Havana Syndrome — unexplained injuries, science, and uncertainty (2016-2024)","ΗΠΑ: Σύνδρομο Αβάνας — ανεξήγητες βλάβες, επιστήμη και αβεβαιότητα (2016-2024)",public trust / accountability,δημόσια εμπιστοσύνη / λογοδοσία,mixed public record; read source trail,μικτό δημόσιο αρχείο· διάβασε τις πηγές,2
USA,00-00-2017,2017,Charlottesville extremist violence and response failure,USA/00-00-2017/Charlottesville extremist violence and response failure,usa_2017_charlottesville_extremist_violence_response_failure,Charlottesville extremist violence and response failure,Charlottesville extremist violence and response failure,extremism / public order,extremism / public order,mixed: documented event with disputed interpretations,μικτό: τεκμηριωμένο γεγονός με αμφισβητούμενες ερμηνείες,2
USA,00-00-2017,2017,"Equifax Breach Credit Bureau Power, Data Exposure and Weak Consumer Control","USA/00-00-2017/Equifax Breach Credit Bureau Power, Data Exposure and Weak Consumer Control",usa_2017_equifax_breach_credit_bureau_power_data_exposure_weak_consumer_control,"Equifax Breach: Credit Bureau Power, Data Exposure and Weak Consumer Control","Equifax Breach: Ισχύς Credit Bureau, Έκθεση Δεδομένων και Αδύναμος Έλεγχος Πολιτών",data breach / consumer surveillance,διαρροή δεδομένων / επιτήρηση καταναλωτών,documented case with some disputed interpretation,τεκμηριωμένη υπόθεση με αμφισβητούμενες ερμηνείες,2
USA,00-00-2018,2018,"Cambridge Analytica, Facebook data, and election-manipulation panic","USA/00-00-2018/Cambridge Analytica, Facebook data, and election-manipulation panic",usa_2018_cambridge_analytica_facebook_data_election_manipulation,"Cambridge Analytica, Facebook data, and election-manipulation panic","Cambridge Analytica, δεδομένα Facebook και πανικός εκλογικής χειραγώγησης",data exploitation / elections / platform power,εκμετάλλευση δεδομένων / εκλογές / ισχύς πλατφορμών,documented data misuse scandal with disputed persuasion impact,τεκμηριωμένο σκάνδαλο χρήσης δεδομένων με αμφισβητούμενη επίδραση πειθούς,2
USA,00-00-2018,2018,Family separation at the US border,USA/00-00-2018/Family separation at the US border,usa_2018_family_separation_at_us_border,Family separation at the US border,Family separation at the US border,immigration / state power,immigration / state power,documented policy harm,documented policy harm,2
USA,00-00-2018,2018,"Family separation policy, deterrence, children and recordkeeping failure (2018)","USA/00-00-2018/Family separation policy, deterrence, children and recordkeeping failure (2018)",usa_2018_family_separation_policy_deterrence_children_recordkeeping_failure,"Family separation policy, deterrence, children and recordkeeping failure (2018)","Πολιτική χωρισμού οικογενειών, αποτροπή, παιδιά και αποτυχία αρχείων (2018)","Policing, force and institutional accountability",δημόσια εμπιστοσύνη / λογοδοσία,documented/partly documented public record; disputed parts are labelled as disputed,μικτό δημόσιο αρχείο· διάβασε τις πηγές,2
USA,00-00-2018,2018,Parkland shooting and institutional warning failures,USA/00-00-2018/Parkland shooting and institutional warning failures,usa_2018_parkland_shooting_institutional_warning_failures,Parkland shooting and institutional warning failures,Parkland shooting and institutional warning failures,school violence / public safety,school violence / public safety,mixed: documented event with disputed interpretations,μικτό: τεκμηριωμένο γεγονός με αμφισβητούμενες ερμηνείες,2
USA,00-00-2019,2019,Boeing 737 MAX crashes and certification failures,USA/00-00-2019/Boeing 737 MAX crashes and certification failures,usa_2019_boeing_737_max_crashes_certification_failures,Boeing 737 MAX crashes and certification failures,Boeing 737 MAX crashes and certification failures,corporate regulation / aviation safety,corporate regulation / aviation safety,documented corporate and regulatory failure,documented corporate and regulatory failure,2
USA,00-00-2019,2019,"Boeing 737 MAX, regulatory capture, software and trust (2018-2024)","USA/00-00-2019/Boeing 737 MAX, regulatory capture, software and trust (2018-2024)",usa_2019_boeing_737_max_regulatory_capture_software,"Boeing 737 MAX, regulatory capture, software and trust (2018-2024)","Boeing 737 MAX, ρυθμιστική αιχμαλωσία, λογισμικό και εμπιστοσύνη (2018-2024)","Corruption, capture and public money",δημόσια εμπιστοσύνη / λογοδοσία,documented/partly documented public record; disputed parts are labelled as disputed,μικτό δημόσιο αρχείο· διάβασε τις πηγές,2
USA,00-00-2019,2019,College admissions bribery scandal,USA/00-00-2019/College admissions bribery scandal,usa_2019_college_admissions_bribery_scandal,College admissions bribery scandal,College admissions bribery scandal,elite corruption / education,elite corruption / education,mixed: documented event with disputed interpretations,μικτό: τεκμηριωμένο γεγονός με αμφισβητούμενες ερμηνείες,2
USA,00-00-2019,2019,"Epstein Jail Death Custody Failure, Camera Questions and Elite Suspicion","USA/00-00-2019/Epstein Jail Death Custody Failure, Camera Questions and Elite Suspicion",usa_2019_epstein_jail_death_custody_failure_camera_questions_elite_suspicion,"Epstein Jail Death: Custody Failure, Camera Questions and Elite Suspicion","Θάνατος Epstein στη Φυλακή: Αποτυχία Κράτησης, Κάμερες και Υποψία Ελίτ",custody death / elite networks,θάνατος υπό κράτηση / δίκτυα ελίτ,documented case with some disputed interpretation,τεκμηριωμένη υπόθεση με αμφισβητούμενες ερμηνείες,2
USA,00-00-2020,2020,"COVID LOCKDOWNS, SCHOOL CLOSURES, AND THE LONG TAIL OF EMERGENCY POLICY (2020-2025)","USA/00-00-2020/COVID LOCKDOWNS, SCHOOL CLOSURES, AND THE LONG TAIL OF EMERGENCY POLICY (2020-2025)",usa_2020_covid_lockdowns_school_closures_long_tail,"COVID LOCKDOWNS, SCHOOL CLOSURES, AND THE LONG TAIL OF EMERGENCY POLICY (2020-2025)","ΗΠΑ: LOCKDOWNS COVID, ΚΛΕΙΣΙΜΟ ΣΧΟΛΕΙΩΝ ΚΑΙ Η ΜΑΚΡΑ ΟΥΡΑ ΤΗΣ ΕΚΤΑΚΤΗΣ ΔΙΑΚΥΒΕΡΝΗΣΗΣ (2020-2025)",public trust / accountability,δημόσια εμπιστοσύνη / λογοδοσία,mixed public record; read source trail,μικτό δημόσιο αρχείο· διάβασε τις πηγές,2
USA,00-00-2020,2020,COVID nursing home deaths and policy accountability,USA/00-00-2020/COVID nursing home deaths and policy accountability,usa_2020_covid_nursing_home_deaths_policy_accountability,COVID nursing home deaths and policy accountability,COVID nursing home deaths and policy accountability,public health / governance,public health / governance,documented controversy,documented controversy,2
USA,00-00-2020,2020,COVID-19 VACCINES REAL SAFETY SIGNALS AND POLICY CONTROVERSIES IN THE U.S. (2020-2026),USA/00-00-2020/COVID-19 VACCINES REAL SAFETY SIGNALS AND POLICY CONTROVERSIES IN THE U.S. (2020-2026),usa_2020_covid_vaccine_safety_signals_policy_controversies,COVID-19 VACCINES: REAL SAFETY SIGNALS AND POLICY CONTROVERSIES IN THE U.S. (2020-2026),COVID-19 ΕΜΒΟΛΙΑ: ΠΡΑΓΜΑΤΙΚΑ ΣΗΜΑΤΑ ΑΣΦΑΛΕΙΑΣ ΚΑΙ ΔΙΑΜΑΧΕΣ ΠΟΛΙΤΙΚΗΣ ΣΤΙΣ ΗΠΑ (2020-2026),public trust / accountability,δημόσια εμπιστοσύνη / λογοδοσία,mixed public record; read source trail,μικτό δημόσιο αρχείο· διάβασε τις πηγές,2
USA,00-00-2020,2020,George Floyd killing and national policing crisis,USA/00-00-2020/George Floyd killing and national policing crisis,usa_2020_george_floyd_killing_and_national_policing_crisis,George Floyd killing and national policing crisis,Δολοφονία George Floyd και εθνική κρίση αστυνόμευσης,police violence / protest,αστυνομική βία / διαμαρτυρία,documented or historically established event; details vary by source,τεκμηριωμένο ή ιστορικά καθιερωμένο γεγονός· οι λεπτομέρειες διαφέρουν ανά πηγή,2
USA,00-00-2020,2020,George Floyd murder and protest response,USA/00-00-2020/George Floyd murder and protest response,usa_2020_george_floyd_murder_protest_response,George Floyd murder and protest response,George Floyd murder and protest response,policing / civil rights,policing / civil rights,documented murder and social crisis,documented murder and social crisis,2
USA,00-00-2020,2020,"George Floyd, police accountability, protests and institutional response (2020-2024)","USA/00-00-2020/George Floyd, police accountability, protests and institutional response (2020-2024)",usa_2020_george_floyd_police_accountability_protests_institutional_response,"George Floyd, police accountability, protests and institutional response (2020-2024)","George Floyd, αστυνομική λογοδοσία, διαδηλώσεις και θεσμική αντίδραση (2020-2024)","Policing, force and institutional accountability",δημόσια εμπιστοσύνη / λογοδοσία,documented/partly documented public record; disputed parts are labelled as disputed,μικτό δημόσιο αρχείο· διάβασε τις πηγές,2
USA,00-00-2020,2020,Operation Warp Speed vaccine politics and trust divide,USA/00-00-2020/Operation Warp Speed vaccine politics and trust divide,usa_2020_operation_warp_speed_vaccine_politics_divide,Operation Warp Speed vaccine politics and trust divide,Operation Warp Speed vaccine politics and trust divide,public health / pharmaceutical policy,public health / pharmaceutical policy,mixed: documented event with disputed interpretations,μικτό: τεκμηριωμένο γεγονός με αμφισβητούμενες ερμηνείες,2
USA,00-00-2020,2020,"PPP Fraud Emergency Money, Fake Companies and Pandemic Oversight Failure","USA/00-00-2020/PPP Fraud Emergency Money, Fake Companies and Pandemic Oversight Failure",usa_2020_ppp_fraud_emergency_money_fake_companies_pandemic_oversight_failure,"PPP Fraud: Emergency Money, Fake Companies and Pandemic Oversight Failure","PPP Fraud: Έκτακτο Χρήμα, Ψεύτικες Εταιρείες και Αποτυχία Ελέγχου Πανδημίας",pandemic fraud / public money,απάτη πανδημίας / δημόσιο χρήμα,documented case with some disputed interpretation,τεκμηριωμένη υπόθεση με αμφισβητούμενες ερμηνείες,2
USA,00-00-2021,2021,Facebook Files and algorithmic harm debate,USA/00-00-2021/Facebook Files and algorithmic harm debate,usa_2021_facebook_files_algorithmic_harm_debate,Facebook Files and algorithmic harm debate,Facebook Files and algorithmic harm debate,platform power / mental health,platform power / mental health,mixed: documented event with disputed interpretations,μικτό: τεκμηριωμένο γεγονός με αμφισβητούμενες ερμηνείες,2
USA,00-00-2021,2021,January 6 Capitol attack accountability record,USA/00-00-2021/January 6 Capitol attack accountability record,usa_2021_january_6_capitol_attack_accountability_record,January 6 Capitol attack accountability record,January 6 Capitol attack accountability record,democracy / political violence,democracy / political violence,mixed public record; read source trail,μικτό δημόσιο αρχείο· διάβασε τις πηγές,4
USA,00-00-2021,2021,January 6 Capitol attack and security failures,USA/00-00-2021/January 6 Capitol attack and security failures,usa_2021_january_6_capitol_attack_security_failures,January 6 Capitol attack and security failures,January 6 Capitol attack and security failures,political violence / institutions,political violence / institutions,documented attack,documented attack,4
USA,00-00-2021,2021,"January 6 Capitol attack, security failure, and conspiracy ecosystem","USA/00-00-2021/January 6 Capitol attack, security failure, and conspiracy ecosystem",usa_2021_january_6_capitol_attack_security_failure_conspiracy_ecosystem,"January 6 Capitol attack, security failure, and conspiracy ecosystem","6 Ιανουαρίου: επίθεση στο Καπιτώλιο, αποτυχία ασφάλειας και οικοσύστημα συνωμοσιών",election legitimacy / political violence / security failure,νομιμοποίηση εκλογών / πολιτική βία / αποτυχία ασφάλειας,documented attack with prosecutions and disputed responsibility narratives,τεκμηριωμένη επίθεση με διώξεις και αμφισβητούμενες αφηγήσεις ευθύνης,4
USA,00-00-2021,2021,"January 6, security failure, political violence and democratic institutions (2021-2026)","USA/00-00-2021/January 6, security failure, political violence and democratic institutions (2021-2026)",usa_2021_january_6_security_failure_political_violence_democratic_institutions,"January 6, security failure, political violence and democratic institutions (2021-2026)","6 Ιανουαρίου, αποτυχία ασφάλειας, πολιτική βία και δημοκρατικοί θεσμοί (2021-2026)","Policing, force and institutional accountability",δημόσια εμπιστοσύνη / λογοδοσία,documented/partly documented public record; disputed parts are labelled as disputed,μικτό δημόσιο αρχείο· διάβασε τις πηγές,2
USA,00-00-2021,2021,NSO Pegasus and global spyware pressure,USA/00-00-2021/NSO Pegasus and global spyware pressure,usa_2021_nso_pegasus_global_spyware_pressure,NSO Pegasus and global spyware pressure,NSO Pegasus and global spyware pressure,surveillance / private cyber power,surveillance / private cyber power,documented global scandal,documented global scandal,2
USA,00-00-2021,2021,"PFAS Forever Chemicals Regulatory Delay, Military Bases and Public Water Trust","USA/00-00-2021/PFAS Forever Chemicals Regulatory Delay, Military Bases and Public Water Trust",usa_2021_pfas_forever_chemicals_regulatory_delay_military_bases_water,"PFAS Forever Chemicals: Regulatory Delay, Military Bases and Public Water Trust","PFAS: Forever Chemicals, Καθυστέρηση Ρύθμισης, Στρατιωτικές Βάσεις και Νερό",environmental contamination / regulatory delay,περιβαλλοντική μόλυνση / καθυστέρηση ρύθμισης,documented case with some disputed interpretation,τεκμηριωμένη υπόθεση με αμφισβητούμενες ερμηνείες,2
USA,00-00-2022,2022,FTX collapse and crypto political access,USA/00-00-2022/FTX collapse and crypto political access,usa_2022_ftx_collapse_crypto_political_access,FTX collapse and crypto political access,FTX collapse and crypto political access,financial fraud / crypto,financial fraud / crypto,mixed: documented event with disputed interpretations,μικτό: τεκμηριωμένο γεγονός με αμφισβητούμενες ερμηνείες,2
USA,00-00-2022,2022,Roe v Wade overturned and data privacy fears,USA/00-00-2022/Roe v Wade overturned and data privacy fears,usa_2022_roe_v_wade_overturned_data_privacy_fears,Roe v Wade overturned and data privacy fears,Roe v Wade overturned and data privacy fears,rights / digital surveillance,rights / digital surveillance,documented legal shift,documented legal shift,2
USA,00-00-2022,2022,"USA — Twitter Files, government pressure, platforms, and information control (2022–2024)","USA/00-00-2022/USA — Twitter Files, government pressure, platforms, and information control (2022–2024)",usa_2022_twitter_files_government_pressure_platforms_information_control,"USA — Twitter Files, government pressure, platforms, and information control (2022–2024)","ΗΠΑ — Twitter Files, κυβερνητική πίεση, πλατφόρμες και έλεγχος πληροφορίας (2022–2024)",public trust / accountability,δημόσια εμπιστοσύνη / λογοδοσία,"High that platform-government contact occurred; contested over whether it proves censorship, coordination, or ordinary moderation pressure.",μικτό δημόσιο αρχείο· διάβασε τις πηγές,4
USA,00-00-2022,2022,"Uvalde Response Failure School Shooting, Police Delay and Public Accountability","USA/00-00-2022/Uvalde Response Failure School Shooting, Police Delay and Public Accountability",usa_2022_uvalde_response_failure_school_shooting_police_delay_accountability,"Uvalde Response Failure: School Shooting, Police Delay and Public Accountability","Uvalde: Σχολική Σφαγή, Αστυνομική Καθυστέρηση και Δημόσια Λογοδοσία",police failure / school safety,αστυνομική αποτυχία / ασφάλεια σχολείων,documented case with some disputed interpretation,τεκμηριωμένη υπόθεση με αμφισβητούμενες ερμηνείες,2
USA,00-00-2022,2022,Uvalde school shooting and police response failure,USA/00-00-2022/Uvalde school shooting and police response failure,usa_2022_uvalde_school_shooting_police_response_failure,Uvalde school shooting and police response failure,"Uvalde, σχολική επίθεση και αποτυχία αστυνομικής αντίδρασης",mass shooting / policing failure / public safety,μαζική επίθεση / αποτυχία αστυνόμευσης / δημόσια ασφάλεια,documented mass shooting with official response failures,τεκμηριωμένη μαζική επίθεση με επίσημες αποτυχίες αντίδρασης,2
USA,00-00-2023,2023,"East Palestine derailment, chemical response and regulatory trust (2023-2026)","USA/00-00-2023/East Palestine derailment, chemical response and regulatory trust (2023-2026)",usa_2023_east_palestine_derailment_chemical_response_regulatory,"East Palestine derailment, chemical response and regulatory trust (2023-2026)","Εκτροχιασμός East Palestine, χημική αντίδραση και ρυθμιστική εμπιστοσύνη (2023-2026)","Public health, science and consent",δημόσια εμπιστοσύνη / λογοδοσία,documented/partly documented public record; disputed parts are labelled as disputed,μικτό δημόσιο αρχείο· διάβασε τις πηγές,2
USA,00-00-2023,2023,Maui wildfires response and land-grab rumors,USA/00-00-2023/Maui wildfires response and land-grab rumors,usa_2023_maui_wildfires_response_land_grab_rumors,Maui wildfires response and land-grab rumors,Maui wildfires response and land-grab rumors,disaster governance / misinformation,disaster governance / misinformation,mixed: documented event with disputed interpretations,μικτό: τεκμηριωμένο γεγονός με αμφισβητούμενες ερμηνείες,2
USA,00-00-2023,2023,MISSING SCIENTISTS SCIENTIST DEATHS PATTERN CLAIMS IN THE U.S. (2023-2026),USA/00-00-2023/MISSING SCIENTISTS SCIENTIST DEATHS PATTERN CLAIMS IN THE U.S. (2023-2026),usa_2023_missing_scientists_pattern_claims,MISSING SCIENTISTS / SCIENTIST DEATHS PATTERN CLAIMS IN THE U.S. (2023-2026),ΕΞΑΦΑΝΙΣΕΙΣ ΕΠΙΣΤΗΜΟΝΩΝ / ΜΟΤΙΒΟ ΘΑΝΑΤΩΝ ΕΠΙΣΤΗΜΟΝΩΝ ΣΤΙΣ ΗΠΑ (2023-2026),public trust / accountability,δημόσια εμπιστοσύνη / λογοδοσία,mixed public record; read source trail,μικτό δημόσιο αρχείο· διάβασε τις πηγές,2
USA,00-00-2023,2023,Ohio train derailment and toxic-risk communication,USA/00-00-2023/Ohio train derailment and toxic-risk communication,usa_2023_ohio_train_derailment_toxic_risk_communication,Ohio train derailment and toxic-risk communication,Ohio train derailment and toxic-risk communication,environment / corporate safety,environment / corporate safety,documented disaster,documented disaster,2
USA,00-00-2023,2023,"Silicon Valley Bank Collapse Interest-Rate Risk, Deregulation Debate and Panic Speed","USA/00-00-2023/Silicon Valley Bank Collapse Interest-Rate Risk, Deregulation Debate and Panic Speed",usa_2023_silicon_valley_bank_collapse_interest_rate_risk_deregulation_debate_pa,"Silicon Valley Bank Collapse: Interest-Rate Risk, Deregulation Debate and Panic Speed","Silicon Valley Bank: Κίνδυνος Επιτοκίων, Απορρύθμιση και Ταχύτητα Πανικού",bank failure / regulatory oversight,τραπεζική κατάρρευση / ρυθμιστική εποπτεία,documented case with some disputed interpretation,τεκμηριωμένη υπόθεση με αμφισβητούμενες ερμηνείες,2
USA,00-00-2023,2023,"USA GLOBAL — 15-MINUTE CITIES PLANNING, SURVEILLANCE, AND LOCKDOWN PANIC (2023–2026)","USA/00-00-2023/USA GLOBAL — 15-MINUTE CITIES PLANNING, SURVEILLANCE, AND LOCKDOWN PANIC (2023–2026)",usa_2023_15_minute_cities_planning_surveillance_lockdown_panic,"USA / GLOBAL — 15-MINUTE CITIES: PLANNING, SURVEILLANCE, AND LOCKDOWN PANIC (2023–2026)","ΗΠΑ / ΠΑΓΚΌΣΜΙΟ — ΠΌΛΕΙΣ 15 ΛΕΠΤΏΝ: ΠΟΛΕΟΔΟΜΊΑ, ΕΠΙΤΉΡΗΣΗ ΚΑΙ ΠΑΝΙΚΌΣ LOCKDOWN (2023–2026)",public trust / accountability,δημόσια εμπιστοσύνη / λογοδοσία,mixed public record; read source trail,μικτό δημόσιο αρχείο· διάβασε τις πηγές,4
USA,00-00-2024,2024,AARO UAP historical record report and public expectations — PROOF DOSSIER,USA/00-00-2024/AARO UAP historical record report and public expectations — PROOF DOSSIER,usa_2024_aaro_uap_historical_record_expectations,AARO UAP historical record report and public expectations — PROOF DOSSIER,Έκθεση ιστορικού αρχείου AARO για UAP και δημόσιες προσδοκίες — ΦΑΚΕΛΟΣ ΑΠΟΔΕΙΞΕΩΝ,UAP / public trust,UAP / δημόσια εμπιστοσύνη,mixed public record; read source trail,μικτό δημόσιο αρχείο· διάβασε τις πηγές,2
USA,00-00-2024,2024,Baltimore Key Bridge collapse and infrastructure shock,USA/00-00-2024/Baltimore Key Bridge collapse and infrastructure shock,usa_2024_baltimore_key_bridge_collapse_infrastructure_shock,Baltimore Key Bridge collapse and infrastructure shock,Baltimore Key Bridge collapse and infrastructure shock,infrastructure / emergency response,infrastructure / emergency response,documented disaster,documented disaster,2
USA,00-00-2024,2024,Change Healthcare cyberattack and medical infrastructure fragility,USA/00-00-2024/Change Healthcare cyberattack and medical infrastructure fragility,usa_2024_change_healthcare_cyberattack_medical_infrastructure_fragility,Change Healthcare cyberattack and medical infrastructure fragility,Change Healthcare cyberattack and medical infrastructure fragility,cyber / health systems,cyber / health systems,documented cyber disruption,documented cyber disruption,2
USA,00-00-2024,2024,Corporate rent algorithms and housing manipulation claims,USA/00-00-2024/Corporate rent algorithms and housing manipulation claims,usa_2024_corporate_rent_algorithms_housing_manipulation_claims,Corporate rent algorithms and housing manipulation claims,Corporate rent algorithms and housing manipulation claims,housing / data economy,housing / data economy,active legal controversy,active legal controversy,2
USA,00-00-2024,2024,"McKinsey, Purdue, opioid marketing, false claims and consulting power (2024)","USA/00-00-2024/McKinsey, Purdue, opioid marketing, false claims and consulting power (2024)",usa_2024_mckinsey_purdue_opioid_marketing_false_claims_consulting_power,"McKinsey, Purdue, opioid marketing, false claims and consulting power (2024)","McKinsey, Purdue, marketing οπιοειδών, ψευδείς αξιώσεις και ισχύς συμβούλων (2024)","Public health, science and consent",δημόσια εμπιστοσύνη / λογοδοσία,documented/partly documented public record; disputed parts are labelled as disputed,μικτό δημόσιο αρχείο· διάβασε τις πηγές,2
USA,00-00-2024,2024,"Raytheon foreign bribery, defense contract fraud and the security market (2024)","USA/00-00-2024/Raytheon foreign bribery, defense contract fraud and the security market (2024)",usa_2024_raytheon_foreign_bribery_defense_contract_fraud_security_market,"Raytheon foreign bribery, defense contract fraud and the security market (2024)","Raytheon, ξένη δωροδοκία, απάτη αμυντικών συμβάσεων και αγορά ασφάλειας (2024)","Corruption, capture and public money",δημόσια εμπιστοσύνη / λογοδοσία,documented/partly documented public record; disputed parts are labelled as disputed,μικτό δημόσιο αρχείο· διάβασε τις πηγές,2
USA,00-00-2024,2024,"Supreme Court Gifts and Ethics Crisis Disclosure, Influence and Institutional Legitimacy","USA/00-00-2024/Supreme Court Gifts and Ethics Crisis Disclosure, Influence and Institutional Legitimacy",usa_2024_supreme_court_gifts_ethics_crisis_disclosure_influence_institutional_l,"Supreme Court Gifts and Ethics Crisis: Disclosure, Influence and Institutional Legitimacy","Δώρα και Ηθική Κρίση στο Supreme Court: Διαφάνεια, Επιρροή και Νομιμοποίηση",judicial ethics / influence,δικαστική δεοντολογία / επιρροή,documented case with some disputed interpretation,τεκμηριωμένη υπόθεση με αμφισβητούμενες ερμηνείες,2
USA,00-00-2024,2024,USA Dystopian Trends 2024-2026,USA/00-00-2024/USA Dystopian Trends 2024-2026,usa_2024_dystopian_trends,USA Dystopian Trends: 2024-2026,ΗΠΑ Δυστοπικές Τάσεις: 2024-2026,public trust / accountability,δημόσια εμπιστοσύνη / λογοδοσία,mixed public record; read source trail,μικτό δημόσιο αρχείο· διάβασε τις πηγές,2
USA,00-00-2024,2024,"USA Taxes, War Spending, and Jobs 2024-2026","USA/00-00-2024/USA Taxes, War Spending, and Jobs 2024-2026",usa_2024_taxes_war_jobs,"USA Taxes, War Spending, and Jobs: 2024-2026","ΗΠΑ: Φόροι, Πολεμικές Δαπάνες και Εργασία 2024-2026",public trust / accountability,δημόσια εμπιστοσύνη / λογοδοσία,mixed public record; read source trail,μικτό δημόσιο αρχείο· διάβασε τις πηγές,2
USA,00-00-2024,2024,"USA Location Data Brokers, Government Access Paths, and Car Surveillance (2024-2025)","USA/00-00-2024/USA Location Data Brokers, Government Access Paths, and Car Surveillance (2024-2025)",usa_2024_location_data_brokers_car_surveillance,"USA: Location Data Brokers, Government Access Paths, and Car Surveillance (2024-2025)","ΗΠΑ: Μεσίτες Δεδομένων Τοποθεσίας, Διαδρομές Κυβερνητικής Πρόσβασης και Επιτήρηση Αυτοκινήτων (2024-2025)",public trust / accountability,δημόσια εμπιστοσύνη / λογοδοσία,mixed public record; read source trail,μικτό δημόσιο αρχείο· διάβασε τις πηγές,2
USA,00-00-2025,2025,AI deepfakes and election trust crisis,USA/00-00-2025/AI deepfakes and election trust crisis,usa_2025_ai_deepfakes_election_crisis,AI deepfakes and election trust crisis,AI deepfakes and election trust crisis,technology / political manipulation,technology / political manipulation,mixed: documented event with disputed interpretations,μικτό: τεκμηριωμένο γεγονός με αμφισβητούμενες ερμηνείες,2
USA,00-00-2025,2025,Federal anti-corruption cases and public trust in local government,USA/00-00-2025/Federal anti-corruption cases and public trust in local government,usa_2025_federal_anti_corruption_cases_in_local_government,Federal anti-corruption cases and public trust in local government,Federal anti-corruption cases and public trust in local government,public corruption / bribery,public corruption / bribery,documented prosecutions,documented prosecutions,2
USA,00-00-2025,2025,"USAID Bribery Scheme Contractor Access, Public Money and Development Corruption","USA/00-00-2025/USAID Bribery Scheme Contractor Access, Public Money and Development Corruption",usa_2025_usaid_bribery_scheme_contractor_access_money_development_corruption,"USAID Bribery Scheme: Contractor Access, Public Money and Development Corruption","USAID Bribery: Πρόσβαση Εργολάβων, Δημόσιο Χρήμα και Διαφθορά Ανάπτυξης",public corruption / federal contracts,δημόσια διαφθορά / ομοσπονδιακές συμβάσεις,documented case with some disputed interpretation,τεκμηριωμένη υπόθεση με αμφισβητούμενες ερμηνείες,2
USA,00-00-2025,2025,"Walgreens opioid prescriptions, false claims and pharmacy gatekeeping (2025)","USA/00-00-2025/Walgreens opioid prescriptions, false claims and pharmacy gatekeeping (2025)",usa_2025_walgreens_opioid_prescriptions_false_claims_pharmacy_gatekeeping,"Walgreens opioid prescriptions, false claims and pharmacy gatekeeping (2025)","Walgreens, συνταγές οπιοειδών, ψευδείς αξιώσεις και φαρμακείο ως πύλη (2025)","Public health, science and consent",δημόσια εμπιστοσύνη / λογοδοσία,documented/partly documented public record; disputed parts are labelled as disputed,μικτό δημόσιο αρχείο· διάβασε τις πηγές,2
USA,00-00-2026,2026,"Former NYC Housing Liaison Bribery Charges Public Housing, Pay-to-Play and City Hall Acc","USA/00-00-2026/Former NYC Housing Liaison Bribery Charges Public Housing, Pay-to-Play and City Hall Acc",usa_2026_former_nyc_housing_liaison_bribery_charges_housing_pay_play_city_hall,"Former NYC Housing Liaison Bribery Charges: Public Housing, Pay-to-Play and City Hall Access",Πρώην Σύνδεσμος Δημόσιας Στέγασης NYC: Κατηγορίες Δωροδοκίας και Pay-to-Play,municipal corruption / public housing,δημοτική διαφθορά / δημόσια στέγαση,documented case with some disputed interpretation,τεκμηριωμένη υπόθεση με αμφισβητούμενες ερμηνείες,2
USA,00-00-2026,2026,"Hawaii Affordable Housing Bribery Local Public Office, Development Money and Trust","USA/00-00-2026/Hawaii Affordable Housing Bribery Local Public Office, Development Money and Trust",usa_2026_hawaii_affordable_housing_bribery_local_office_development_money,"Hawaii Affordable Housing Bribery: Local Public Office, Development Money and Trust","Hawaii Housing Bribery: Τοπική Δημόσια Υπηρεσία, Ανάπτυξη και Εμπιστοσύνη",local corruption / housing,τοπική διαφθορά / στέγαση,documented case with some disputed interpretation,τεκμηριωμένη υπόθεση με αμφισβητούμενες ερμηνείες,2
USA,00-00-2026,2026,Usa Child Social Media Age Verification And Digital Gatekeeping 2024 2026,USA/00-00-2026/Usa Child Social Media Age Verification And Digital Gatekeeping 2024 2026,usa_2026_child_social_media_age_verification_digital_gatekeeping,Usa Child Social Media Age Verification And Digital Gatekeeping 2024 2026,Ηπα Παιδια Social Media Age Verification Και Ψηφιακοι Φυλακες 2024 2026,public trust / accountability,δημόσια εμπιστοσύνη / λογοδοσία,mixed public record; read source trail,μικτό δημόσιο αρχείο· διάβασε τις πηγές,2
