priority,id,country,year,title_en,title_el,translation_status,source_status,direct_url_count,incident_path
high,greece_1893_bankruptcy_trikoupis_debt_crisis,Greece,1893,Greece bankruptcy and Trikoupis debt crisis,Greece bankruptcy and Trikoupis debt crisis,needs-review,generic-guidance,0,Greece/00-00-1893/Greece bankruptcy and Trikoupis debt crisis
high,greece_1898_international_financial_control_after_war,Greece,1898,International Financial Control after the 1897 war,International Financial Control after the 1897 war,needs-review,generic-guidance,0,Greece/00-00-1898/International Financial Control after the 1897 war
high,greece_1922_asia_minor_catastrophe_trial_six,Greece,1922,Asia Minor catastrophe and trial of the six,Asia Minor catastrophe and trial of the six,needs-review,generic-guidance,0,Greece/00-00-1922/Asia Minor catastrophe and trial of the six
high,greece_1936_metaxas_dictatorship_censorship_machine,Greece,1936,Metaxas dictatorship and censorship machine,Metaxas dictatorship and censorship machine,needs-review,generic-guidance,0,Greece/00-00-1936/Metaxas dictatorship and censorship machine
high,greece_1941_greek_occupation_famine_collaboration_networks,Greece,1941,Greek occupation famine and collaboration networks,Greek occupation famine and collaboration networks,needs-review,generic-guidance,0,Greece/00-00-1941/Greek occupation famine and collaboration networks
high,greece_1946_white_terror_after_liberation_civil_war_escalation,Greece,1946,White Terror after liberation and civil-war escalation,White Terror after liberation and civil-war escalation,needs-review,generic-guidance,0,Greece/00-00-1946/White Terror after liberation and civil-war escalation
high,greece_1949_makronisos_exile_camp_anti_communist_re_education,Greece,1949,Makronisos exile camp and anti-communist re-education,Makronisos exile camp and anti-communist re-education,needs-review,generic-guidance,0,Greece/00-00-1949/Makronisos exile camp and anti-communist re-education
high,greece_1955_istanbul_pogrom_greek_minority_trauma,Greece,1955,Istanbul Pogrom and Greek minority trauma,Istanbul Pogrom and Greek minority trauma,needs-review,generic-guidance,0,Greece/00-00-1955/Istanbul Pogrom and Greek minority trauma
high,greece_1967_junta_coup_nato_era_anti_communist_state,Greece,1967,Junta coup and NATO era anti-communist state,Junta coup and NATO era anti-communist state,needs-review,generic-guidance,0,Greece/00-00-1967/Junta coup and NATO era anti-communist state
high,greece_1968_junta_torture_files_international_condemnation,Greece,1968,Junta torture files and international condemnation,Junta torture files and international condemnation,needs-review,generic-guidance,0,Greece/00-00-1968/Junta torture files and international condemnation
high,greece_1974_cyprus_coup_invasion_greek_junta_collapse,Greece,1974,"Cyprus coup, invasion, and Greek junta collapse","Cyprus coup, invasion, and Greek junta collapse",needs-review,generic-guidance,0,"Greece/00-00-1974/Cyprus coup, invasion, and Greek junta collapse"
high,greece_1976_torture_trials_limits_metapolitefsi_justice,Greece,1976,Torture trials and limits of Metapolitefsi justice,Torture trials and limits of Metapolitefsi justice,needs-review,generic-guidance,0,Greece/00-00-1976/Torture trials and limits of Metapolitefsi justice
high,greece_1985_kaltezas_killing_exarchia_police_distrust,Greece,1985,Kaltezas killing and Exarchia police distrust,Kaltezas killing and Exarchia police distrust,needs-review,generic-guidance,0,Greece/00-00-1985/Kaltezas killing and Exarchia police distrust
high,greece_1988_koskotas_scandal_media_bank_politics,Greece,1988,"Koskotas scandal: media, banking, and politics","Koskotas scandal: media, banking, and politics",needs-review,generic-guidance,0,"Greece/00-00-1988/Koskotas scandal media, banking, and politics"
high,greece_1989_koskotas_scandal_media_banking_party_finance,Greece,1989,Koskotas scandal media banking and party finance,Koskotas scandal media banking and party finance,needs-review,generic-guidance,0,Greece/00-00-1989/Koskotas scandal media banking and party finance
high,greece_1991_temponeras_murder_education_protest_violence,Greece,1991,Temponeras murder and education protest violence,Temponeras murder and education protest violence,needs-review,generic-guidance,0,Greece/00-00-1991/Temponeras murder and education protest violence
high,greece_1999_athens_stock_exchange_bubble_small_investor_ruin,Greece,1999,Athens stock exchange bubble and small investor ruin,Athens stock exchange bubble and small investor ruin,needs-review,generic-guidance,0,Greece/00-00-1999/Athens stock exchange bubble and small investor ruin
high,greece_1999_athens_stock_market_bubble_loss,Greece,1999,Athens stock market bubble and public loss,Athens stock market bubble and public loss,needs-review,generic-guidance,0,Greece/00-00-1999/Athens stock market bubble and public loss
high,greece_2002_17_november_trial_security_state_transition,Greece,2002,17 November trial and security-state transition,17 November trial and security-state transition,needs-review,generic-guidance,0,Greece/00-00-2002/17 November trial and security-state transition
high,greece_2004_c4i_olympic_security_system_scandal,Greece,2004,C4I Olympic security system scandal,C4I Olympic security system scandal,needs-review,generic-guidance,0,Greece/00-00-2004/C4I Olympic security system scandal
high,greece_2004_vodafone_wiretapping_scandal_athens_olympics_context,Greece,2004,Vodafone wiretapping scandal and Athens Olympics context,Vodafone wiretapping scandal and Athens Olympics context,needs-review,generic-guidance,0,Greece/00-00-2004/Vodafone wiretapping scandal and Athens Olympics context
high,greece_2005_vodafone_greece_wiretapping_scandal,Greece,2005,Vodafone Greece wiretapping scandal,Vodafone Greece wiretapping scandal,needs-review,generic-guidance,0,Greece/00-00-2005/Vodafone Greece wiretapping scandal
high,greece_2007_bond_scandal_pension_funds_structured_products,Greece,2007,Bond scandal pension funds and structured products,Bond scandal pension funds and structured products,needs-review,generic-guidance,0,Greece/00-00-2007/Bond scandal pension funds and structured products
high,greece_2008_grigoropoulos_killing_december_revolt,Greece,2008,Grigoropoulos killing and December revolt,Grigoropoulos killing and December revolt,needs-review,generic-guidance,0,Greece/00-00-2008/Grigoropoulos killing and December revolt
high,greece_2010_marfin_bank_fire_protest_tragedy,Greece,2010,Marfin bank fire and protest tragedy,Marfin bank fire and protest tragedy,needs-review,generic-guidance,0,Greece/00-00-2010/Marfin bank fire and protest tragedy
high,greece_2011_lagarde_list_tax_evasion_credibility_crisis,Greece,2011,Lagarde list and tax-evasion credibility crisis,Lagarde list and tax-evasion credibility crisis,needs-review,generic-guidance,0,Greece/00-00-2011/Lagarde list and tax-evasion credibility crisis
high,greece_2011_syntagma_square_policing_austerity_rage,Greece,2011,Syntagma square policing and austerity rage,Syntagma square policing and austerity rage,needs-review,generic-guidance,0,Greece/00-00-2011/Syntagma square policing and austerity rage
high,greece_2012_shaming_hiv_positive_women,Greece,2012,Public shaming of HIV-positive women,Public shaming of HIV-positive women,needs-review,generic-guidance,0,Greece/00-00-2012/Public shaming of HIV-positive women
high,greece_2014_baltakos_video_golden_dawn_contacts,Greece,2014,Baltakos video and Golden Dawn contacts,Baltakos video and Golden Dawn contacts,needs-review,generic-guidance,0,Greece/00-00-2014/Baltakos video and Golden Dawn contacts
high,greece_2016_tv_licenses_media_power_conflict,Greece,2016,TV licenses and media-power conflict,TV licenses and media-power conflict,needs-review,generic-guidance,0,Greece/00-00-2016/TV licenses and media-power conflict
high,greece_2017_noor_one_heroin_allegations_impunity,Greece,2017,Noor One heroin case and allegations of impunity,Noor One heroin case and allegations of impunity,needs-review,generic-guidance,0,Greece/00-00-2017/Noor One heroin case and allegations of impunity
high,greece_2018_mati_wildfire_command_failures_anger,Greece,2018,Mati wildfire command failures and public anger,Mati wildfire command failures and public anger,needs-review,generic-guidance,0,Greece/00-00-2018/Mati wildfire command failures and public anger
high,greece_2018_zak_kostopoulos_killing_bystander_violence,Greece,2018,Zak Kostopoulos killing and bystander violence,Zak Kostopoulos killing and bystander violence,needs-review,generic-guidance,0,Greece/00-00-2018/Zak Kostopoulos killing and bystander violence
high,greece_2019_greek_mafia_killings_state_crime_fear,Greece,2019,Greek Mafia killings and state-crime fear,Greek Mafia killings and state-crime fear,needs-review,generic-guidance,0,Greece/00-00-2019/Greek Mafia killings and state-crime fear
high,greece_2019_novartis_greece_political_scandal_protected_witnesses,Greece,2019,Novartis Greece political scandal and protected witnesses,Πολιτικό σκάνδαλο Novartis στην Ελλάδα και προστατευόμενοι μάρτυρες,needs-review,generic-guidance,0,Greece/00-00-2019/Novartis Greece political scandal and protected witnesses
high,greece_2020_petsas_list_media_funding_message_control,Greece,2020,"GREECE: Petsas List, Media Funding, and Message Control (2020-2026)",Petsas list media funding and message control,needs-review,generic-guidance,0,"Greece/00-00-2020/GREECE Petsas List, Media Funding, and Message Control (2020-2026)"
high,greece_2020_pandemic_sms_permits_policing_normalization,Greece,2020,"Greek pandemic SMS permits, policing, and normalization","Greek pandemic SMS permits, policing, and normalization",needs-review,generic-guidance,0,"Greece/00-00-2020/Greek pandemic SMS permits, policing, and normalization"
high,greece_2021_dimitris_lignadis_cultural_power_networks,Greece,2021,Dimitris Lignadis case and cultural power networks,Dimitris Lignadis case and cultural power networks,needs-review,generic-guidance,0,Greece/00-00-2021/Dimitris Lignadis case and cultural power networks
high,greece_2021_karaivaz_assassination_journalist_safety,Greece,2021,Karaivaz assassination and journalist safety,Karaivaz assassination and journalist safety,needs-review,generic-guidance,0,Greece/00-00-2021/Karaivaz assassination and journalist safety
high,greece_2022_pispirigou_child_deaths_media_trial_problem,Greece,2022,Pispirigou child deaths media trial problem,Pispirigou child deaths media trial problem,needs-review,generic-guidance,0,Greece/00-00-2022/Pispirigou child deaths media trial problem
high,greece_2022_predatorgate_institutional_reform_gap,Greece,2022,Predatorgate institutional reform gap,Predatorgate institutional reform gap,needs-review,generic-guidance,0,Greece/00-00-2022/Predatorgate institutional reform gap
high,greece_2023_sports_fan_violence_organized_crime_networks,Greece,2023,Sports fan violence and organized crime networks,Sports fan violence and organized crime networks,needs-review,generic-guidance,0,Greece/00-00-2023/Sports fan violence and organized crime networks
high,greece_2023_storm_daniel_thessaly_floods_infrastructure_collapse,Greece,2023,Storm Daniel Thessaly floods and infrastructure collapse,Storm Daniel Thessaly floods and infrastructure collapse,needs-review,generic-guidance,0,Greece/00-00-2023/Storm Daniel Thessaly floods and infrastructure collapse
high,greece_2024_asimakopoulou_email_leak_diaspora_data,Greece,2024,Asimakopoulou email leak and diaspora data,Asimakopoulou email leak and diaspora data,needs-review,generic-guidance,0,Greece/00-00-2024/Asimakopoulou email leak and diaspora data
high,greece_2024_kyriaki_griva_murder_outside_police_station,Greece,2024,Kyriaki Griva murder outside police station,Δολοφονία Κυριακής Γρίβα έξω από αστυνομικό τμήμα,needs-review,generic-guidance,0,Greece/00-00-2024/Kyriaki Griva murder outside police station
high,greece_2025_opekepe_farmer_protests_subsidy_hole,Greece,2025,OPEKEPE farmer protests and subsidy hole,OPEKEPE farmer protests and subsidy hole,needs-review,generic-guidance,0,Greece/00-00-2025/OPEKEPE farmer protests and subsidy hole
high,greece_2025_personal_number_digital_id_anxiety_state_modernization,Greece,2025,Personal Number digital ID anxiety and state modernization,Personal Number digital ID anxiety and state modernization,needs-review,generic-guidance,0,Greece/00-00-2025/Personal Number digital ID anxiety and state modernization
high,usa_1882_chinese_exclusion_act_identity_surveillance,USA,1882,Chinese Exclusion Act enforcement and identity surveillance,Chinese Exclusion Act enforcement and identity surveillance,needs-review,generic-guidance,0,USA/00-00-1882/Chinese Exclusion Act enforcement and identity surveillance
high,usa_1890_wounded_knee_massacre,USA,1890,Wounded Knee Massacre,Wounded Knee Massacre,needs-review,generic-guidance,0,USA/00-00-1890/Wounded Knee Massacre
high,usa_1914_ludlow_massacre_company_state_violence,USA,1914,Ludlow Massacre and company-state violence,Ludlow Massacre and company-state violence,needs-review,generic-guidance,0,USA/00-00-1914/Ludlow Massacre and company-state violence
high,usa_1919_palmer_raids_first_red_scare,USA,1919,Palmer Raids and the first Red Scare,Palmer Raids and the first Red Scare,needs-review,generic-guidance,0,USA/00-00-1919/Palmer Raids and the first Red Scare
high,usa_1921_tulsa_race_massacre_destroyed_black_wealth,USA,1921,Tulsa Race Massacre and destroyed Black wealth,Tulsa Race Massacre and destroyed Black wealth,needs-review,generic-guidance,0,USA/00-00-1921/Tulsa Race Massacre and destroyed Black wealth
high,usa_1942_japanese_american_internment,USA,1942,Japanese American internment,Japanese American internment,needs-review,generic-guidance,0,USA/00-00-1942/Japanese American internment
high,usa_1946_guatemala_syphilis_experiments_us_health,USA,1946,Guatemala syphilis experiments by U.S. public-health researchers,Guatemala syphilis experiments by U.S. public-health researchers,needs-review,generic-guidance,0,USA/00-00-1946/Guatemala syphilis experiments by U.S. public-health researchers
high,usa_1950_operation_mockingbird_media_influence_allegations,USA,1950,Operation Mockingbird media influence allegations,Operation Mockingbird media influence allegations,needs-review,generic-guidance,0,USA/00-00-1950/Operation Mockingbird media influence allegations
high,usa_1951_project_artichoke_interrogation_research,USA,1951,Project ARTICHOKE and interrogation research,Project ARTICHOKE and interrogation research,needs-review,generic-guidance,0,USA/00-00-1951/Project ARTICHOKE and interrogation research
high,usa_1953_cia_iran_coup_blowback,USA,1953,CIA Iran coup blowback file,CIA Iran coup blowback file,needs-review,generic-guidance,0,USA/00-00-1953/CIA Iran coup blowback file
high,usa_1954_guatemala_coup_united_fruit_interests,USA,1954,Guatemala coup and United Fruit interests,Guatemala coup and United Fruit interests,needs-review,generic-guidance,0,USA/00-00-1954/Guatemala coup and United Fruit interests
high,usa_1956_cointelpro_roots_domestic_disruption_logic,USA,1956,COINTELPRO roots and domestic disruption logic,COINTELPRO roots and domestic disruption logic,needs-review,generic-guidance,0,USA/00-00-1956/COINTELPRO roots and domestic disruption logic
high,usa_1964_gulf_tonkin_incident_war_escalation,USA,1964,Gulf of Tonkin incident and war escalation,Gulf of Tonkin incident and war escalation,needs-review,generic-guidance,0,USA/00-00-1964/Gulf of Tonkin incident and war escalation
high,usa_1967_uss_liberty_attack_unanswered_questions,USA,1967,USS Liberty attack and unanswered trust questions,USS Liberty attack and unanswered trust questions,needs-review,generic-guidance,0,USA/00-00-1967/USS Liberty attack and unanswered trust questions
high,usa_1968_my_lai_massacre,USA,1968,My Lai massacre,My Lai massacre,needs-review,generic-guidance,0,USA/00-00-1968/My Lai massacre
high,usa_1969_fred_hampton_raid_fbi_informant_context,USA,1969,Fred Hampton raid and FBI informant context,Fred Hampton raid and FBI informant context,needs-review,generic-guidance,0,USA/00-00-1969/Fred Hampton raid and FBI informant context
high,usa_1971_attica_prison_uprising_state_retaking,USA,1971,Attica prison uprising and state retaking,Attica prison uprising and state retaking,needs-review,generic-guidance,0,USA/00-00-1971/Attica prison uprising and state retaking
high,usa_1971_pentagon_papers_secret_history_vietnam,USA,1971,Pentagon Papers and the secret history of Vietnam,Pentagon Papers and the secret history of Vietnam,needs-review,generic-guidance,0,USA/00-00-1971/Pentagon Papers and the secret history of Vietnam
high,usa_1972_watergate_burglary_executive_criminality,USA,1972,Watergate burglary and executive criminality,Watergate burglary and executive criminality,needs-review,generic-guidance,0,USA/00-00-1972/Watergate burglary and executive criminality
high,usa_1975_church_committee_domestic_spying_revelations,USA,1975,Church Committee domestic spying revelations,Church Committee domestic spying revelations,needs-review,generic-guidance,0,USA/00-00-1975/Church Committee domestic spying revelations
high,usa_1977_mkultra_hearings_destroyed_records_problem,USA,1977,MKULTRA hearings and destroyed records problem,MKULTRA hearings and destroyed records problem,needs-review,generic-guidance,0,USA/00-00-1977/MKULTRA hearings and destroyed records problem
high,usa_1980_october_surprise_allegations_election_mythology,USA,1980,October Surprise allegations and election mythology,October Surprise allegations and election mythology,needs-review,generic-guidance,0,USA/00-00-1980/October Surprise allegations and election mythology
high,usa_1986_iran_contra_affair,USA,1986,Iran Contra affair,Iran Contra affair,needs-review,generic-guidance,0,USA/00-00-1986/Iran Contra affair
high,usa_1988_pan_am_flight_103_investigation_geopolitical_blame,USA,1988,Pan Am Flight 103 investigation and geopolitical blame,Pan Am Flight 103 investigation and geopolitical blame,needs-review,generic-guidance,0,USA/00-00-1988/Pan Am Flight 103 investigation and geopolitical blame
high,usa_1991_rodney_king_beating_lapd_accountability,USA,1991,Rodney King beating and LAPD accountability,Rodney King beating and LAPD accountability,needs-review,generic-guidance,0,USA/00-00-1991/Rodney King beating and LAPD accountability
high,usa_1992_ruby_ridge_siege_rules_engagement_crisis,USA,1992,Ruby Ridge siege and rules of engagement crisis,Ruby Ridge siege and rules of engagement crisis,needs-review,generic-guidance,0,USA/00-00-1992/Ruby Ridge siege and rules of engagement crisis
high,usa_1993_world_trade_center_bombing_intelligence_aftermath,USA,1993,World Trade Center bombing intelligence aftermath,World Trade Center bombing intelligence aftermath,needs-review,generic-guidance,0,USA/00-00-1993/World Trade Center bombing intelligence aftermath
high,usa_1995_oklahoma_city_bombing_extremist_warning_failure,USA,1995,Oklahoma City bombing and extremist warning failure,Oklahoma City bombing and extremist warning failure,needs-review,generic-guidance,0,USA/00-00-1995/Oklahoma City bombing and extremist warning failure
high,usa_1996_cia_dark_alliance_crack_cocaine_controversy,USA,1996,CIA Dark Alliance crack cocaine controversy,CIA Dark Alliance και διαμάχη για crack κοκαΐνη,needs-review,generic-guidance,0,USA/00-00-1996/CIA Dark Alliance crack cocaine controversy
high,usa_1999_columbine_massacre_media_panic_cycle,USA,1999,Columbine massacre and media panic cycle,Columbine massacre and media panic cycle,needs-review,generic-guidance,0,USA/00-00-1999/Columbine massacre and media panic cycle
high,usa_2000_bush_v_gore_election_legitimacy_crisis,USA,2000,Bush v Gore and election legitimacy crisis,Bush v Gore and election legitimacy crisis,needs-review,generic-guidance,0,USA/00-00-2000/Bush v Gore and election legitimacy crisis
high,usa_2001_patriot_act_permanent_emergency_powers,USA,2001,PATRIOT Act and permanent emergency powers,PATRIOT Act and permanent emergency powers,needs-review,generic-guidance,0,USA/00-00-2001/PATRIOT Act and permanent emergency powers
high,usa_2002_abu_ghraib_prisoner_abuse_scandal,USA,2002,Abu Ghraib prisoner abuse scandal,Abu Ghraib prisoner abuse scandal,needs-review,generic-guidance,0,USA/00-00-2002/Abu Ghraib prisoner abuse scandal
high,usa_2002_no_child_left_behind_testing_regime_data_pressure,USA,2002,No Child Left Behind testing regime and data pressure,No Child Left Behind testing regime and data pressure,needs-review,generic-guidance,0,USA/00-00-2002/No Child Left Behind testing regime and data pressure
high,usa_2003_iraq_wmd_intelligence_failure,USA,2003,Iraq WMD intelligence failure,Iraq WMD intelligence failure,needs-review,generic-guidance,0,USA/00-00-2003/Iraq WMD intelligence failure
high,usa_2004_cia_black_sites_extraordinary_rendition,USA,2004,CIA black sites and extraordinary rendition,CIA black sites and extraordinary rendition,needs-review,generic-guidance,0,USA/00-00-2004/CIA black sites and extraordinary rendition
high,usa_2005_hurricane_katrina_levee_failure_abandonment,USA,2005,Hurricane Katrina levee failure and abandonment,Hurricane Katrina levee failure and abandonment,needs-review,generic-guidance,0,USA/00-00-2005/Hurricane Katrina levee failure and abandonment
high,usa_2005_nsa_warrantless_wiretapping_disclosure,USA,2005,NSA warrantless wiretapping disclosure,NSA warrantless wiretapping disclosure,needs-review,generic-guidance,0,USA/00-00-2005/NSA warrantless wiretapping disclosure
high,usa_2007_mortgage_crisis_foreclosure_machine,USA,2007,Mortgage crisis and foreclosure machine,Mortgage crisis and foreclosure machine,needs-review,generic-guidance,0,USA/00-00-2007/Mortgage crisis and foreclosure machine
high,usa_2008_aig_bailout_too_big_fail_culture,USA,2008,AIG bailout and too big to fail culture,AIG bailout and too big to fail culture,needs-review,generic-guidance,0,USA/00-00-2008/AIG bailout and too big to fail culture
high,usa_2009_h1n1_pandemic_response_rehearsal,USA,2009,H1N1 pandemic response and trust rehearsal,H1N1 pandemic response and trust rehearsal,needs-review,generic-guidance,0,USA/00-00-2009/H1N1 pandemic response and trust rehearsal
high,usa_2010_citizens_united_dark_money_politics,USA,2010,Citizens United and dark money politics,Citizens United and dark money politics,needs-review,generic-guidance,0,USA/00-00-2010/Citizens United and dark money politics
high,usa_2011_operation_fast_furious,USA,2011,Operation Fast and Furious,Operation Fast and Furious,needs-review,generic-guidance,0,USA/00-00-2011/Operation Fast and Furious
high,usa_2012_sandy_hook_tragedy_conspiracy_harassment_aftermath,USA,2012,Sandy Hook tragedy and conspiracy harassment aftermath,Sandy Hook tragedy and conspiracy harassment aftermath,needs-review,generic-guidance,0,USA/00-00-2012/Sandy Hook tragedy and conspiracy harassment aftermath
high,usa_2013_prism_disclosures_platform_surveillance,USA,2013,PRISM disclosures and platform surveillance,PRISM disclosures and platform surveillance,needs-review,generic-guidance,0,USA/00-00-2013/PRISM disclosures and platform surveillance
high,usa_2013_snowden_disclosures_prism_bulk_collection,USA,2013,"Snowden disclosures, PRISM, and bulk collection","Snowden disclosures, PRISM, and bulk collection",needs-review,generic-guidance,0,"USA/00-00-2013/Snowden disclosures, PRISM, and bulk collection"
high,usa_2014_ferguson_police_shooting_municipal_fines_system,USA,2014,Ferguson police shooting and municipal fines system,Ferguson police shooting and municipal fines system,needs-review,generic-guidance,0,USA/00-00-2014/Ferguson police shooting and municipal fines system
high,usa_2014_flint_water_crisis,USA,2014,Flint water crisis,Flint water crisis,needs-review,generic-guidance,0,USA/00-00-2014/Flint water crisis
high,usa_2015_chicago_laquan_mcdonald_video_cover_up_claims,USA,2015,Chicago Laquan McDonald video and cover-up claims,Chicago Laquan McDonald video and cover-up claims,needs-review,generic-guidance,0,USA/00-00-2015/Chicago Laquan McDonald video and cover-up claims
high,usa_2016_cambridge_analytica_data_persuasion_panic,USA,2016,Cambridge Analytica and data persuasion panic,Cambridge Analytica and data persuasion panic,needs-review,generic-guidance,0,USA/00-00-2016/Cambridge Analytica and data persuasion panic
high,usa_2016_standing_rock_pipeline_protest_policing,USA,2016,Standing Rock and pipeline protest policing,Standing Rock and pipeline protest policing,needs-review,generic-guidance,0,USA/00-00-2016/Standing Rock and pipeline protest policing
high,usa_2017_charlottesville_extremist_violence_response_failure,USA,2017,Charlottesville extremist violence and response failure,Charlottesville extremist violence and response failure,needs-review,generic-guidance,0,USA/00-00-2017/Charlottesville extremist violence and response failure
high,usa_2018_family_separation_at_us_border,USA,2018,Family separation at the US border,Family separation at the US border,needs-review,generic-guidance,0,USA/00-00-2018/Family separation at the US border
high,usa_2018_parkland_shooting_institutional_warning_failures,USA,2018,Parkland shooting and institutional warning failures,Parkland shooting and institutional warning failures,needs-review,generic-guidance,0,USA/00-00-2018/Parkland shooting and institutional warning failures
high,usa_2019_boeing_737_max_crashes_certification_failures,USA,2019,Boeing 737 MAX crashes and certification failures,Boeing 737 MAX crashes and certification failures,needs-review,generic-guidance,0,USA/00-00-2019/Boeing 737 MAX crashes and certification failures
high,usa_2019_college_admissions_bribery_scandal,USA,2019,College admissions bribery scandal,College admissions bribery scandal,needs-review,generic-guidance,0,USA/00-00-2019/College admissions bribery scandal
high,usa_2020_covid_nursing_home_deaths_policy_accountability,USA,2020,COVID nursing home deaths and policy accountability,COVID nursing home deaths and policy accountability,needs-review,generic-guidance,0,USA/00-00-2020/COVID nursing home deaths and policy accountability
high,usa_2020_george_floyd_murder_protest_response,USA,2020,George Floyd murder and protest response,George Floyd murder and protest response,needs-review,generic-guidance,0,USA/00-00-2020/George Floyd murder and protest response
high,usa_2020_operation_warp_speed_vaccine_politics_divide,USA,2020,Operation Warp Speed vaccine politics and trust divide,Operation Warp Speed vaccine politics and trust divide,needs-review,generic-guidance,0,USA/00-00-2020/Operation Warp Speed vaccine politics and trust divide
high,usa_2021_facebook_files_algorithmic_harm_debate,USA,2021,Facebook Files and algorithmic harm debate,Facebook Files and algorithmic harm debate,needs-review,generic-guidance,0,USA/00-00-2021/Facebook Files and algorithmic harm debate
high,usa_2021_january_6_capitol_attack_security_failures,USA,2021,January 6 Capitol attack and security failures,January 6 Capitol attack and security failures,needs-review,generic-guidance,0,USA/00-00-2021/January 6 Capitol attack and security failures
high,usa_2021_nso_pegasus_global_spyware_pressure,USA,2021,NSO Pegasus and global spyware pressure,NSO Pegasus and global spyware pressure,needs-review,generic-guidance,0,USA/00-00-2021/NSO Pegasus and global spyware pressure
high,usa_2022_ftx_collapse_crypto_political_access,USA,2022,FTX collapse and crypto political access,FTX collapse and crypto political access,needs-review,generic-guidance,0,USA/00-00-2022/FTX collapse and crypto political access
high,usa_2022_roe_v_wade_overturned_data_privacy_fears,USA,2022,Roe v Wade overturned and data privacy fears,Roe v Wade overturned and data privacy fears,needs-review,generic-guidance,0,USA/00-00-2022/Roe v Wade overturned and data privacy fears
high,usa_2023_maui_wildfires_response_land_grab_rumors,USA,2023,Maui wildfires response and land-grab rumors,Maui wildfires response and land-grab rumors,needs-review,generic-guidance,0,USA/00-00-2023/Maui wildfires response and land-grab rumors
high,usa_2023_ohio_train_derailment_toxic_risk_communication,USA,2023,Ohio train derailment and toxic-risk communication,Ohio train derailment and toxic-risk communication,needs-review,generic-guidance,0,USA/00-00-2023/Ohio train derailment and toxic-risk communication
high,usa_2024_baltimore_key_bridge_collapse_infrastructure_shock,USA,2024,Baltimore Key Bridge collapse and infrastructure shock,Baltimore Key Bridge collapse and infrastructure shock,needs-review,generic-guidance,0,USA/00-00-2024/Baltimore Key Bridge collapse and infrastructure shock
high,usa_2024_change_healthcare_cyberattack_medical_infrastructure_fragility,USA,2024,Change Healthcare cyberattack and medical infrastructure fragility,Change Healthcare cyberattack and medical infrastructure fragility,needs-review,generic-guidance,0,USA/00-00-2024/Change Healthcare cyberattack and medical infrastructure fragility
high,usa_2024_corporate_rent_algorithms_housing_manipulation_claims,USA,2024,Corporate rent algorithms and housing manipulation claims,Corporate rent algorithms and housing manipulation claims,needs-review,generic-guidance,0,USA/00-00-2024/Corporate rent algorithms and housing manipulation claims
high,usa_2025_ai_deepfakes_election_crisis,USA,2025,AI deepfakes and election trust crisis,AI deepfakes and election trust crisis,needs-review,generic-guidance,0,USA/00-00-2025/AI deepfakes and election trust crisis
high,usa_2025_federal_anti_corruption_cases_in_local_government,USA,2025,Federal anti-corruption cases and public trust in local government,Federal anti-corruption cases and public trust in local government,needs-review,generic-guidance,0,USA/00-00-2025/Federal anti-corruption cases and public trust in local government
medium,greece_1920_political_dynasties_venizelos_mitsotakis_link,Greece,1920,"POLITICAL DYNASTIES IN GREECE, AND THE VENIZELOS-MITSOTAKIS FAMILY LINK (1900-2026)",ΠΟΛΙΤΙΚΕΣ ΔΥΝΑΣΤΕΙΕΣ ΣΤΗΝ ΕΛΛΑΔΑ ΚΑΙ Η ΣΥΓΓΕΝΕΙΑ ΒΕΝΙΖΕΛΟΥ - ΜΗΤΣΟΤΑΚΗ (1900-2026),good,generic-guidance,0,"Greece/00-00-1920/POLITICAL DYNASTIES IN GREECE, AND THE VENIZELOS-MITSOTAKIS FAMILY LINK (1900-2026)"
medium,greece_1922_trial_of_the_six_asia_minor_accountability,Greece,1922,"Trial of the Six, Asia Minor catastrophe, and punishment politics","Δίκη των Έξι, Μικρασιατική Καταστροφή και πολιτική τιμωρίας",good,generic-guidance,0,"Greece/00-00-1922/Trial of the Six, Asia Minor catastrophe, and punishment politics"
medium,greece_1944_dekemvriana_british_intervention_civil_war_path,Greece,1944,"Dekemvriana, British intervention, and the road to civil war","Δεκεμβριανά, βρετανική επέμβαση και δρόμος προς τον εμφύλιο",good,generic-guidance,0,"Greece/00-00-1944/Dekemvriana, British intervention, and the road to civil war"
medium,greece_1944_dekemvriana_foreign_intervention_state_violence_civil_war_memory,Greece,1944,"Dekemvriana, foreign intervention, state violence and civil-war memory (1944)","Δεκεμβριανά, ξένη παρέμβαση, κρατική βία και μνήμη εμφυλίου (1944)",good,generic-guidance,0,"Greece/00-00-1944/Dekemvriana, foreign intervention, state violence and civil-war memory (1944)"
medium,greece_1944_dekemvriana_foreign_pressure_civil_conflict_state_memory,Greece,1944,"Greece — Dekemvriana, foreign pressure, civil conflict, and state memory (1944–1949)","Ελλάδα — Δεκεμβριανά, ξένη πίεση, εμφύλια σύγκρουση και κρατική μνήμη (1944–1949)",good,generic-guidance,0,"Greece/00-00-1944/Greece — Dekemvriana, foreign pressure, civil conflict, and state memory (1944–1949)"
medium,greece_1947_cia_cold_war_stay_behind_claims_coup_context,Greece,1947,Greece Cia Cold War Stay Behind Claims And 1967 Coup Context 1947 1974,Ελλαδα Cia Ψυχρος Πολεμος Stay Behind Claims Και Πλαισιο Πραξικοπηματος 1967 1947 1974,good,generic-guidance,0,Greece/00-00-1947/Greece Cia Cold War Stay Behind Claims And 1967 Coup Context 1947 1974
medium,greece_1947_ufo_supernatural_folklore_state_secrecy_psychology,Greece,1947,Greece Ufo Supernatural Folklore State Secrecy And Public Psychology 1947 2026,Ελλαδα Ufo Υπερφυσικο Λαογραφια Κρατικη Μυστικοτητα Και Δημοσια Ψυχολογια 1947 2026,good,generic-guidance,0,Greece/00-00-1947/Greece Ufo Supernatural Folklore State Secrecy And Public Psychology 1947 2026
medium,greece_1947_makronisos_camps_reeducation_state_violence,Greece,1947,"Makronisos camps, re-education, and state violence","Μακρόνησος, αναμόρφωση και κρατική βία",good,generic-guidance,0,"Greece/00-00-1947/Makronisos camps, re-education, and state violence"
medium,greece_1952_beloyannis_trial_execution_cold_war_state,Greece,1952,"Beloyannis trial, execution, and Cold War state justice","Δίκη Μπελογιάννη, εκτέλεση και δικαιοσύνη ψυχροπολεμικού κράτους",good,generic-guidance,0,"Greece/00-00-1952/Beloyannis trial, execution, and Cold War state justice"
medium,greece_1952_belogiannis_execution_cold_war_justice_symbolic_repression,Greece,1952,"Greece — Belogiannis execution, Cold War justice, and symbolic repression (1952)","Ελλάδα — Εκτέλεση Μπελογιάννη, ψυχροπολεμική δικαιοσύνη και συμβολική καταστολή (1952)",good,generic-guidance,0,"Greece/00-00-1952/Greece — Belogiannis execution, Cold War justice, and symbolic repression (1952)"
medium,greece_1955_istanbul_pogrom_minority_trauma_diplomatic_shock_state_memory,Greece,1955,"Greece and the Istanbul Pogrom: Minority Trauma, Diplomatic Shock and State Memory","Ελλάδα και Σεπτεμβριανά Κωνσταντινούπολης: Μειονοτικό Τραύμα, Διπλωματικό Σοκ και Μνήμη",good,generic-guidance,0,"Greece/00-00-1955/Greece and the Istanbul Pogrom Minority Trauma, Diplomatic Shock and State Memory"
medium,greece_1958_max_merten_occupation_memory_diplomacy_accountability,Greece,1958,"Max Merten affair, occupation memory, diplomacy and accountability (1958-1960)","Υπόθεση Μαξ Μέρτεν, μνήμη Κατοχής, διπλωματία και λογοδοσία (1958-1960)",good,generic-guidance,0,"Greece/00-00-1958/Max Merten affair, occupation memory, diplomacy and accountability (1958-1960)"
medium,greece_1960_psychological_control_media_fear_political_memory,Greece,1960,Greece Psychological Control Media Fear And Political Memory 1960 2026,Ελλαδα Ψυχολογικος Ελεγχος Media Φοβος Και Πολιτικη Μνημη 1960 2026,good,generic-guidance,0,Greece/00-00-1960/Greece Psychological Control Media Fear And Political Memory 1960 2026
medium,greece_1961_violence_fraud_election_parastate_democratic,Greece,1961,"Violence and fraud election, parastate networks and democratic trust (1961)","Εκλογές βίας και νοθείας, παρακράτος και δημοκρατική εμπιστοσύνη (1961)",good,generic-guidance,0,"Greece/00-00-1961/Violence and fraud election, parastate networks and democratic trust (1961)"
medium,greece_1963_lambrakis_assassination_parastate,Greece,1963,Lambrakis assassination and the parastate,Δολοφονία Λαμπράκη και το παρακράτος,good,generic-guidance,0,Greece/00-00-1963/Lambrakis assassination and the parastate
medium,greece_1965_apostasia_palace_party_defection_crisis,Greece,1965,"Apostasia crisis, palace pressure, and parliamentary defections","Αποστασία, πίεση παλατιού και κοινοβουλευτικές μετακινήσεις",good,generic-guidance,0,"Greece/00-00-1965/Apostasia crisis, palace pressure, and parliamentary defections"
medium,greece_1965_apostasia_royal_crisis_defectors_institutional_breakdown,Greece,1965,"Apostasia, royal crisis, defectors and institutional breakdown (1965)","Αποστασία, βασιλική κρίση, αποστάτες και θεσμική κατάρρευση (1965)",good,generic-guidance,0,"Greece/00-00-1965/Apostasia, royal crisis, defectors and institutional breakdown (1965)"
medium,greece_1965_aspida_affair_army_politics_palace_pressure,Greece,1965,"ASPIDA affair, army politics, and palace pressure","Υπόθεση ΑΣΠΙΔΑ, στρατός, πολιτική και πίεση παλατιού",good,generic-guidance,0,"Greece/00-00-1965/ASPIDA affair, army politics, and palace pressure"
medium,greece_1967_april_21_coup_foreign_context_local_responsibility,Greece,1967,April 21 coup: foreign context and local responsibility,Πραξικόπημα της 21ης Απριλίου: ξένο πλαίσιο και τοπική ευθύνη,good,generic-guidance,0,Greece/00-00-1967/April 21 coup foreign context and local responsibility
medium,greece_1967_coup_us_response,Greece,1967,Greece: The 1967 coup and the U.S. response (1965-1974),Ελλάδα: Το πραξικόπημα του 1967 και η αμερικανική ανταπόκριση (1965-1974),good,generic-guidance,0,Greece/00-00-1967/Greece The 1967 coup and the U.S. response (1965-1974)
medium,greece_1968_panagoulis_torture_junta_repression_resistance_military_courts_fear,Greece,1968,"Panagoulis Torture and Junta Repression: Resistance, Military Courts and Fear","Βασανιστήρια Παναγούλη και Καταστολή Χούντας: Αντίσταση, Στρατοδικεία και Φόβος",good,generic-guidance,0,"Greece/00-00-1968/Panagoulis Torture and Junta Repression Resistance, Military Courts and Fear"
medium,greece_1973_athens_polytechnic_uprising_and_junta_violence,Greece,1973,Athens Polytechnic uprising and junta violence,Εξέγερση Πολυτεχνείου και βία χούντας,good,generic-guidance,0,Greece/00-00-1973/Athens Polytechnic uprising and junta violence
medium,greece_1973_athens_polytechnic_uprising_tank_memory_state_violence,Greece,1973,"Athens Polytechnic uprising, tank assault, and state-violence memory","Εξέγερση Πολυτεχνείου, εισβολή τανκ και μνήμη κρατικής βίας",good,generic-guidance,0,"Greece/00-00-1973/Athens Polytechnic uprising, tank assault, and state-violence memory"
medium,greece_1973_athens_polytechnic_uprising_memory_repression,Greece,1973,Greece Athens Polytechnic Uprising Memory Repression And Image File 1973 2026,Ελλαδα Εξεγερση Πολυτεχνειου Μνημη Καταστολη Και Αρχειο Εικονας 1973 2026,good,generic-guidance,0,Greece/00-00-1973/Greece Athens Polytechnic Uprising Memory Repression And Image File 1973 2026
medium,greece_1973_polytechnic_uprising_junta_repression_memory_war,Greece,1973,"Polytechnic uprising, junta repression and the war over memory (1973)","Πολυτεχνείο, καταστολή χούντας και πόλεμος μνήμης (1973)",good,generic-guidance,0,"Greece/00-00-1973/Polytechnic uprising, junta repression and the war over memory (1973)"
medium,greece_1974_cyprus_coup_and_invasion_catastrophe,Greece,1974,Cyprus coup and invasion catastrophe,Πραξικόπημα Κύπρου και καταστροφή εισβολής,good,generic-guidance,0,Greece/00-00-1974/Cyprus coup and invasion catastrophe
medium,greece_1974_cyprus_coup_junta_responsibility_invasion_memory,Greece,1974,"Cyprus coup, Greek junta responsibility, and invasion memory","Κυπριακό πραξικόπημα, ευθύνη χούντας και μνήμη εισβολής",good,generic-guidance,0,"Greece/00-00-1974/Cyprus coup, Greek junta responsibility, and invasion memory"
medium,greece_1974_cyprus_coup_junta_responsibility_invasion_national_trauma,Greece,1974,"Cyprus coup, junta responsibility, invasion and national trauma (1974)","Κυπριακό πραξικόπημα, ευθύνη χούντας, εισβολή και εθνικό τραύμα (1974)",good,generic-guidance,0,"Greece/00-00-1974/Cyprus coup, junta responsibility, invasion and national trauma (1974)"
medium,greece_1974_junta_trials_partial_accountability_metapolitefsi_punishment_unfinishe,Greece,1974,"Junta Trials and Partial Accountability: Metapolitefsi, Punishment and Unfinished Files","Δίκες Χούντας και Μερική Λογοδοσία: Μεταπολίτευση, Τιμωρία και Ανοιχτά Αρχεία",good,generic-guidance,0,"Greece/00-00-1974/Junta Trials and Partial Accountability Metapolitefsi, Punishment and Unfinished Files"
medium,greece_1977_penteli_davelis_cave_military_rumors_supernatural_folklore_imagination,Greece,1977,"Penteli Davelis Cave, military rumors, supernatural folklore and public imagination (1977-2026)","Σπήλαιο Νταβέλη Πεντέλης, στρατιωτικές φήμες, υπερφυσικό folklore και δημόσια φαντασία (1977-2026)",good,generic-guidance,0,"Greece/00-00-1977/Penteli Davelis Cave, military rumors, supernatural folklore and public imagination (197"
medium,greece_1981_weather_modification_hail_suppression,Greece,1981,Greece: Weather Modification Is Real — But Limited (Greek National Hail Suppression Program) (1981-2026),Ελλάδα: Η τροποποίηση καιρού είναι πραγματική — αλλά περιορισμένη (Εθνικό Πρόγραμμα Χαλαζικής Προστασίας) (1981-2026),good,generic-guidance,0,Greece/00-00-1981/Greece Weather Modification Is Real — But Limited (Greek National Hail Suppression Progr
medium,greece_1985_kaltezas_killing_police_impunity_youth_revolt,Greece,1985,"Michalis Kaltezas killing, police impunity, and youth revolt","Δολοφονία Μιχάλη Καλτεζά, αστυνομική ατιμωρησία και νεολαιίστικη εξέγερση",good,generic-guidance,0,"Greece/00-00-1985/Michalis Kaltezas killing, police impunity, and youth revolt"
medium,greece_1988_banking_scandals_koskotas_proton,Greece,1988,Greece: Banking scandals from Koskotas to Proton (1988-2013),Ελλάδα: Τραπεζικά σκάνδαλα από Κοσκωτά έως Proton (1988-2013),good,generic-guidance,0,Greece/00-00-1988/Greece Banking scandals from Koskotas to Proton (1988-2013)
medium,greece_1989_koskotas_scandal_and_media_bank_political_triangle,Greece,1989,Koskotas scandal and media-bank-political triangle,Σκάνδαλο Κοσκωτά και τρίγωνο ΜΜΕ-τράπεζας-πολιτικής,good,generic-guidance,0,Greece/00-00-1989/Koskotas scandal and media-bank-political triangle
medium,greece_1989_koskotas_bank_crete_media_money_political_power,Greece,1989,"Koskotas, Bank of Crete, media money and political power (1988-1992)","Κοσκωτάς, Τράπεζα Κρήτης, μιντιακό χρήμα και πολιτική εξουσία (1988-1992)",good,generic-guidance,0,"Greece/00-00-1989/Koskotas, Bank of Crete, media money and political power (1988-1992)"
medium,greece_1991_koskoletas_media_licensing_private_tv_power,Greece,1991,"Private TV licensing, media power, and political dependency","Ιδιωτική τηλεόραση, άδειες, μιντιακή ισχύς και πολιτική εξάρτηση",good,generic-guidance,0,"Greece/00-00-1991/Private TV licensing, media power, and political dependency"
medium,greece_1996_imia_crisis_sovereignty_media_military_pressure,Greece,1996,"Imia crisis, sovereignty panic, and media-military pressure","Κρίση Ιμίων, πανικός κυριαρχίας και πίεση ΜΜΕ-στρατού",good,generic-guidance,0,"Greece/00-00-1996/Imia crisis, sovereignty panic, and media-military pressure"
medium,greece_1996_imia_crisis_nationalism_media_escalation_secret_diplomacy,Greece,1996,"Imia Crisis: Nationalism, Media Escalation and Secret Diplomacy","Κρίση Ιμίων: Εθνικισμός, Μιντιακή Κλιμάκωση και Μυστική Διπλωματία",good,generic-guidance,0,"Greece/00-00-1996/Imia Crisis Nationalism, Media Escalation and Secret Diplomacy"
medium,greece_1997_defence_bribery_tsochatzopoulos,Greece,1997,"Greece: Defence Bribery, Akis Tsochatzopoulos, and Arms-Deal Corruption (1997-2015)","Ελλάδα: Μίζες στα Εξοπλιστικά, Άκης Τσοχατζόπουλος και Διαφθορά στις Αμυντικές Συμβάσεις (1997-2015)",good,generic-guidance,0,"Greece/00-00-1997/Greece Defence Bribery, Akis Tsochatzopoulos, and Arms-Deal Corruption (1997-2015)"
medium,greece_1997_siemens_scandal,Greece,1997,Greece: Siemens bribery scandal (1997-2017),Ελλάδα: σκάνδαλο Siemens (1997-2017),good,generic-guidance,0,Greece/00-00-1997/Greece Siemens bribery scandal (1997-2017)
medium,greece_1999_stock_exchange_bubble_hype_small_investors_accountability,Greece,1999,"Athens stock exchange bubble, public hype, small investors and accountability (1999-2002)","Φούσκα Χρηματιστηρίου Αθηνών, δημόσια ευφορία, μικροεπενδυτές και λογοδοσία (1999-2002)",good,generic-guidance,0,"Greece/00-00-1999/Athens stock exchange bubble, public hype, small investors and accountability (1999-2002"
medium,greece_1999_ocalan_affair_secret_diplomacy_state_denial_foreign_pressure,Greece,1999,"Greece — Öcalan affair, secret diplomacy, state denial, and foreign pressure (1999)","Ελλάδα — Υπόθεση Οτσαλάν, μυστική διπλωματία και ξένη πίεση (1999)",good,generic-guidance,0,"Greece/00-00-1999/Greece — Öcalan affair, secret diplomacy, state denial, and foreign pressure (1999)"
medium,greece_1999_stock_market_bubble_and_household_losses,Greece,1999,Stock market bubble and household losses,Χρηματιστηριακή φούσκα και απώλειες νοικοκυριών,good,generic-guidance,0,Greece/00-00-1999/Stock market bubble and household losses
medium,greece_2000_express_samina_ferry_disaster_shipping_oversight,Greece,2000,Express Samina ferry disaster and shipping oversight failure,Ναυάγιο Express Samina και αποτυχία εποπτείας ναυτιλίας,good,generic-guidance,0,Greece/00-00-2000/Express Samina ferry disaster and shipping oversight failure
medium,greece_2000_express_samina_ferry_disaster_safety_culture_island_transport_accounta,Greece,2000,"Express Samina Ferry Disaster: Safety Culture, Island Transport and Accountability","Ναυάγιο Express Samina: Κουλτούρα Ασφάλειας, Ακτοπλοΐα και Λογοδοσία",good,generic-guidance,0,"Greece/00-00-2000/Express Samina Ferry Disaster Safety Culture, Island Transport and Accountability"
medium,greece_2001_delphi_gases_geology,Greece,2001,"Greece: Delphi, “Prophecy,” and the Geological Explanation of a Supernatural Tradition (2001-2026)","Ελλάδα: Δελφοί, «προφητεία» και η γεωλογική εξήγηση μιας υπερφυσικής παράδοσης (2001-2026)",good,generic-guidance,0,"Greece/00-00-2001/Greece Delphi, “Prophecy,” and the Geological Explanation of a Supernatural Tradition (2"
medium,greece_2003_c4i_olympic_security_system_surveillance_scandal,Greece,2003,"GREECE: C4I Olympic Security System, Siemens Overlap, and the Security-State Procurement Problem (2003-2018)","ΕΛΛΑΔΑ: C4I, ολυμπιακό σύστημα ασφάλειας και το πρόβλημα των προμηθειών του security state (2003-2018)",good,generic-guidance,0,"Greece/00-00-2003/GREECE C4I Olympic Security System, Siemens Overlap, and the Security-State Procurement"
medium,greece_2004_athens_olympics_cost_security_debt,Greece,2004,"Greece: Athens 2004 Olympics, Security Spending, and Debt Narrative (1997-2014)","Ελλάδα: Ολυμπιακοί Αγώνες Αθήνα 2004, κόστος, ασφάλεια και αφήγημα χρέους (1997-2014)",good,generic-guidance,0,"Greece/00-00-2004/Greece Athens 2004 Olympics, Security Spending, and Debt Narrative (1997-2014)"
medium,greece_2004_debt_crisis_misreporting_austerity,Greece,2004,"Greece: Debt Crisis, Misreported Fiscal Data, and the Austerity Era (2004-2018)","Ελλάδα: Κρίση χρέους, παραποιημένα δημοσιονομικά στοιχεία και εποχή λιτότητας (2004-2018)",good,generic-guidance,0,"Greece/00-00-2004/Greece Debt Crisis, Misreported Fiscal Data, and the Austerity Era (2004-2018)"
medium,greece_2004_vodafone_wiretap_tsalikidis,Greece,2004,Greece: Vodafone Wiretap Scandal and the Tsalikidis Case (2004-2017),Ελλάδα: Σκάνδαλο υποκλοπών Vodafone και υπόθεση Τσαλικίδη (2004-2017),good,generic-guidance,0,Greece/00-00-2004/Greece Vodafone Wiretap Scandal and the Tsalikidis Case (2004-2017)
medium,greece_2005_helios_airways_flight_522_aviation_safety_oversight_cost_routine_failu,Greece,2005,"Helios Airways Flight 522: Aviation Safety, Oversight and the Cost of Routine Failure","Helios 522: Αεροπορική Ασφάλεια, Έλεγχος και Κόστος Ρουτίνας",good,generic-guidance,0,"Greece/00-00-2005/Helios Airways Flight 522 Aviation Safety, Oversight and the Cost of Routine Failure"
medium,greece_2005_pakistani_migrants_abduction_surveillance_case,Greece,2005,Pakistani migrants abduction allegations and post-9/11 security pressure,Καταγγελίες απαγωγής Πακιστανών μεταναστών και πίεση ασφάλειας μετά την 11η Σεπτεμβρίου,good,generic-guidance,0,Greece/00-00-2005/Pakistani migrants abduction allegations and post-9 11 security pressure
medium,greece_2005_structured_bonds_pension_funds_money_financial_opacity,Greece,2005,"Structured bonds, pension funds, public money and financial opacity (2005-2007)","Δομημένα ομόλογα, ασφαλιστικά ταμεία, δημόσιο χρήμα και χρηματοοικονομική αδιαφάνεια (2005-2007)",good,generic-guidance,0,"Greece/00-00-2005/Structured bonds, pension funds, public money and financial opacity (2005-2007)"
medium,greece_2006_structured_bonds_pension_fund_public_money_scandal,Greece,2006,"Structured bonds, pension funds, and public-money opacity","Δομημένα ομόλογα, ασφαλιστικά ταμεία και αδιαφάνεια δημόσιου χρήματος",good,generic-guidance,0,"Greece/00-00-2006/Structured bonds, pension funds, and public-money opacity"
medium,greece_2007_forest_fires_state_failure_land_politics_disaster_governance,Greece,2007,"2007 forest fires, state failure, land politics and disaster governance (2007)","Πυρκαγιές 2007, κρατική αποτυχία, πολιτική γης και διακυβέρνηση καταστροφών (2007)",good,generic-guidance,0,"Greece/00-00-2007/2007 forest fires, state failure, land politics and disaster governance (2007)"
medium,greece_2007_bond_scandal_and_pension_fund_trust_crisis,Greece,2007,Bond scandal and pension fund trust crisis,Σκάνδαλο ομολόγων και κρίση εμπιστοσύνης ταμείων,good,generic-guidance,0,Greece/00-00-2007/Bond scandal and pension fund trust crisis
medium,greece_2005_zahopoulos_affair_media_blackmail_power,Greece,2007,"Zahopoulos affair, media blackmail, and ministerial power","Υπόθεση Ζαχόπουλου, εκβιασμός ΜΜΕ και υπουργική ισχύς",good,generic-guidance,0,"Greece/00-00-2007/Zahopoulos affair, media blackmail, and ministerial power"
medium,greece_2008_grigoropoulos_killing_police_violence_youth_rage_state_response,Greece,2008,"Greece — Grigoropoulos killing, police violence, youth rage, and state response (2008)","Ελλάδα — Δολοφονία Γρηγορόπουλου, αστυνομική βία και νεανική οργή (2008)",good,generic-guidance,0,"Greece/00-00-2008/Greece — Grigoropoulos killing, police violence, youth rage, and state response (2008)"
medium,greece_2008_vatopedi_land_swap,Greece,2008,Greece: Vatopedi Monastery Land-Swap Scandal (2008-2017),Ελλάδα: Σκάνδαλο ανταλλαγών γης της Μονής Βατοπεδίου (2008-2017),good,generic-guidance,0,Greece/00-00-2008/Greece Vatopedi Monastery Land-Swap Scandal (2008-2017)
medium,greece_2008_grigoropoulos_killing_and_youth_uprising,Greece,2008,Grigoropoulos killing and youth uprising,Δολοφονία Γρηγορόπουλου και νεανική εξέγερση,good,generic-guidance,0,Greece/00-00-2008/Grigoropoulos killing and youth uprising
medium,greece_2008_siemens_bribery_contracts_party_finance,Greece,2008,"Siemens bribery scandal, public contracts, and party finance shadows","Siemens: δωροδοκίες, δημόσιες συμβάσεις και σκιές κομματικής χρηματοδότησης",good,generic-guidance,0,"Greece/00-00-2008/Siemens bribery scandal, public contracts, and party finance shadows"
medium,greece_2008_vatopedi_land_swap_scandal_church_state_power,Greece,2008,"Vatopedi land-swap scandal, church property, and state access","Βατοπέδι: ανταλλαγές γης, εκκλησιαστική περιουσία και κρατική πρόσβαση",good,generic-guidance,0,"Greece/00-00-2008/Vatopedi land-swap scandal, church property, and state access"
medium,greece_2009_elstat_deficit_statistics_austerity_political_blame,Greece,2009,"ELSTAT, deficit statistics, trust, austerity and political blame (2009-2018)","ΕΛΣΤΑΤ, στατιστικά ελλείμματος, εμπιστοσύνη, λιτότητα και πολιτική ευθύνη (2009-2018)",good,generic-guidance,0,"Greece/00-00-2009/ELSTAT, deficit statistics, trust, austerity and political blame (2009-2018)"
medium,greece_2010_debt_memorandum_shock_and_austerity_governance,Greece,2010,Debt memorandum shock and austerity governance,Σοκ μνημονίου και διακυβέρνηση λιτότητας,good,generic-guidance,0,Greece/00-00-2010/Debt memorandum shock and austerity governance
medium,greece_2010_elstat_deficit_revision_statistics_trust_war,Greece,2010,ELSTAT deficit revision and the war over statistical truth,"ELSTAT, αναθεώρηση ελλείμματος και πόλεμος για τη στατιστική αλήθεια",good,generic-guidance,0,Greece/00-00-2010/ELSTAT deficit revision and the war over statistical truth
medium,greece_2010_oligarchs_media_banks_tax_evasion,Greece,2010,"Greece: Oligarchs, Media, Banks, and Tax-Evasion Impunity (2010-2015)","Ελλάδα: Ολιγάρχες, ΜΜΕ, Τράπεζες και Ατιμωρησία στη Φοροδιαφυγή (2010-2015)",good,generic-guidance,0,"Greece/00-00-2010/Greece Oligarchs, Media, Banks, and Tax-Evasion Impunity (2010-2015)"
medium,greece_2010_lagarde_list,Greece,2010,"Greece: The Lagarde List, Tax-Evasion Politics, and Missing Accountability (2010-2015)","Ελλάδα: Η Λίστα Λαγκάρντ, η Πολιτική της Φοροδιαφυγής και η Χαμένη Λογοδοσία (2010-2015)",good,generic-guidance,0,"Greece/00-00-2010/Greece The Lagarde List, Tax-Evasion Politics, and Missing Accountability (2010-2015)"
medium,greece_2010_marfin_bank_deaths_protest_violence_austerity_memory,Greece,2010,"Marfin bank deaths, protest violence, austerity and memory (2010)","Νεκροί στη Marfin, βία διαδήλωσης, λιτότητα και μνήμη (2010)",good,generic-guidance,0,"Greece/00-00-2010/Marfin bank deaths, protest violence, austerity and memory (2010)"
medium,greece_2011_bailout_privatization_fund_asset_sales,Greece,2011,"GREECE: Bailout Privatisation Fund, Public Asset Sales, and Post-Crisis State Restructuring (2011-2026)","ΕΛΛΑΔΑ: Ταμείο αποκρατικοποιήσεων, πωλήσεις δημόσιας περιουσίας και μεταμνημονιακή αναδιάρθρωση του κράτους (2011-2026)",good,generic-guidance,0,"Greece/00-00-2011/GREECE Bailout Privatisation Fund, Public Asset Sales, and Post-Crisis State Restructuri"
medium,greece_2011_keratea_waste_plant_policing_local_resistance,Greece,2011,"Keratea waste plant conflict, policing, local resistance and public trust (2010-2011)","Κερατέα, σύγκρουση για ΧΥΤΑ, αστυνόμευση, τοπική αντίσταση και εμπιστοσύνη (2010-2011)",good,generic-guidance,0,"Greece/00-00-2011/Keratea waste plant conflict, policing, local resistance and public trust (2010-2011)"
medium,greece_2011_syntagma_protests_austerity_policing_democracy_under_economic_emergenc,Greece,2011,Syntagma Protests and Austerity Policing: Democracy Under Economic Emergency,Σύνταγμα και Αστυνόμευση Λιτότητας: Δημοκρατία σε Οικονομική Έκτακτη Ανάγκη,good,generic-guidance,0,Greece/00-00-2011/Syntagma Protests and Austerity Policing Democracy Under Economic Emergency
medium,greece_2012_golden_dawn_criminal_org_state_failure,Greece,2012,"Greece: Golden Dawn, Criminal Organization Findings, and State Failure Questions (2012-2026)","Ελλάδα: Χρυσή Αυγή, χαρακτηρισμός ως εγκληματική οργάνωση και ερωτήματα κρατικής αποτυχίας (2012-2026)",good,generic-guidance,0,"Greece/00-00-2012/Greece Golden Dawn, Criminal Organization Findings, and State Failure Questions (2012-20"
medium,greece_2012_mass_id_tax_vehicle_data_leak,Greece,2012,"GREECE: Massive Leak of Identity, Tax, and Vehicle Data (2012-2013)","ΕΛΛΑΔΑ: Μαζική διαρροή στοιχείων ταυτότητας, ΑΦΜ και οχημάτων (2012-2013)",good,generic-guidance,0,"Greece/00-00-2012/GREECE Massive Leak of Identity, Tax, and Vehicle Data (2012-2013)"
medium,greece_2012_novartis_2012_2026,Greece,2012,"Greece: Novartis case — bribery, political warfare, and legal whiplash (2012-2026)","Ελλάδα: υπόθεση Novartis — μίζες, πολιτικός πόλεμος και νομικές ανατροπές (2012-2026)",good,generic-guidance,0,"Greece/00-00-2012/Greece Novartis case — bribery, political warfare, and legal whiplash (2012-2026)"
medium,greece_2012_halyvourgia_strike_policing_labor_crisis,Greece,2012,"Halyvourgia strike, riot police intervention, and austerity labor conflict","Απεργία Χαλυβουργίας, επέμβαση ΜΑΤ και εργασιακή σύγκρουση λιτότητας",good,generic-guidance,0,"Greece/00-00-2012/Halyvourgia strike, riot police intervention, and austerity labor conflict"
medium,greece_2012_pharmakonisi_aegean_pushback_allegations_border_deaths_competing_narra,Greece,2012,Pharmakonisi and Aegean Pushback Allegations: Border Deaths and Competing Narratives,Φαρμακονήσι και Ισχυρισμοί Pushback: Θάνατοι στα Σύνορα και Αντίθετες Αφηγήσεις,good,generic-guidance,0,Greece/00-00-2012/Pharmakonisi and Aegean Pushback Allegations Border Deaths and Competing Narratives
medium,greece_2013_ert_shutdown_public_broadcasting_state_black_screen,Greece,2013,"ERT shutdown, black screen, and public broadcasting shock","Κλείσιμο ΕΡΤ, μαύρη οθόνη και σοκ δημόσιας ραδιοτηλεόρασης",good,generic-guidance,0,"Greece/00-00-2013/ERT shutdown, black screen, and public broadcasting shock"
medium,greece_2013_ert_shutdown_broadcasting_austerity_state_media_power,Greece,2013,"ERT shutdown, public broadcasting, austerity and state media power (2013)","Κλείσιμο ΕΡΤ, δημόσια ραδιοτηλεόραση, λιτότητα και κρατική μιντιακή ισχύς (2013)",good,generic-guidance,0,"Greece/00-00-2013/ERT shutdown, public broadcasting, austerity and state media power (2013)"
medium,greece_2013_pavlos_fyssas_golden_dawn_accountability,Greece,2013,Pavlos Fyssas murder and Golden Dawn accountability,Δολοφονία Παύλου Φύσσα και λογοδοσία της Χρυσής Αυγής,good,generic-guidance,0,Greece/00-00-2013/Pavlos Fyssas murder and Golden Dawn accountability
medium,greece_2014_noor_one_heroin_power_impunity_allegations,Greece,2014,"Noor One heroin case, power, impunity allegations and public trust (2014-2026)","Noor One, ηρωίνη, ισχύς, ισχυρισμοί ατιμωρησίας και δημόσια εμπιστοσύνη (2014-2026)",good,generic-guidance,0,"Greece/00-00-2014/Noor One heroin case, power, impunity allegations and public trust (2014-2026)"
medium,greece_2015_capital_controls_referendum_shock,Greece,2015,Capital controls and referendum shock,Capital controls και σοκ δημοψηφίσματος,good,generic-guidance,0,Greece/00-00-2015/Capital controls and referendum shock
medium,greece_2015_refugee_crisis_hotspots_borders_human_rights,Greece,2015,"Refugee crisis, hotspots, borders and human rights (2015-2026)","Προσφυγική κρίση, hotspots, σύνορα και ανθρώπινα δικαιώματα (2015-2026)",good,generic-guidance,0,"Greece/00-00-2015/Refugee crisis, hotspots, borders and human rights (2015-2026)"
medium,greece_2015_refugee_crisis_islands_eu_turkey_containment,Greece,2015,"Refugee crisis, island containment, and EU-Turkey border bargain","Προσφυγική κρίση, εγκλωβισμός νησιών και παζάρι συνόρων ΕΕ-Τουρκίας",good,generic-guidance,0,"Greece/00-00-2015/Refugee crisis, island containment, and EU-Turkey border bargain"
medium,greece_2015_third_bailout_capital_controls_aftermath_democracy_banks_external_powe,Greece,2015,"Third Bailout and Capital Controls Aftermath: Democracy, Banks and External Power","Τρίτο Μνημόνιο και Capital Controls: Δημοκρατία, Τράπεζες και Εξωτερική Ισχύς",good,generic-guidance,0,"Greece/00-00-2015/Third Bailout and Capital Controls Aftermath Democracy, Banks and External Power"
medium,greece_2016_opekepe_eu_subsidies_political_immunity_state_capture,Greece,2016,"GREECE — OPEKEPE: EU SUBSIDIES, POLITICAL IMMUNITY, AND STATE CAPTURE (2016–2026)","ΕΛΛΆΔΑ — ΟΠΕΚΕΠΕ: ΕΠΙΔΟΤΉΣΕΙΣ ΕΕ, ΠΟΛΙΤΙΚΉ ΑΣΥΛΊΑ ΚΑΙ ΚΡΑΤΙΚΉ ΑΙΧΜΑΛΩΣΊΑ (2016–2026)",good,generic-guidance,0,"Greece/00-00-2016/GREECE — OPEKEPE EU SUBSIDIES, POLITICAL IMMUNITY, AND STATE CAPTURE (2016–2026)"
medium,greece_2016_tv_licenses_media_power_state_control_rule_law,Greece,2016,"TV licenses, media power, state control and rule of law (2016)","Τηλεοπτικές άδειες, μιντιακή ισχύς, κρατικός έλεγχος και κράτος δικαίου (2016)",good,generic-guidance,0,"Greece/00-00-2016/TV licenses, media power, state control and rule of law (2016)"
medium,greece_2017_mandra_flash_flood_planning_failure,Greece,2017,"Mandra flash flood, blocked streams, and planning failure","Πλημμύρα Μάνδρας, μπαζωμένα ρέματα και αποτυχία σχεδιασμού",good,generic-guidance,0,"Greece/00-00-2017/Mandra flash flood, blocked streams, and planning failure"
medium,greece_2018_folli_follie_market_fraud_regulator_failure,Greece,2018,Folli Follie market fraud and regulator confidence collapse,Folli Follie: χρηματιστηριακή απάτη και κατάρρευση εμπιστοσύνης στους ελέγχους,good,generic-guidance,0,Greece/00-00-2018/Folli Follie market fraud and regulator confidence collapse
medium,greece_2018_mati_wildfire_state_failure,Greece,2018,"Greece: Mati wildfire, state failure, and accountability limits (2018-2025)","Ελλάδα: Μάτι, κρατική αποτυχία και όρια λογοδοσίας (2018-2025)",good,generic-guidance,0,"Greece/00-00-2018/Greece Mati wildfire, state failure, and accountability limits (2018-2025)"
medium,greece_2018_mati_wildfire_disaster_and_emergency_failure,Greece,2018,Mati wildfire disaster and emergency failure,Τραγωδία στο Μάτι και αποτυχία έκτακτης ανάγκης,good,generic-guidance,0,Greece/00-00-2018/Mati wildfire disaster and emergency failure
medium,greece_2018_mati_wildfire_evacuation_accountability,Greece,2018,"Mati wildfire, evacuation failure, and command accountability","Μάτι: πυρκαγιά, αποτυχία εκκένωσης και ευθύνη διοίκησης",good,generic-guidance,0,"Greece/00-00-2018/Mati wildfire, evacuation failure, and command accountability"
medium,greece_2018_prespa_agreement_backlash_identity_politics_disinformation_pressure,Greece,2018,"Prespa Agreement Backlash: Identity Politics, Disinformation and Public Pressure","Πρέσπες: Ταυτότητα, Παραπληροφόρηση και Δημόσια Πίεση",good,generic-guidance,0,"Greece/00-00-2018/Prespa Agreement Backlash Identity Politics, Disinformation and Public Pressure"
medium,greece_2018_zak_kostopoulos_death_violence_police_response_social_stigma,Greece,2018,"Zak Kostopoulos death, public violence, police response and social stigma (2018-2024)","Θάνατος Ζακ Κωστόπουλου, δημόσια βία, αστυνομική αντίδραση και κοινωνικό στίγμα (2018-2024)",good,generic-guidance,0,"Greece/00-00-2018/Zak Kostopoulos death, public violence, police response and social stigma (2018-2024)"
medium,greece_2018_zak_kostopoulos_killing_policing_media_frame,Greece,2018,"Zak Kostopoulos killing, policing, and media framing","Θάνατος Ζακ Κωστόπουλου, αστυνόμευση και μιντιακή πλαισίωση",good,generic-guidance,0,"Greece/00-00-2018/Zak Kostopoulos killing, policing, and media framing"
medium,greece_2019_exarchia_operations_urban_policing_drugs_squats_fear_rights,Greece,2019,"Exarchia Operations and Urban Policing: Drugs, Squats, Fear and Rights","Επιχειρήσεις Εξαρχείων: Ναρκωτικά, Καταλήψεις, Φόβος και Δικαιώματα",good,generic-guidance,0,"Greece/00-00-2019/Exarchia Operations and Urban Policing Drugs, Squats, Fear and Rights"
medium,greece_2019_piraeus_noor_one_political_pressure_media_memory,Greece,2019,"Noor One aftermath, witness pressure, and media-political memory","Μετασεισμοί Noor One, πίεση μαρτύρων και μιντιακοπολιτική μνήμη",good,generic-guidance,0,"Greece/00-00-2019/Noor One aftermath, witness pressure, and media-political memory"
medium,greece_2020_covid_lockdowns_policing_procurement_trust,Greece,2020,"COVID lockdowns, policing, procurement, and trust in emergency rule","COVID lockdown, αστυνόμευση, προμήθειες και εμπιστοσύνη στην έκτακτη διακυβέρνηση",good,generic-guidance,0,"Greece/00-00-2020/COVID lockdowns, policing, procurement, and trust in emergency rule"
medium,greece_2020_evros_border_crisis_and_information_war,Greece,2020,Evros border crisis and information war,Κρίση Έβρου και πληροφοριακός πόλεμος,good,generic-guidance,0,Greece/00-00-2020/Evros border crisis and information war
medium,greece_2020_covid_sms_permits_lockdowns_certificates_permission_culture,Greece,2020,"GREECE — COVID SMS PERMITS: LOCKDOWNS, CERTIFICATES, AND PERMISSION CULTURE (2020–2023)","ΕΛΛΆΔΑ — COVID SMS ΆΔΕΙΕΣ: LOCKDOWNS, ΠΙΣΤΟΠΟΙΗΤΙΚΆ ΚΑΙ ΚΟΥΛΤΟΎΡΑ ΆΔΕΙΑΣ (2020–2023)",good,generic-guidance,0,"Greece/00-00-2020/GREECE — COVID SMS PERMITS LOCKDOWNS, CERTIFICATES, AND PERMISSION CULTURE (2020–2023)"
medium,greece_2020_pushbacks_border_rights,Greece,2020,"Greece: Pushbacks, Border Violations, and the Accountability Fight (2020-2026)","Ελλάδα: Pushbacks, παραβιάσεις στα σύνορα και η μάχη για λογοδοσία (2020-2026)",good,generic-guidance,0,"Greece/00-00-2020/Greece Pushbacks, Border Violations, and the Accountability Fight (2020-2026)"
medium,greece_2020_greek_covid_fines_movement_forms_enforcement_class_permission_culture,Greece,2020,"Greek COVID Fines and Movement Forms: Enforcement, Class and Permission Culture","Πρόστιμα COVID και Έντυπα Μετακίνησης: Επιβολή, Τάξη και Κουλτούρα Άδειας",good,generic-guidance,0,"Greece/00-00-2020/Greek COVID Fines and Movement Forms Enforcement, Class and Permission Culture"
medium,greece_2021_evia_wildfires_state_response_climate_failure_rural_abandonment,Greece,2021,"Evia wildfires, state response, climate failure and rural abandonment (2021)","Πυρκαγιές Εύβοιας, κρατική αντίδραση, κλιματική αποτυχία και εγκατάλειψη υπαίθρου (2021)",good,generic-guidance,0,"Greece/00-00-2021/Evia wildfires, state response, climate failure and rural abandonment (2021)"
medium,greece_2021_closed_controlled_camps_asylum_control,Greece,2021,"GREECE: Closed Controlled Camps, Cash Assistance Interruptions, and the Hardening of Asylum Control (2021-2026)","ΕΛΛΑΔΑ: Κλειστές ελεγχόμενες δομές, διακοπές οικονομικής ενίσχυσης και σκλήρυνση του ελέγχου ασύλου (2021-2026)",good,generic-guidance,0,"Greece/00-00-2021/GREECE Closed Controlled Camps, Cash Assistance Interruptions, and the Hardening of Asyl"
medium,greece_2021_karaivaz_assassination_impunity,Greece,2021,"GREECE: GIORGOS KARAIVAZ, JOURNALIST MURDER, AND THE IMPUNITY PROBLEM (2021-2026)","ΕΛΛΑΔΑ: ΓΙΩΡΓΟΣ ΚΑΡΑΪΒΑΖ, ΔΟΛΟΦΟΝΙΑ ΔΗΜΟΣΙΟΓΡΑΦΟΥ ΚΑΙ ΤΟ ΠΡΟΒΛΗΜΑ ΤΗΣ ΑΤΙΜΩΡΗΣΙΑΣ (2021-2026)",good,generic-guidance,0,"Greece/00-00-2021/GREECE GIORGOS KARAIVAZ, JOURNALIST MURDER, AND THE IMPUNITY PROBLEM (2021-2026)"
medium,greece_2021_nea_smyrni_police_violence_protests_order_narratives,Greece,2021,"Nea Smyrni police violence, protests and public-order narratives (2021)","Νέα Σμύρνη, αστυνομική βία, διαδηλώσεις και αφηγήσεις δημόσιας τάξης (2021)",good,generic-guidance,0,"Greece/00-00-2021/Nea Smyrni police violence, protests and public-order narratives (2021)"
medium,greece_2021_nea_smyrni_police_violence_public_order_backlash,Greece,2021,"Nea Smyrni police violence, public-order panic, and backlash","Νέα Σμύρνη, αστυνομική βία, πανικός δημόσιας τάξης και αντίδραση",good,generic-guidance,0,"Greece/00-00-2021/Nea Smyrni police violence, public-order panic, and backlash"
medium,greece_2021_novartis_scandal_political_judicial_battle,Greece,2021,Novartis scandal political-judicial battle,Novartis και πολιτικοδικαστική μάχη,good,generic-guidance,0,Greece/00-00-2021/Novartis scandal political-judicial battle
medium,greece_2021_vaccination_certificates_in_greece_health_work_access_social_division,Greece,2021,"Vaccination Certificates in Greece: Public Health, Work Access and Social Division","Πιστοποιητικά Εμβολιασμού στην Ελλάδα: Υγεία, Εργασία και Κοινωνικός Διχασμός",good,generic-guidance,0,"Greece/00-00-2021/Vaccination Certificates in Greece Public Health, Work Access and Social Division"
medium,greece_2022_ark_world_charity_scandal_children_donations_oversight_failure,Greece,2022,"Ark of the World Charity Scandal: Children, Donations and Oversight Failure","Κιβωτός του Κόσμου: Παιδιά, Δωρεές και Αποτυχία Ελέγχου",good,generic-guidance,0,"Greece/00-00-2022/Ark of the World Charity Scandal Children, Donations and Oversight Failure"
medium,greece_2022_personal_number_biometric_ids_gov_wallet,Greece,2022,"GREECE: Personal Number, Biometric IDs, and the State Digital Layer (2022-2026)","ΕΛΛΑΔΑ: Προσωπικός Αριθμός, βιομετρικές ταυτότητες και το κρατικό ψηφιακό στρώμα (2022-2026)",good,generic-guidance,0,"Greece/00-00-2022/GREECE Personal Number, Biometric IDs, and the State Digital Layer (2022-2026)"
medium,greece_2022_surveillance_reforms_after_predator,Greece,2022,Greece: Surveillance Reforms After Predatorgate (2022-2026),Ελλάδα: Μεταρρυθμίσεις επιτήρησης μετά το Predatorgate (2022-2026),good,generic-guidance,0,Greece/00-00-2022/Greece Surveillance Reforms After Predatorgate (2022-2026)
medium,greece_2022_kolonos_abuse_case_child_protection_institutional_failure,Greece,2022,"Kolonos abuse case, child protection, and institutional failure","Υπόθεση Κολωνού, προστασία παιδιού και θεσμική αποτυχία",good,generic-guidance,0,"Greece/00-00-2022/Kolonos abuse case, child protection, and institutional failure"
medium,greece_2022_predatorgate_spyware_state,Greece,2022,Predatorgate spyware and state trust,Predatorgate spyware and state trust,needs-review,specific-links,1,Greece/00-00-2022/Predatorgate spyware and state trust
medium,greece_2023_eavesdropping_adae_authority_pressure_rule_of_law,Greece,2023,"ADAE pressure, surveillance oversight, and rule-of-law trust","Πίεση στην ΑΔΑΕ, εποπτεία παρακολουθήσεων και εμπιστοσύνη στο κράτος δικαίου",good,generic-guidance,0,"Greece/00-00-2023/ADAE pressure, surveillance oversight, and rule-of-law trust"
medium,greece_2023_evros_wildfire_border_blame_and_climate_failure,Greece,2023,"Evros wildfire, border blame, and climate-governance failure","Πυρκαγιά Έβρου, ενοχοποίηση συνόρων και αποτυχία κλιματικής διακυβέρνησης",good,generic-guidance,0,"Greece/00-00-2023/Evros wildfire, border blame, and climate-governance failure"
medium,greece_2023_15_minute_cities_smart_cities_control_fears,Greece,2023,Greece 15 Minute Cities Smart Cities And Control Fears 2023 2026,Ελλαδα 15 Minute Cities Smart Cities Και Φοβοι Ελεγχου 2023 2026,good,generic-guidance,0,Greece/00-00-2023/Greece 15 Minute Cities Smart Cities And Control Fears 2023 2026
medium,greece_2023_tempi_train_crash_safety_failures_accountability,Greece,2023,"GREECE — TEMPI: TRAIN CRASH, SAFETY FAILURES, AND ACCOUNTABILITY (2023–2026)","ΕΛΛΆΔΑ — ΤΈΜΠΗ: ΣΙΔΗΡΟΔΡΟΜΙΚΌ ΔΥΣΤΎΧΗΜΑ, ΑΠΟΤΥΧΊΕΣ ΑΣΦΆΛΕΙΑΣ ΚΑΙ ΛΟΓΟΔΟΣΊΑ (2023–2026)",good,generic-guidance,0,"Greece/00-00-2023/GREECE — TEMPI TRAIN CRASH, SAFETY FAILURES, AND ACCOUNTABILITY (2023–2026)"
medium,greece_2023_pylos_shipwreck_accountability,Greece,2023,"Greece: Pylos Shipwreck, Coast Guard Accountability, and the Investigation Fight (2023-2026)","Ελλάδα: Ναυάγιο της Πύλου, Ευθύνες Λιμενικού και Μάχη για τη Λογοδοσία (2023-2026)",good,generic-guidance,0,"Greece/00-00-2023/Greece Pylos Shipwreck, Coast Guard Accountability, and the Investigation Fight (2023-20"
medium,greece_2023_spartans_golden_dawn_bypass,Greece,2023,"Greece: Spartans, Kasidiaris, and the Attempted Post-Golden-Dawn Political Workaround (2023-2025)","Ελλάδα: Spartans, Κασιδιάρης και η Απόπειρα Παράκαμψης της Απαγόρευσης της Golden Dawn (2023-2025)",good,generic-guidance,0,"Greece/00-00-2023/Greece Spartans, Kasidiaris, and the Attempted Post-Golden-Dawn Political Workaround (20"
medium,greece_2023_sports_violence_crime_networks_state_response,Greece,2023,"GREECE: SPORTS VIOLENCE, CRIMINAL NETWORKS, AND THE STATE RESPONSE (2023-2025)","ΕΛΛΑΔΑ: ΟΠΑΔΙΚΗ ΒΙΑ, ΕΓΚΛΗΜΑΤΙΚΑ ΔΙΚΤΥΑ ΚΑΙ Η ΚΡΑΤΙΚΗ ΑΝΤΙΔΡΑΣΗ (2023-2025)",good,generic-guidance,0,"Greece/00-00-2023/GREECE SPORTS VIOLENCE, CRIMINAL NETWORKS, AND THE STATE RESPONSE (2023-2025)"
medium,greece_2023_youth_violence_bullying_stabbings,Greece,2023,"GREECE: YOUTH VIOLENCE, BULLYING, DIGITAL ADDICTION, AND THE SEARCH FOR CONTROL TOOLS (2023-2026)","ΕΛΛΑΔΑ: ΝΕΑΝΙΚΗ ΒΙΑ, BULLYING, ΨΗΦΙΑΚΟΣ ΕΘΙΣΜΟΣ ΚΑΙ Η ΑΝΑΖΗΤΗΣΗ ΕΡΓΑΛΕΙΩΝ ΕΛΕΓΧΟΥ (2023-2026)",good,generic-guidance,0,"Greece/00-00-2023/Greece youth violence, bullying, digital addiction, and the search for control tools (2023-2026)"
medium,greece_2023_nea_anchialos_ammunition_blasts_wildfires_military_storage_civil_prote,Greece,2023,"Nea Anchialos Ammunition Blasts: Wildfires, Military Storage and Civil Protection Failure","Εκρήξεις Νέας Αγχιάλου: Πυρκαγιές, Πυρομαχικά και Πολιτική Προστασία",good,generic-guidance,0,"Greece/00-00-2023/Nea Anchialos Ammunition Blasts Wildfires, Military Storage and Civil Protection Failure"
medium,greece_2023_storm_daniel_thessaly_floods_infrastructure_farming_accountability,Greece,2023,"Storm Daniel, Thessaly floods, infrastructure, farming and accountability (2023-2026)","Κακοκαιρία Daniel, πλημμύρες Θεσσαλίας, υποδομές, αγροτική ζωή και λογοδοσία (2023-2026)",good,generic-guidance,0,"Greece/00-00-2023/Storm Daniel, Thessaly floods, infrastructure, farming and accountability (2023-2026)"
medium,greece_2023_tempi_rail_crash_system_failure_evidence_battle,Greece,2023,"Tempi rail crash, system failure, and evidence battle — PROOF DOSSIER","Τέμπη: σιδηροδρομικό δυστύχημα, συστημική αποτυχία και μάχη αποδείξεων — ΦΑΚΕΛΟΣ ΑΠΟΔΕΙΞΕΩΝ",good,generic-guidance,0,"Greece/00-00-2023/Tempi rail crash, system failure, and evidence battle — PROOF DOSSIER"
medium,greece_2024_asimakopoulou_email_leak_data_protection_elections,Greece,2024,"Asimakopoulou email leak, data protection, elections and trust (2024)","Υπόθεση email Ασημακοπούλου, προστασία δεδομένων, εκλογές και εμπιστοσύνη (2024)",good,generic-guidance,0,"Greece/00-00-2024/Asimakopoulou email leak, data protection, elections and trust (2024)"
medium,greece_2024_dystopian_trends,Greece,2024,Greece Dystopian Trends: 2024-2026,Ελλάδα Δυστοπικές Τάσεις: 2024-2026,good,generic-guidance,0,Greece/00-00-2024/Greece Dystopian Trends 2024-2026
medium,greece_2024_taxes_war_jobs,Greece,2024,"Greece Taxes, War Spending, and Jobs: 2024-2026","Ελλάδα: Φόροι, Πολεμικές Δαπάνες και Εργασία 2024-2026",good,generic-guidance,0,"Greece/00-00-2024/Greece Taxes, War Spending, and Jobs 2024-2026"
medium,greece_2024_domestic_violence_femicides_police_response_institutional_failure,Greece,2024,"Greece — Domestic violence, femicides, police response, and institutional failure (2024–2026)","Ελλάδα — Ενδοοικογενειακή βία, γυναικοκτονίες και θεσμική αποτυχία (2024–2026)",good,generic-guidance,0,"Greece/00-00-2024/Greece — Domestic violence, femicides, police response, and institutional failure (2024–"
medium,greece_2024_police_corruption_abuse_ill_treatment,Greece,2024,"GREECE: POLICE CORRUPTION, ABUSE, AND ILL-TREATMENT WARNINGS (2024-2026)","ΕΛΛΑΔΑ: ΑΣΤΥΝΟΜΙΚΗ ΔΙΑΦΘΟΡΑ, ΚΑΚΟΜΕΤΑΧΕΙΡΙΣΗ ΚΑΙ ΠΡΟΒΛΗΜΑ ΑΤΙΜΩΡΗΣΙΑΣ (2024-2026)",good,generic-guidance,0,"Greece/00-00-2024/GREECE POLICE CORRUPTION, ABUSE, AND ILL-TREATMENT WARNINGS (2024-2026)"
medium,greece_2024_sector_bribery_permit_networks,Greece,2024,"GREECE: PUBLIC-SECTOR BRIBERY, PERMIT NETWORKS, AND THE PERSISTENCE OF CLIENTELISM (2024-2026)","ΕΛΛΑΔΑ: ΔΙΑΦΘΟΡΑ ΣΤΟΝ ΔΗΜΟΣΙΟ ΤΟΜΕΑ, ΔΙΚΤΥΑ ΑΔΕΙΩΝ ΚΑΙ ΕΠΙΜΟΝΗ ΤΟΥ ΠΕΛΑΤΕΙΑΚΟΥ ΣΥΣΤΗΜΑΤΟΣ (2024-2026)",good,generic-guidance,0,"Greece/00-00-2024/GREECE PUBLIC-SECTOR BRIBERY, PERMIT NETWORKS, AND THE PERSISTENCE OF CLIENTELISM (2024-"
medium,greece_2024_social_media_ban_child_control_digital_age_verification,Greece,2024,"GREECE: SOCIAL-MEDIA BAN FOR UNDER-15s, DIGITAL AGE CHECKS, AND THE CHILD-CONTROL DEBATE (2024-2027)","ΕΛΛΑΔΑ: BAN ΣΤΑ SOCIAL MEDIA ΚΑΤΩ ΤΩΝ 15, ΗΛΙΚΙΑΚΟΣ ΕΛΕΓΧΟΣ ΚΑΙ Η ΣΥΖΗΤΗΣΗ ΓΙΑ ΨΗΦΙΑΚΗ ΕΠΙΤΗΡΗΣΗ ΠΑΙΔΙΩΝ (2024-2027)",good,generic-guidance,0,"Greece/00-00-2024/GREECE SOCIAL-MEDIA BAN FOR UNDER-15s, DIGITAL AGE CHECKS, AND THE CHILD-CONTROL DEBATE"
medium,greece_2024_kyriaki_griva_police_station_femicide_response_failure_institutional_s,Greece,2024,"Kyriaki Griva, police-station femicide, response failure and institutional shock (2024)","Κυριακή Γρίβα, γυναικοκτονία έξω από ΑΤ, αποτυχία αντίδρασης και θεσμικό σοκ (2024)",good,generic-guidance,0,"Greece/00-00-2024/Kyriaki Griva, police-station femicide, response failure and institutional shock (2024)"
medium,greece_2024_postal_vote_email_leak_data_protection_trust,Greece,2024,Postal-vote email leak and electoral data-protection trust,Διαρροή email επιστολικής ψήφου και εμπιστοσύνη στα εκλογικά δεδομένα,good,generic-guidance,0,Greece/00-00-2024/Postal-vote email leak and electoral data-protection trust
medium,greece_2025_echr_greece_pushback_rulings_border_accountability,Greece,2025,ECHR Greece pushback rulings and border accountability,ECHR Greece pushback rulings and border accountability,needs-review,specific-links,1,Greece/00-00-2025/ECHR Greece pushback rulings and border accountability
medium,greece_2025_digital_id_personal_number_kids_wallet_age_verification,Greece,2025,Greece Digital Id Personal Number Kids Wallet And Age Verification 2022 2026,Ελλαδα Ψηφιακη Ταυτοτητα Προσωπικος Αριθμος Kids Wallet Και Age Verification 2022 2026,good,generic-guidance,0,Greece/00-00-2025/Greece Digital Id Personal Number Kids Wallet And Age Verification 2022 2026
medium,greece_2025_kids_wallet_digital_age_verification_child_safety_id_infrastructure,Greece,2025,"GREECE — KIDS WALLET: DIGITAL AGE VERIFICATION, CHILD SAFETY, AND IDENTITY INFRASTRUCTURE (2025–2026)","ΕΛΛΆΔΑ — KIDS WALLET: ΨΗΦΙΑΚΉ ΕΠΙΒΕΒΑΊΩΣΗ ΗΛΙΚΊΑΣ, ΠΑΙΔΙΚΉ ΑΣΦΆΛΕΙΑ ΚΑΙ ΥΠΟΔΟΜΉ ΤΑΥΤΌΤΗΤΑΣ (2025–2026)",good,generic-guidance,0,"Greece/00-00-2025/GREECE — KIDS WALLET DIGITAL AGE VERIFICATION, CHILD SAFETY, AND IDENTITY INFRASTRUCTURE"
medium,greece_2025_opekepe_second_wave_parliament_immunity_agricultural_subsidy_machine,Greece,2025,"Greece — OPEKEPE second wave, parliamentary immunity, and the agricultural subsidy machine (2025–2026)","Ελλάδα — ΟΠΕΚΕΠΕ, ασυλίες και μηχανή αγροτικών επιδοτήσεων (2025–2026)",good,generic-guidance,0,"Greece/00-00-2025/Greece — OPEKEPE second wave, parliamentary immunity, and the agricultural subsidy machi"
medium,greece_2025_hellenic_train_office_bombing_rage_rail_trauma_security_spiral,Greece,2025,"Hellenic Train Office Bombing: Public Rage, Rail Trauma and Security Spiral","Βόμβα στα Γραφεία Hellenic Train: Οργή, Τραύμα Σιδηροδρόμων και Σπείρα Ασφάλειας",good,generic-guidance,0,"Greece/00-00-2025/Hellenic Train Office Bombing Public Rage, Rail Trauma and Security Spiral"
medium,greece_2025_kids_wallet_digital_identity_child_protection_debate,Greece,2025,"Kids Wallet, digital identity, and child-protection debate","Kids Wallet, digital identity, and child-protection debate",needs-review,specific-links,1,"Greece/00-00-2025/Kids Wallet, digital identity, and child-protection debate"
medium,greece_2025_opekepe_agricultural_subsidy_fraud_escalation,Greece,2025,OPEKEPE agricultural subsidy fraud escalation,Κλιμάκωση σκανδάλου αγροτικών επιδοτήσεων ΟΠΕΚΕΠΕ,good,generic-guidance,0,Greece/00-00-2025/OPEKEPE agricultural subsidy fraud escalation
medium,greece_2025_opekepe_resignations_eu_fine_subsidies_parliament_political_cost,Greece,2025,"OPEKEPE Resignations and EU Fine: Subsidies, Parliament and Political Cost","ΟΠΕΚΕΠΕ Παραιτήσεις και Πρόστιμο ΕΕ: Επιδοτήσεις, Βουλή και Πολιτικό Κόστος",good,generic-guidance,0,"Greece/00-00-2025/OPEKEPE Resignations and EU Fine Subsidies, Parliament and Political Cost"
medium,greece_2026_children_social_media_age_bans_digital_parental_control,Greece,2026,Greece Children Social Media Age Bans And Digital Parental Control 2024 2026,Ελλαδα Παιδια Social Media Age Bans Και Ψηφιακος Γονικος Ελεγχος 2024 2026,good,generic-guidance,0,Greece/00-00-2026/Greece Children Social Media Age Bans And Digital Parental Control 2024 2026
medium,greece_2026_tempi_third_year_trial_memory_protest_accountability,Greece,2026,"Greece — Tempi third year, trial memory, protest, and accountability (2026)","Ελλάδα — Τέμπη, τρίτος χρόνος, δίκη, μνήμη και λογοδοσία (2026)",good,generic-guidance,0,"Greece/00-00-2026/Greece — Tempi third year, trial memory, protest, and accountability (2026)"
medium,greece_2026_greek_social_media_age_gate_kids_wallet_debate_child_protection_or_dig,Greece,2026,Greek Social Media Age Gate and Kids Wallet Debate: Child Protection or Digital Gatekeeping,Greek Social Media Age Gate και Kids Wallet: Προστασία Παιδιών ή Ψηφιακή Πύλη;,good,generic-guidance,0,Greece/00-00-2026/Greek Social Media Age Gate and Kids Wallet Debate Child Protection or Digital Gatekeepi
medium,greece_2026_opekepe_immunity_requests_parliamentary_accountability,Greece,2026,OPEKEPE immunity requests and parliamentary accountability,OPEKEPE immunity requests and parliamentary accountability,needs-review,specific-links,1,Greece/00-00-2026/OPEKEPE immunity requests and parliamentary accountability
medium,greece_2026_tempi_trial_opening_and_accountability_battle,Greece,2026,Tempi trial opening and accountability battle,Άνοιγμα δίκης Τεμπών και μάχη λογοδοσίας,good,generic-guidance,0,Greece/00-00-2026/Tempi trial opening and accountability battle
medium,greece_2026_tempi_trial_opening_350_witnesses_no_politicians_in_dock_accountabilit,Greece,2026,"Tempi Trial Opening: 350 Witnesses, No Politicians in Dock and Accountability Gap","Έναρξη Δίκης Τεμπών: 350 Μάρτυρες, Κανένας Πολιτικός στο εδώλιο και Κενό Λογοδοσίας",good,generic-guidance,0,"Greece/00-00-2026/Tempi Trial Opening 350 Witnesses, No Politicians in Dock and Accountability Gap"
medium,usa_1830_trail_tears_forced_removal,USA,1830,Trail of Tears and federal forced-removal policy,Το Μονοπάτι των Δακρύων και η ομοσπονδιακή πολιτική αναγκαστικής απομάκρυνσης,good,generic-guidance,0,USA/00-00-1830/Trail of Tears and federal forced-removal policy
medium,usa_1879_indian_boarding_schools_assimilation_system,USA,1879,Indian boarding schools and forced assimilation,Ινδιάνικα οικοτροφεία και αναγκαστική αφομοίωση,good,generic-guidance,0,USA/00-00-1879/Indian boarding schools and forced assimilation
medium,usa_1894_pullman_strike_federal_troops_labor_power,USA,1894,"Pullman Strike, federal troops, and corporate labor power","Απεργία Pullman, ομοσπονδιακός στρατός και εταιρική ισχύς εργασίας",good,generic-guidance,0,"USA/00-00-1894/Pullman Strike, federal troops, and corporate labor power"
medium,usa_1898_uss_maine_explosion_and_war_fever,USA,1898,USS Maine explosion and war fever,Έκρηξη USS Maine και πολεμικός πυρετός,good,generic-guidance,0,USA/00-00-1898/USS Maine explosion and war fever
medium,usa_1911_triangle_shirtwaist_fire_labor_safety_corruption,USA,1911,"Triangle Shirtwaist fire, locked exits, and labor-safety reform","Πυρκαγιά Triangle Shirtwaist, κλειδωμένες έξοδοι και μεταρρύθμιση ασφάλειας εργασίας",good,generic-guidance,0,"USA/00-00-1911/Triangle Shirtwaist fire, locked exits, and labor-safety reform"
medium,usa_1914_ludlow_massacre_labor_power,USA,1914,Ludlow Massacre and private-public labor violence,Σφαγή του Ludlow και ιδιωτικο-δημόσια βία κατά εργατών,good,generic-guidance,0,USA/00-00-1914/Ludlow Massacre and private-public labor violence
medium,usa_1917_psychological_operations_propaganda_opinion_control,USA,1917,Usa Psychological Operations Propaganda And Public Opinion Control 1917 2026,Ηπα Ψυχολογικες Επιχειρησεις Προπαγανδα Και Ελεγχος Κοινης Γνωμης 1917 2026,good,generic-guidance,0,USA/00-00-1917/Usa Psychological Operations Propaganda And Public Opinion Control 1917 2026
medium,usa_1918_sedition_act_war_speech_raids_free_expression,USA,1918,"Sedition Act, war speech, raids and the fear state (1918-1921)","Νόμος περί Στασιασμού, πολεμικός λόγος, επιδρομές και κράτος φόβου (1918-1921)",good,generic-guidance,0,"USA/00-00-1918/Sedition Act, war speech, raids and the fear state (1918-1921)"
medium,usa_1919_palmer_raids_and_red_scare_policing,USA,1919,Palmer Raids and Red Scare policing,Επιδρομές Palmer και αστυνόμευση Red Scare,good,generic-guidance,0,USA/00-00-1919/Palmer Raids and Red Scare policing
medium,usa_1919_red_summer_racial_violence_state_response,USA,1919,Red Summer racial violence and state response,"Red Summer, φυλετική βία και αντίδραση του κράτους",good,generic-guidance,0,USA/00-00-1919/Red Summer racial violence and state response
medium,usa_1919_palmer_raids_red_scare_deportations_political_policing,USA,1919,"USA — Palmer Raids, the Red Scare, deportations, and political policing (1919–1920)","ΗΠΑ — Palmer Raids, Κόκκινος Τρόμος, απελάσεις και πολιτική αστυνόμευση (1919–1920)",good,generic-guidance,0,"USA/00-00-1919/USA — Palmer Raids, the Red Scare, deportations, and political policing (1919–1920)"
medium,usa_1921_tulsa_race_massacre_coverup_and_records,USA,1921,"Tulsa Race Massacre, destroyed wealth, and the long cover-up","Σφαγή της Tulsa, κατεστραμμένος πλούτος και μακρά συγκάλυψη",good,generic-guidance,0,"USA/00-00-1921/Tulsa Race Massacre, destroyed wealth, and the long cover-up"
medium,usa_1921_tulsa_race_massacre_destruction_insurance_denial,USA,1921,"Tulsa Race Massacre, destruction, and denial of compensation","Σφαγή της Tulsa, καταστροφή και άρνηση αποζημίωσης",good,generic-guidance,0,"USA/00-00-1921/Tulsa Race Massacre, destruction, and denial of compensation"
medium,usa_1921_teapot_dome,USA,1921,USA: Teapot Dome and the Oil-Lease Corruption Scandal (1921-1929),ΗΠΑ: Teapot Dome και το σκάνδαλο διαφθοράς με τις πετρελαϊκές μισθώσεις (1921-1929),good,generic-guidance,0,USA/00-00-1921/USA Teapot Dome and the Oil-Lease Corruption Scandal (1921-1929)
medium,usa_1923_leaded_gasoline_health_delay,USA,1923,"LEADED GASOLINE, PUBLIC HEALTH DELAY, AND THE SLOW-FALL MODEL (1923-1996)","ΒΕΝΖΙΝΗ ΜΕ ΜΟΛΥΒΔΟ, ΚΑΘΥΣΤΕΡΗΣΗ ΠΡΟΣΤΑΣΙΑΣ ΤΗΣ ΔΗΜΟΣΙΑΣ ΥΓΕΙΑΣ ΚΑΙ ΤΟ ΜΟΝΤΕΛΟ «ΑΡΓΗΣ ΠΤΩΣΗΣ» (1923-1996)",good,generic-guidance,0,"USA/00-00-1923/LEADED GASOLINE, PUBLIC HEALTH DELAY, AND THE SLOW-FALL MODEL (1923-1996)"
medium,usa_1924_teapot_dome_oil_corruption_memory,USA,1924,Usa Teapot Dome Image File Oil Corruption And Public Memory 1921 1929,Ηπα Teapot Dome Αρχειο Εικονας Πετρελαιο Διαφθορα Και Δημοσια Μνημη 1921 1929,good,generic-guidance,0,USA/00-00-1924/Usa Teapot Dome Image File Oil Corruption And Public Memory 1921 1929
medium,usa_1927_buck_v_bell_forced_sterilization_eugenics_law,USA,1927,"Buck v. Bell, forced sterilization and the respectable face of eugenics (1927-1970s)","Buck v. Bell, αναγκαστικές στειρώσεις και το σεβαστό πρόσωπο της ευγονικής (1927-1970s)",good,generic-guidance,0,"USA/00-00-1927/Buck v. Bell, forced sterilization and the respectable face of eugenics (1927-1970s)"
medium,usa_1932_bonus_army_eviction_2,USA,1932,Bonus Army eviction,Βίαιη εκκένωση Bonus Army,good,generic-guidance,0,USA/00-00-1932/Bonus Army eviction
medium,usa_1932_tuskegee_syphilis_study_medical_racism,USA,1932,"Tuskegee syphilis study, medical racism, and informed-consent betrayal","Μελέτη σύφιλης Tuskegee, ιατρικός ρατσισμός και προδοσία συναίνεσης",good,generic-guidance,0,"USA/00-00-1932/Tuskegee syphilis study, medical racism, and informed-consent betrayal"
medium,usa_1932_tuskegee_syphilis_study_health_race_consent_delayed_accountability,USA,1932,"Tuskegee Syphilis Study: Public Health, Race, Consent and Delayed Accountability","Μελέτη Σύφιλης Tuskegee: Δημόσια Υγεία, Ρατσισμός, Συναίνεση και Καθυστερημένη Λογοδοσία",good,generic-guidance,0,"USA/00-00-1932/Tuskegee Syphilis Study Public Health, Race, Consent and Delayed Accountability"
medium,usa_1932_tuskegee_syphilis_study_consent_race_medical_betrayal,USA,1932,"USA — Tuskegee syphilis study, consent, race, and medical betrayal (1932–1972)","ΗΠΑ — Μελέτη σύφιλης Tuskegee, συναίνεση, ρατσισμός και ιατρική προδοσία (1932–1972)",good,generic-guidance,0,"USA/00-00-1932/USA — Tuskegee syphilis study, consent, race, and medical betrayal (1932–1972)"
medium,usa_1932_tuskegee_1932_1997,USA,1932,USA: Tuskegee Syphilis Study — Unethical Human Experimentation Hidden Behind Public Health Language (1932-1997),ΗΠΑ: Μελέτη Σύφιλης Tuskegee — Ανήθικη ανθρώπινη πειραματική πρακτική πίσω από τη γλώσσα της δημόσιας υγείας (1932-1997),good,generic-guidance,0,USA/00-00-1932/USA Tuskegee Syphilis Study — Unethical Human Experimentation Hidden Behind Public Healt
medium,usa_1933_business_plot_allegations_congressional_testimony_elite_panic,USA,1933,"Business Plot allegations, congressional testimony and elite panic (1933-1935)","Ισχυρισμοί Business Plot, κοινοβουλευτική μαρτυρία και πανικός ελίτ (1933-1935)",good,generic-guidance,0,"USA/00-00-1933/Business Plot allegations, congressional testimony and elite panic (1933-1935)"
medium,usa_1933_business_plot_allegations_veterans_wall_street_panic_fragility_democra,USA,1933,"Business Plot Allegations: Veterans, Wall Street Panic and the Fragility of Democracy","Ισχυρισμοί Business Plot: Βετεράνοι, Οικονομικός Πανικός και Ευθραυστότητα της Δημοκρατίας",good,generic-guidance,0,"USA/00-00-1933/Business Plot Allegations Veterans, Wall Street Panic and the Fragility of Democracy"
medium,usa_1940_japanese_american_internment_census_breach,USA,1940,"USA: Japanese American Internment, Census Confidentiality Breach, and the Logic of Wartime Control (1940-2025)","ΗΠΑ: Εγκλεισμός Ιαπωνοαμερικανών, παραβίαση απορρήτου απογραφής και η λογική του ελέγχου σε καιρό πολέμου (1940-2025)",good,generic-guidance,0,"USA/00-00-1940/USA Japanese American Internment, Census Confidentiality Breach, and the Logic of Wartim"
medium,usa_1943_zoot_suit_riots_policing_media_panic_racialized_youth_violence,USA,1943,"Zoot Suit Riots: Policing, Media Panic and Racialized Youth Violence","Zoot Suit Riots: Αστυνόμευση, Μιντιακός Πανικός και Ρατσιστική Βία Νεολαίας",good,generic-guidance,0,"USA/00-00-1943/Zoot Suit Riots Policing, Media Panic and Racialized Youth Violence"
medium,usa_1944_port_chicago_disaster_black_sailors_mutiny_trial,USA,1944,"Port Chicago disaster, Black sailors, and mutiny trials","Καταστροφή Port Chicago, μαύροι ναύτες και δίκες ανταρσίας",good,generic-guidance,0,"USA/00-00-1944/Port Chicago disaster, Black sailors, and mutiny trials"
medium,usa_1944_human_radiation_experiments,USA,1944,USA: Human Radiation Experiments — Official Review of Cold War-Era Government-Sponsored Testing (1944-1995),ΗΠΑ: Πειράματα ανθρώπινης ακτινοβολίας — Επίσημη ανασκόπηση κρατικά χρηματοδοτημένων δοκιμών της Ψυχροπολεμικής περιόδου (1944-1995),good,generic-guidance,0,USA/00-00-1944/USA Human Radiation Experiments — Official Review of Cold War-Era Government-Sponsored T
medium,usa_1945_downwinders_nuclear_testing_compensation,USA,1945,"DOWNWINDERS, NUCLEAR TESTING, FALLOUT, AND COMPENSATION (1945-2026)","DOWNWINDERS, ΠΥΡΗΝΙΚΕΣ ΔΟΚΙΜΕΣ, ΡΑΔΙΕΝΕΡΓΟ FALLOUT ΚΑΙ ΑΠΟΖΗΜΙΩΣΕΙΣ (1945-2026)",good,generic-guidance,0,"USA/00-00-1945/DOWNWINDERS, NUCLEAR TESTING, FALLOUT, AND COMPENSATION (1945-2026)"
medium,usa_1945_project_sunshine_body_parts_nuclear_fallout_consent,USA,1945,"USA — Project Sunshine, body parts, nuclear fallout, and consent (1945–1973)","ΗΠΑ — Project Sunshine, ανθρώπινα δείγματα, πυρηνική ραδιενέργεια και συναίνεση (1945–1973)",good,generic-guidance,0,"USA/00-00-1945/USA — Project Sunshine, body parts, nuclear fallout, and consent (1945–1973)"
medium,usa_1945_nsa_shamrock_minaret,USA,1945,USA: NSA's SHAMROCK and MINARET Watch-List Surveillance (1945-1975),ΗΠΑ: Τα προγράμματα SHAMROCK και MINARET της NSA (1945-1975),good,generic-guidance,0,USA/00-00-1945/USA NSA's SHAMROCK and MINARET Watch-List Surveillance (1945-1975)
medium,usa_1945_operation_paperclip,USA,1945,USA: Operation Paperclip and the recruitment of former Nazi-linked scientists (1945-1955),ΗΠΑ: Operation Paperclip και στρατολόγηση επιστημόνων με ναζιστικό παρελθόν ή σύνδεση (1945-1955),good,generic-guidance,0,USA/00-00-1945/USA Operation Paperclip and the recruitment of former Nazi-linked scientists (1945-1955)
medium,usa_1946_weather_modification_geoengineering,USA,1946,USA: Weather Modification and Geoengineering Debate (1946-2026),ΗΠΑ: Τροποποίηση Καιρού και Συζήτηση για Geoengineering (1946-2026),good,generic-guidance,0,USA/00-00-1946/USA Weather Modification and Geoengineering Debate (1946-2026)
medium,usa_1947_hollywood_blacklist_huac_loyalty_panic,USA,1947,"Hollywood blacklist, HUAC hearings, and loyalty panic","Μαύρη λίστα Hollywood, ακροάσεις HUAC και πανικός νομιμοφροσύνης",good,generic-guidance,0,"USA/00-00-1947/Hollywood blacklist, HUAC hearings, and loyalty panic"
medium,usa_1947_ufo_secrecy_supernatural_claims,USA,1947,Usa Ufo Secrecy Supernatural Claims And Public Trust 1947 2026,Ηπα Ufo Μυστικοτητα Υπερφυσικοι Ισχυρισμοι Και Δημοσια Εμπιστοσυνη 1947 2026,good,generic-guidance,0,USA/00-00-1947/Usa Ufo Secrecy Supernatural Claims And Public Trust 1947 2026
medium,usa_1947_project_blue_book_uap_archives_aliens,USA,1947,"USA — PROJECT BLUE BOOK AND UAP: ARCHIVES, ALIENS, AND PUBLIC TRUST (1947–2026)","ΗΠΑ — PROJECT BLUE BOOK ΚΑΙ UAP: ΑΡΧΕΊΑ, ΕΞΩΓΉΙΝΟΙ ΚΑΙ ΔΗΜΌΣΙΑ ΕΜΠΙΣΤΟΣΎΝΗ (1947–2026)",good,generic-guidance,0,"USA/00-00-1947/USA — PROJECT BLUE BOOK AND UAP ARCHIVES, ALIENS, AND PUBLIC TRUST (1947–2026)"
medium,usa_1948_cia_journalists_media_influence,USA,1948,"USA: CIA, Journalists, and Media Influence Networks (1948-1977)","ΗΠΑ: CIA, δημοσιογράφοι και δίκτυα επιρροής στα ΜΜΕ (1948-1977)",good,generic-guidance,0,"USA/00-00-1948/USA CIA, Journalists, and Media Influence Networks (1948-1977)"
medium,usa_1949_open_air_biological_tests,USA,1949,USA: Open-air biological tests on unwarned populations (1949-1969),ΗΠΑ: ανοιχτές βιολογικές δοκιμές σε ανυποψίαστους πληθυσμούς (1949-1969),good,generic-guidance,0,USA/00-00-1949/USA Open-air biological tests on unwarned populations (1949-1969)
medium,usa_1950_lavender_scare_security_purge_civil_service,USA,1950,"Lavender Scare, security purges, and civil-service fear","Lavender Scare, εκκαθαρίσεις ασφαλείας και φόβος στη δημόσια διοίκηση",good,generic-guidance,0,"USA/00-00-1950/Lavender Scare, security purges, and civil-service fear"
medium,usa_1950_project_bluebird_artichoke_interrogation_research_secret_consent_failu,USA,1950,"Project BLUEBIRD/ARTICHOKE, interrogation research and consent failure (1950-1953)","Project BLUEBIRD/ARTICHOKE, έρευνα ανάκρισης και αποτυχία συναίνεσης (1950-1953)",good,generic-guidance,0,"USA/00-00-1950/Project BLUEBIRD ARTICHOKE, interrogation research and consent failure (1950-1953)"
medium,usa_1950_big_tobacco_rico_decades_deception,USA,1950,"USA: Big Tobacco, RICO, and Decades of Deception (1950-2026)","ΗΠΑ: Big Tobacco, RICO και δεκαετίες εξαπάτησης (1950-2026)",good,generic-guidance,0,"USA/00-00-1950/USA Big Tobacco, RICO, and Decades of Deception (1950-2026)"
medium,usa_1952_operation_chaos_htlingual,USA,1952,USA: Operation CHAOS and HTLINGUAL (1952-1974),ΗΠΑ: Operation CHAOS και HTLINGUAL (1952-1974),good,generic-guidance,0,USA/00-00-1952/USA Operation CHAOS and HTLINGUAL (1952-1974)
medium,usa_1952_guatemala_pbsuccess,USA,1952,USA: Operation PBSUCCESS — CIA-Backed Coup in Guatemala (1952-1954),ΗΠΑ: Επιχείρηση PBSUCCESS — Πραξικόπημα στη Γουατεμάλα με στήριξη CIA (1952-1954),good,generic-guidance,0,USA/00-00-1952/USA Operation PBSUCCESS — CIA-Backed Coup in Guatemala (1952-1954)
medium,usa_1953_cia_project_artichoke_behavioral_control_files,USA,1953,CIA Project ARTICHOKE behavioral control files,CIA Project ARTICHOKE και αρχεία ελέγχου συμπεριφοράς,good,generic-guidance,0,USA/00-00-1953/CIA Project ARTICHOKE behavioral control files
medium,usa_1953_iran_coup_cia_oil_democracy_blowback,USA,1953,"Iran coup, CIA oil politics, democracy loss, and blowback","Πραξικόπημα Ιράν, CIA, πετρέλαιο, απώλεια δημοκρατίας και blowback",good,generic-guidance,0,"USA/00-00-1953/Iran coup, CIA oil politics, democracy loss, and blowback"
medium,usa_1953_operation_ajax_iran_cia_mi6_coup,USA,1953,Operation AJAX and the 1953 Iran coup,Επιχείρηση AJAX και το πραξικόπημα στο Ιράν το 1953,good,generic-guidance,0,USA/00-00-1953/Operation AJAX and the 1953 Iran coup
medium,usa_1953_mkultra_secret_science_consent_mind_control,USA,1953,"USA — MKULTRA: SECRET SCIENCE, CONSENT, AND MIND-CONTROL RESEARCH (1953–1977)","ΗΠΑ — MKULTRA: ΜΥΣΤΙΚΉ ΕΠΙΣΤΉΜΗ, ΣΥΝΑΊΝΕΣΗ ΚΑΙ ΈΡΕΥΝΑ ΕΛΈΓΧΟΥ ΝΟΥ (1953–1977)",good,generic-guidance,0,"USA/00-00-1953/USA — MKULTRA SECRET SCIENCE, CONSENT, AND MIND-CONTROL RESEARCH (1953–1977)"
medium,usa_1953_camp_lejeune_contamination_coverup,USA,1953,USA: Camp Lejeune Water Contamination and Cover-Up Allegations (1953-2024),ΗΠΑ: Camp Lejeune - Μόλυνση Νερού και Κατηγορίες Συγκάλυψης (1953-2024),good,generic-guidance,0,USA/00-00-1953/USA Camp Lejeune Water Contamination and Cover-Up Allegations (1953-2024)
medium,usa_1954_operation_wetback_deportation_campaign_civil_rights,USA,1954,"Operation Wetback, mass deportation, and civil-rights memory","Operation Wetback, μαζικές απελάσεις και μνήμη δικαιωμάτων",good,generic-guidance,0,"USA/00-00-1954/Operation Wetback, mass deportation, and civil-rights memory"
medium,usa_1955_operation_midnight_climax_safehouses_drugs_nonconsensual_experiments,USA,1955,"Operation Midnight Climax, safehouses, drugs and non-consensual experiments (1955-1965)","Operation Midnight Climax, safehouses, ουσίες και πειράματα χωρίς συναίνεση (1955-1965)",good,generic-guidance,0,"USA/00-00-1955/Operation Midnight Climax, safehouses, drugs and non-consensual experiments (1955-1965)"
medium,usa_1956_cointelpro_1956_1971,USA,1956,USA: COINTELPRO and Political Disruption by the FBI (1956-1971),ΗΠΑ: COINTELPRO και πολιτική αποσταθεροποίηση από το FBI (1956-1971),good,generic-guidance,0,USA/00-00-1956/USA COINTELPRO and Political Disruption by the FBI (1956-1971)
medium,usa_1960_cia_assassination_plots_mafia,USA,1960,USA: CIA assassination plots and Mafia overlap (1960-1975),ΗΠΑ: σχέδια δολοφονίας της CIA και επαφή με τη Μαφία (1960-1975),good,generic-guidance,0,USA/00-00-1960/USA CIA assassination plots and Mafia overlap (1960-1975)
medium,usa_1961_bay_of_pigs_covert_failure_plausible_denial,USA,1961,"Bay of Pigs invasion, covert failure, and plausible deniability","Εισβολή Bay of Pigs, μυστική αποτυχία και εύλογη άρνηση",good,generic-guidance,0,"USA/00-00-1961/Bay of Pigs invasion, covert failure, and plausible deniability"
medium,usa_1961_agent_orange_dioxin_delayed_recognition,USA,1961,"USA: Agent Orange, Dioxin, and Delayed Recognition (1961-2026)","ΗΠΑ: Agent Orange, διοξίνη και καθυστερημένη αναγνώριση (1961-2026)",good,generic-guidance,0,"USA/00-00-1961/USA Agent Orange, Dioxin, and Delayed Recognition (1961-2026)"
medium,usa_1963_agent_orange_chemical_war_health_delayed_accountability,USA,1963,Usa Agent Orange Image File Chemical War Public Health And Delayed Accountability 1961 2026,Ηπα Agent Orange Αρχειο Εικονας Χημικος Πολεμος Δημοσια Υγεια Και Καθυστερημενη Λογοδοσια 1961 2026,good,generic-guidance,0,USA/00-00-1963/Usa Agent Orange Image File Chemical War Public Health And Delayed Accountability 1961 2
medium,usa_1964_fbi_mlk_blackmail_letter_surveillance,USA,1964,FBI surveillance of Martin Luther King Jr. and blackmail letter,FBI surveillance of Martin Luther King Jr. and blackmail letter,needs-review,specific-links,1,USA/00-00-1964/FBI surveillance of Martin Luther King Jr. and blackmail letter
medium,usa_1964_freedom_summer_murders_mississippi_state_complicity,USA,1964,"Freedom Summer murders, Mississippi law enforcement, and state complicity","Δολοφονίες Freedom Summer, αστυνομία Μισισίπι και κρατική συνενοχή",good,generic-guidance,0,"USA/00-00-1964/Freedom Summer murders, Mississippi law enforcement, and state complicity"
medium,usa_1964_gulf_of_tonkin_resolution_intelligence_gap,USA,1964,"Gulf of Tonkin, disputed attack, and war authorization",Κόλπος του Tonkin: αμφισβητούμενη επίθεση και εξουσιοδότηση πολέμου,good,generic-guidance,0,"USA/00-00-1964/Gulf of Tonkin, disputed attack, and war authorization"
medium,usa_1964_pentagon_papers_tonkin,USA,1964,USA: Pentagon Papers and the Tonkin Gulf deception problem (1964-1971),ΗΠΑ: Pentagon Papers και το πρόβλημα της παραπλάνησης στον Κόλπο του Τόνκιν (1964-1971),good,generic-guidance,0,USA/00-00-1964/USA Pentagon Papers and the Tonkin Gulf deception problem (1964-1971)
medium,usa_1965_fbi_surveillance_martin_luther_king_jr_political_blackmail,USA,1965,FBI surveillance of Martin Luther King Jr. and political blackmail (1960s),Παρακολούθηση Martin Luther King Jr. από FBI και πολιτικός εκβιασμός (1960s),good,generic-guidance,0,USA/00-00-1965/FBI surveillance of Martin Luther King Jr. and political blackmail (1960s)
medium,usa_1969_black_panther_surveillance_and_raids,USA,1969,Black Panther surveillance and raids,Παρακολούθηση και επιδρομές εναντίον Black Panthers,good,generic-guidance,0,USA/00-00-1969/Black Panther surveillance and raids
medium,usa_1969_stonewall_police_raid_queer_resistance_memory,USA,1969,"Stonewall raid, police power, and queer resistance memory","Stonewall, αστυνομική έφοδος και μνήμη queer αντίστασης",good,generic-guidance,0,"USA/00-00-1969/Stonewall raid, police power, and queer resistance memory"
medium,usa_1969_citizens_commission_fbi_burglary_files_cointelpro_exposure,USA,1969,"USA — Citizens’ Commission burglary, stolen FBI files, and COINTELPRO exposure (1971)","ΗΠΑ — Διάρρηξη αρχείων FBI, διαρροές και αποκάλυψη COINTELPRO (1971)",good,generic-guidance,0,"USA/00-00-1969/USA — Citizens’ Commission burglary, stolen FBI files, and COINTELPRO exposure (1971)"
medium,usa_1970_kent_state_shootings_protest_national_guard_force_state_violence_memor,USA,1970,"Kent State Shootings: Protest, National Guard Force and State Violence Memory","Πυροβολισμοί Kent State: Διαμαρτυρία, Εθνοφρουρά και Μνήμη Κρατικής Βίας",good,generic-guidance,0,"USA/00-00-1970/Kent State Shootings Protest, National Guard Force and State Violence Memory"
medium,usa_1971_attica_prison_uprising_state_response_memory,USA,1971,"Attica prison uprising, state response and the politics of memory (1971)","Εξέγερση Attica, κρατική αντίδραση και πολιτική μνήμης (1971)",good,generic-guidance,0,"USA/00-00-1971/Attica prison uprising, state response and the politics of memory (1971)"
medium,usa_1971_citizens_commission_fbi_files_and_cointelpro_exposure,USA,1971,Citizens Commission FBI files and COINTELPRO exposure,Αρχεία Citizens Commission και αποκάλυψη COINTELPRO,good,generic-guidance,0,USA/00-00-1971/Citizens Commission FBI files and COINTELPRO exposure
medium,usa_1971_cointelpro_files_fbi_disruption_domestic_politics,USA,1971,"COINTELPRO files, FBI disruption, and domestic politics","Αρχεία COINTELPRO, αποσταθεροποίηση FBI και εσωτερική πολιτική",good,generic-guidance,0,"USA/00-00-1971/COINTELPRO files, FBI disruption, and domestic politics"
medium,usa_1971_pentagon_papers_vietnam_deception_public_record,USA,1971,"Pentagon Papers, Vietnam deception, and the public record","Pentagon Papers, παραπλάνηση για Βιετνάμ και δημόσιο αρχείο",good,generic-guidance,0,"USA/00-00-1971/Pentagon Papers, Vietnam deception, and the public record"
medium,usa_1972_stargate_remote_viewing,USA,1972,USA: STARGATE — The U.S. Intelligence Community Really Studied “Remote Viewing” (1970s-1995),ΗΠΑ: STARGATE — Η αμερικανική κοινότητα πληροφοριών μελέτησε πραγματικά το «remote viewing» (δεκαετίες 1970-1995),good,generic-guidance,0,USA/00-00-1972/USA STARGATE — The U.S. Intelligence Community Really Studied “Remote Viewing” (1970s-19
medium,usa_1972_watergate_1972_1977,USA,1972,"USA: Watergate, Surveillance Abuse, and Presidential Cover-Up (1972-1977)","ΗΠΑ: Watergate, κατάχρηση παρακολούθησης και προεδρική συγκάλυψη (1972-1977)",good,generic-guidance,0,"USA/00-00-1972/USA Watergate, Surveillance Abuse, and Presidential Cover-Up (1972-1977)"
medium,usa_1973_cia_chile_covert_action_coup_context_memory,USA,1973,"CIA, Chile, covert action and public memory of intervention (1970-1973)","CIA, Χιλή, μυστική δράση και δημόσια μνήμη επέμβασης (1970-1973)",good,generic-guidance,0,"USA/00-00-1973/CIA, Chile, covert action and public memory of intervention (1970-1973)"
medium,usa_1975_church_committee_intelligence_oversight,USA,1975,Church Committee intelligence oversight revelations,Church Committee intelligence oversight revelations,needs-review,specific-links,1,USA/00-00-1975/Church Committee intelligence oversight revelations
medium,usa_1975_church_committee_intelligence_abuses,USA,1975,USA: Church Committee — Intelligence abuses exposed by Congress (1975-1976),ΗΠΑ: Church Committee — οι καταχρήσεις των υπηρεσιών πληροφοριών που αποκαλύφθηκαν από τη Γερουσία (1975-1976),good,generic-guidance,0,USA/00-00-1975/USA Church Committee — Intelligence abuses exposed by Congress (1975-1976)
medium,usa_1978_love_canal_toxic_waste_schoolchildren_politics_environmental_exposure,USA,1978,"Love Canal: Toxic Waste, Schoolchildren and the Politics of Environmental Exposure","Love Canal: Τοξικά Απόβλητα, Παιδιά και Πολιτική Περιβαλλοντικής Έκθεσης",good,generic-guidance,0,"USA/00-00-1978/Love Canal Toxic Waste, Schoolchildren and the Politics of Environmental Exposure"
medium,usa_1979_greensboro_massacre_police_klan_nazi_failure,USA,1979,"Greensboro massacre, police absence, and extremist violence","Σφαγή Greensboro, απουσία αστυνομίας και εξτρεμιστική βία",good,generic-guidance,0,"USA/00-00-1979/Greensboro massacre, police absence, and extremist violence"
medium,usa_1979_three_mile_island_nuclear_accident_2,USA,1979,Three Mile Island nuclear accident,Πυρηνικό ατύχημα Three Mile Island,good,generic-guidance,0,USA/00-00-1979/Three Mile Island nuclear accident
medium,usa_1979_jfk_hsca_probable_conspiracy,USA,1979,USA: JFK Assassination — What the House Select Committee Actually Found (1979 / archival record),ΗΠΑ: Δολοφονία JFK — Τι ακριβώς βρήκε η House Select Committee (1979 / αρχειακό αρχείο),good,generic-guidance,0,USA/00-00-1979/USA JFK Assassination — What the House Select Committee Actually Found (1979 archival re
medium,usa_1980_savings_and_loan_crisis_deregulation_fraud_bailout,USA,1980,"Savings and Loan crisis, deregulation, fraud, and bailout","Κρίση Savings and Loan, απορρύθμιση, απάτη και διάσωση",good,generic-guidance,0,"USA/00-00-1980/Savings and Loan crisis, deregulation, fraud, and bailout"
medium,usa_1980_fbi_microscopic_hair_analysis_wrongful_convictions_forensic_certainty,USA,1980,USA — FBI HAIR ANALYSIS: WRONGFUL CONVICTIONS AND FORENSIC CERTAINTY (1980–2015),ΗΠΑ — ΑΝΆΛΥΣΗ ΤΡΙΧΏΝ FBI: ΆΔΙΚΕΣ ΚΑΤΑΔΊΚΕΣ ΚΑΙ ΕΓΚΛΗΜΑΤΟΛΟΓΙΚΉ ΒΕΒΑΙΌΤΗΤΑ (1980–2015),good,generic-guidance,0,USA/00-00-1980/USA — FBI HAIR ANALYSIS WRONGFUL CONVICTIONS AND FORENSIC CERTAINTY (1980–2015)
medium,usa_1982_patco_strike_firing_labor_state_power,USA,1981,"PATCO strike firing, labor power, and state discipline","Απόλυση απεργών PATCO, εργατική ισχύς και κρατική πειθαρχία",good,generic-guidance,0,"USA/00-00-1981/PATCO strike firing, labor power, and state discipline"
medium,usa_1983_iran_contra,USA,1983,"USA: Iran-Contra — Illegal War Support, Secret Arms Deals, and a Presidency Under Pressure (1983-1993)","ΗΠΑ: Iran-Contra — Παράνομη στήριξη πολέμου, μυστικές πωλήσεις όπλων και προεδρία υπό πίεση (1983-1993)",good,generic-guidance,0,"USA/00-00-1983/USA Iran-Contra — Illegal War Support, Secret Arms Deals, and a Presidency Under Pressur"
medium,usa_1983_gateway_process_consciousness,USA,1983,"USA: The Gateway Process, Consciousness Research, and “Supernatural” Claims (1983-2026)","ΗΠΑ: Gateway Process, έρευνα συνείδησης και «υπερφυσικοί» ισχυρισμοί (1983-2026)",good,generic-guidance,0,"USA/00-00-1983/USA The Gateway Process, Consciousness Research, and “Supernatural” Claims (1983-2026)"
medium,usa_1984_civil_asset_forfeiture_policing_for_profit,USA,1984,"USA: Civil Asset Forfeiture, Equitable Sharing, and the ""Policing for Profit"" Structure (1984-2026)","ΗΠΑ: Πολιτικές δημεύσεις περιουσίας, equitable sharing και η δομή του «policing for profit» (1984-2026)",good,generic-guidance,0,"USA/00-00-1984/USA Civil Asset Forfeiture, Equitable Sharing, and the Policing for Profit Structure (19"
medium,usa_1985_move_bombing_in_philadelphia_2,USA,1985,MOVE bombing in Philadelphia,Βομβαρδισμός MOVE στη Φιλαδέλφεια,good,generic-guidance,0,USA/00-00-1985/MOVE bombing in Philadelphia
medium,usa_1985_move_bombing_philadelphia_police_fire_race_urban_state_violence,USA,1985,"MOVE Bombing: Philadelphia Police, Fire, Race and Urban State Violence","MOVE Bombing: Αστυνομία Philadelphia, Φωτιά, Φυλή και Αστική Κρατική Βία",good,generic-guidance,0,"USA/00-00-1985/MOVE Bombing Philadelphia Police, Fire, Race and Urban State Violence"
medium,usa_1985_therac25_radiation_overdose_software_safety,USA,1985,Therac-25 radiation overdoses and software safety failure,"Therac-25, υπερδοσολογίες ακτινοβολίας και αποτυχία ασφάλειας λογισμικού",good,generic-guidance,0,USA/00-00-1985/Therac-25 radiation overdoses and software safety failure
medium,usa_1986_challenger_disaster_engineering_warnings_launch_pressure_institutional,USA,1986,"Challenger Disaster: Engineering Warnings, Launch Pressure and Institutional Silence","Challenger: Προειδοποιήσεις Μηχανικών, Πίεση Εκτόξευσης και Θεσμική Σιωπή",good,generic-guidance,0,"USA/00-00-1986/Challenger Disaster Engineering Warnings, Launch Pressure and Institutional Silence"
medium,usa_1986_iran_contra_secret_policy_network,USA,1986,Iran-Contra secret policy network,Iran-Contra και μυστικό δίκτυο πολιτικής,good,generic-guidance,0,USA/00-00-1986/Iran-Contra secret policy network
medium,usa_1989_central_park_five_false_confessions_media_fury_wrongful_conviction,USA,1989,"Central Park Five: False Confessions, Media Fury and Wrongful Conviction","Central Park Five: Ψευδείς Ομολογίες, Μιντιακή Οργή και Άδικη Καταδίκη",good,generic-guidance,0,"USA/00-00-1989/Central Park Five False Confessions, Media Fury and Wrongful Conviction"
medium,usa_1989_exxon_valdez_oil_spill_corporate_safety_ecology,USA,1989,"Exxon Valdez oil spill, corporate safety, and ecological accountability","Exxon Valdez, πετρελαιοκηλίδα, εταιρική ασφάλεια και οικολογική λογοδοσία",good,generic-guidance,0,"USA/00-00-1989/Exxon Valdez oil spill, corporate safety, and ecological accountability"
medium,usa_1992_los_angeles_riots_and_rodney_king_verdict,USA,1992,Los Angeles riots and Rodney King verdict,Ταραχές Λος Άντζελες και ετυμηγορία Rodney King,good,generic-guidance,0,USA/00-00-1992/Los Angeles riots and Rodney King verdict
medium,usa_1992_ruby_ridge_federal_siege_rules_engagement,USA,1992,"Ruby Ridge: Federal Siege, Rules of Engagement and Public Trust","Ruby Ridge: Ομοσπονδιακή Πολιορκία, Κανόνες Εμπλοκής και Δημόσια Εμπιστοσύνη",good,generic-guidance,0,"USA/00-00-1992/Ruby Ridge Federal Siege, Rules of Engagement and Public Trust"
medium,usa_1993_waco_branch_davidians_atf_fbi_siege_media,USA,1993,"USA — Waco, Branch Davidians, ATF/FBI siege, media, and public trust (1993)","ΗΠΑ — Waco, Branch Davidians, ATF/FBI, πολιορκία και δημόσια εμπιστοσύνη (1993)",good,generic-guidance,0,"USA/00-00-1993/USA — Waco, Branch Davidians, ATF FBI siege, media, and public trust (1993)"
medium,usa_1993_waco_siege_atf_raid_fbi_negotiation_failure_fire_narrative_wars,USA,1993,"Waco Siege: ATF Raid, FBI Negotiation Failure and Fire Narrative Wars","Waco: Έφοδος ATF, Αποτυχία Διαπραγμάτευσης FBI και Πόλεμος Αφηγήσεων για τη Φωτιά",good,generic-guidance,0,"USA/00-00-1993/Waco Siege ATF Raid, FBI Negotiation Failure and Fire Narrative Wars"
medium,usa_1994_project_blue_beam_panic_uap_synthetic_media_control_myths,USA,1994,"USA — PROJECT BLUE BEAM: PANIC, UAP, SYNTHETIC MEDIA, AND CONTROL MYTHS (1994–2026)","ΗΠΑ — PROJECT BLUE BEAM: ΠΑΝΙΚΌΣ, UAP, ΣΥΝΘΕΤΙΚΆ ΜΈΣΑ ΚΑΙ ΜΎΘΟΙ ΕΛΈΓΧΟΥ (1994–2026)",good,generic-guidance,0,"USA/00-00-1994/USA — PROJECT BLUE BEAM PANIC, UAP, SYNTHETIC MEDIA, AND CONTROL MYTHS (1994–2026)"
medium,usa_1995_oklahoma_city_bombing_backlash_extremism_informants_federal_security_p,USA,1995,"Oklahoma City Bombing Backlash: Extremism, Informants and Federal Security Panic","Oklahoma City: Εξτρεμισμός, Πληροφοριοδότες και Ομοσπονδιακός Πανικός Ασφάλειας",good,generic-guidance,0,"USA/00-00-1995/Oklahoma City Bombing Backlash Extremism, Informants and Federal Security Panic"
medium,usa_1996_opioid_crisis_purdue_sacklers_mckinsey,USA,1996,"U.S. OPIOID CRISIS: CORPORATE POWER, STATE FAILURE, AND THE LONG SETTLEMENT TRAIL (1996-2026)","ΗΠΑ: ΚΡΙΣΗ ΟΠΙΟΕΙΔΩΝ, ΕΤΑΙΡΙΚΗ ΙΣΧΥΣ ΚΑΙ ΚΡΑΤΙΚΗ ΑΠΟΤΥΧΙΑ (1996-2026)",good,generic-guidance,0,"USA/00-00-1996/U.S. OPIOID CRISIS CORPORATE POWER, STATE FAILURE, AND THE LONG SETTLEMENT TRAIL (1996-2"
medium,usa_1998_tobacco_master_settlement_addiction_science_political_money,USA,1998,"Tobacco Master Settlement, addiction science, and political money","Tobacco Master Settlement, επιστήμη εθισμού και πολιτικό χρήμα",good,generic-guidance,0,"USA/00-00-1998/Tobacco Master Settlement, addiction science, and political money"
medium,usa_1999_seattle_wto_protests_policing_surveillance_globalization_backlash,USA,1999,"Seattle WTO protests, policing, surveillance and globalization backlash (1999)","Seattle WTO, αστυνόμευση, επιτήρηση και αντίδραση στην παγκοσμιοποίηση (1999)",good,generic-guidance,0,"USA/00-00-1999/Seattle WTO protests, policing, surveillance and globalization backlash (1999)"
medium,usa_2001_anthrax_letters_amerithrax_bioterror_lab_science_fbi_certainty,USA,2001,"Anthrax Letters and Amerithrax: Bioterror, Lab Science and FBI Certainty","Anthrax Letters και Amerithrax: Βιοτρομοκρατία, Εργαστηριακή Επιστήμη και Βεβαιότητα FBI",good,generic-guidance,0,"USA/00-00-2001/Anthrax Letters and Amerithrax Bioterror, Lab Science and FBI Certainty"
medium,usa_2001_enron_accounting_fraud_energy_market_capture,USA,2001,"Enron accounting fraud, energy trading, and auditor collapse","Enron: λογιστική απάτη, αγορά ενέργειας και κατάρρευση ελεγκτή",good,generic-guidance,0,"USA/00-00-2001/Enron accounting fraud, energy trading, and auditor collapse"
medium,usa_2001_patriot_act_expansion_after_9_11,USA,2001,Patriot Act expansion after 9/11,Επέκταση Patriot Act μετά την 11η Σεπτεμβρίου,good,generic-guidance,0,USA/00-00-2001/Patriot Act expansion after 9 11
medium,usa_2001_national_security_letters_gag_orders,USA,2001,"U.S. NATIONAL SECURITY LETTERS, GAG ORDERS, AND QUIET SURVEILLANCE POWERS (2001-2024)","ΗΠΑ: NATIONAL SECURITY LETTERS, ORDERS ΣΙΩΠΗΣ ΚΑΙ Η ΣΙΩΠΗΛΗ ΠΛΕΥΡΑ ΤΗΣ ΕΠΙΤΗΡΗΣΗΣ (2001-2024)",good,generic-guidance,0,"USA/00-00-2001/U.S. NATIONAL SECURITY LETTERS, GAG ORDERS, AND QUIET SURVEILLANCE POWERS (2001-2024)"
medium,usa_2001_fusion_centers_suspicious_activity_reporting,USA,2001,"USA: Fusion Centers, Suspicious Activity Reporting, and Domestic Intelligence Drift (2001-2026)","ΗΠΑ: Fusion Centers, αναφορές ύποπτης δραστηριότητας και διολίσθηση προς εσωτερική νοημοσύνη (2001-2026)",good,generic-guidance,0,"USA/00-00-2001/USA Fusion Centers, Suspicious Activity Reporting, and Domestic Intelligence Drift (2001"
medium,usa_2001_iraq_wmd_for_war,USA,2001,"USA: Iraq WMD, Intelligence Failure, and the Case for War (2001-2016)","ΗΠΑ: Ιράκ, WMD και η υπόθεση για πόλεμο (2001-2016)",good,generic-guidance,0,"USA/00-00-2001/USA Iraq WMD, Intelligence Failure, and the Case for War (2001-2016)"
medium,usa_2001_worldcom_accounting_fraud_telecom_bubble,USA,2001,WorldCom accounting fraud and telecom-bubble trust collapse,"WorldCom, λογιστική απάτη και κατάρρευση εμπιστοσύνης τηλεπικοινωνιακής φούσκας",good,generic-guidance,0,USA/00-00-2001/WorldCom accounting fraud and telecom-bubble trust collapse
medium,usa_2002_catholic_church_abuse_boston_spotlight_coverup,USA,2002,"Catholic Church abuse scandal, Boston Spotlight, and institutional cover-up","Σκάνδαλο κακοποίησης Καθολικής Εκκλησίας, Boston Spotlight και θεσμική συγκάλυψη",good,generic-guidance,0,"USA/00-00-2002/Catholic Church abuse scandal, Boston Spotlight, and institutional cover-up"
medium,usa_2002_enron_arthur_andersen_energy_trading_accounting_tricks_regulatory_capt,USA,2002,"Enron and Arthur Andersen: Energy Trading, Accounting Tricks and Regulatory Capture","Enron και Arthur Andersen: Ενέργεια, Λογιστικά Κόλπα και Ρυθμιστική Αιχμαλωσία",good,generic-guidance,0,"USA/00-00-2002/Enron and Arthur Andersen Energy Trading, Accounting Tricks and Regulatory Capture"
medium,usa_2002_total_information_awareness_data_mining_post_911_surveillance_dream,USA,2002,"USA — Total Information Awareness, data mining, and the post-9/11 surveillance dream (2002–2003)","ΗΠΑ — Total Information Awareness, εξόρυξη δεδομένων και όνειρο επιτήρησης μετά την 11η Σεπτεμβρίου (2002–2003)",good,generic-guidance,0,"USA/00-00-2002/USA — Total Information Awareness, data mining, and the post-9 11 surveillance dream (20"
medium,usa_2003_abu_ghraib_torture_photos_command_responsibility_secrecy,USA,2003,"Abu Ghraib torture photos, command responsibility and secrecy (2003-2004)","Abu Ghraib, φωτογραφίες βασανιστηρίων, ευθύνη διοίκησης και μυστικότητα (2003-2004)",good,generic-guidance,0,"USA/00-00-2003/Abu Ghraib torture photos, command responsibility and secrecy (2003-2004)"
medium,usa_2003_valerie_plame_affair_intelligence_identity_iraq_war_politics_retaliati,USA,2003,"Valerie Plame Affair: Intelligence Identity, Iraq War Politics and Retaliation Claims","Υπόθεση Valerie Plame: Ταυτότητα Πληροφοριών, Πολιτική Πολέμου Ιράκ και Ισχυρισμοί Αντιποίνων",good,generic-guidance,0,"USA/00-00-2003/Valerie Plame Affair Intelligence Identity, Iraq War Politics and Retaliation Claims"
medium,usa_2004_abu_ghraib_abuse_photographs_and_command_responsibility,USA,2004,Abu Ghraib abuse photographs and command responsibility,Φωτογραφίες κακοποίησης Abu Ghraib και ευθύνη διοίκησης,good,generic-guidance,0,USA/00-00-2004/Abu Ghraib abuse photographs and command responsibility
medium,usa_2005_hurricane_katrina_response_disaster_governance_race_class_state_abando,USA,2005,"Hurricane Katrina Response: Disaster Governance, Race, Class and State Abandonment","Katrina: Διαχείριση Καταστροφής, Φυλή, Τάξη και Κρατική Εγκατάλειψη",good,generic-guidance,0,"USA/00-00-2005/Hurricane Katrina Response Disaster Governance, Race, Class and State Abandonment"
medium,usa_2005_nsa_warrantless_wiretapping_post_911_executive_power,USA,2005,NSA warrantless wiretapping and post-9/11 executive power (2005-2008),Υποκλοπές NSA χωρίς ένταλμα και εκτελεστική ισχύς μετά την 11η Σεπτεμβρίου (2005-2008),good,generic-guidance,0,USA/00-00-2005/NSA warrantless wiretapping and post-9 11 executive power (2005-2008)
medium,usa_2005_digital_id_real_id_mobile_licenses,USA,2005,"USA — DIGITAL ID, REAL ID, AND MOBILE LICENSES: CONVENIENCE OR CONTROL LAYER? (2005–2026)","ΗΠΑ — ΨΗΦΙΑΚΉ ΤΑΥΤΌΤΗΤΑ, REAL ID ΚΑΙ MOBILE LICENSES: ΕΥΚΟΛΊΑ Ή ΣΤΡΏΜΑ ΕΛΈΓΧΟΥ; (2005–2026)",good,generic-guidance,0,"USA/00-00-2005/USA — DIGITAL ID, REAL ID, AND MOBILE LICENSES CONVENIENCE OR CONTROL LAYER (2005–2026)"
medium,usa_2007_skinwalker_ranch_aatip_contracts_uap_folklore_private_paranormal_resea,USA,2007,"Skinwalker Ranch, AATIP-era contracts, UAP folklore and private paranormal research (2007-2026)","Skinwalker Ranch, συμβάσεις AATIP, UAP folklore και ιδιωτική παραφυσική έρευνα (2007-2026)",good,generic-guidance,0,"USA/00-00-2007/Skinwalker Ranch, AATIP-era contracts, UAP folklore and private paranormal research (200"
medium,usa_2007_epstein_files,USA,2007,"USA: Epstein Case, Plea Deal, Jail Death, and Files Release Battle (2007-2026)","ΗΠΑ: Υπόθεση Epstein, Συμφωνία Μη Δίωξης, Θάνατος στη Φυλακή και Μάχη για τα Αρχεία (2007-2026)",good,generic-guidance,0,"USA/00-00-2007/USA Epstein Case, Plea Deal, Jail Death, and Files Release Battle (2007-2026)"
medium,usa_2007_snowden_prism_section702,USA,2007,"USA: Snowden, PRISM, and Section 702 Surveillance (2007-2026)","ΗΠΑ: Snowden, PRISM και επιτήρηση μέσω Section 702 (2007-2026)",good,generic-guidance,0,"USA/00-00-2007/USA Snowden, PRISM, and Section 702 Surveillance (2007-2026)"
medium,usa_2008_financial_crisis_bailouts_and_moral_hazard,USA,2008,"2008 financial crisis, bailouts, and moral hazard","Κρίση 2008, διασώσεις τραπεζών και ηθικός κίνδυνος",good,generic-guidance,0,"USA/00-00-2008/2008 financial crisis, bailouts, and moral hazard"
medium,usa_2008_bernie_madoff_ponzi_finance_sec_warnings_elite_collapse,USA,2008,"Bernie Madoff: Ponzi Finance, SEC Warnings and Elite Trust Collapse","Bernie Madoff: Πυραμίδα, Προειδοποιήσεις SEC και Κατάρρευση Εμπιστοσύνης Ελίτ",good,generic-guidance,0,"USA/00-00-2008/Bernie Madoff Ponzi Finance, SEC Warnings and Elite Trust Collapse"
medium,usa_2008_financial_crisis_rating_agencies_bailouts_regulatory_capture,USA,2008,"Financial crisis, rating agencies, bailouts and regulatory capture (2008)","Χρηματοπιστωτική κρίση, οίκοι αξιολόγησης, διασώσεις και ρυθμιστική αιχμαλωσία (2008)",good,generic-guidance,0,"USA/00-00-2008/Financial crisis, rating agencies, bailouts and regulatory capture (2008)"
medium,usa_2009_kids_for_cash_judicial_corruption_private_detention,USA,2009,"Kids for Cash, judicial corruption and private detention (2008-2011)","Kids for Cash, δικαστική διαφθορά και ιδιωτική κράτηση ανηλίκων (2008-2011)",good,generic-guidance,0,"USA/00-00-2009/Kids for Cash, judicial corruption and private detention (2008-2011)"
medium,usa_2010_deepwater_horizon_offshore_oil_safety_culture_environmental_catastroph,USA,2010,"Deepwater Horizon: Offshore Oil, Safety Culture and Environmental Catastrophe","Deepwater Horizon: Πετρέλαιο, Κουλτούρα Ασφάλειας και Περιβαλλοντική Καταστροφή",good,generic-guidance,0,"USA/00-00-2010/Deepwater Horizon Offshore Oil, Safety Culture and Environmental Catastrophe"
medium,usa_2011_fast_furious_atf_gunwalking_oversight_border_violence,USA,2011,"Fast and Furious, ATF gunwalking, oversight and border violence (2009-2012)","Fast and Furious, gunwalking της ATF, εποπτεία και βία στα σύνορα (2009-2012)",good,generic-guidance,0,"USA/00-00-2011/Fast and Furious, ATF gunwalking, oversight and border violence (2009-2012)"
medium,usa_2012_hsbc_money_laundering_cartel_money_deferred_prosecution_too_big_jail_l,USA,2012,"HSBC Money Laundering Case: Cartel Money, Deferred Prosecution and Too-Big-To-Jail Logic","HSBC: Ξέπλυμα Χρήματος, Καρτέλ και Λογική Too-Big-To-Jail",good,generic-guidance,0,"USA/00-00-2012/HSBC Money Laundering Case Cartel Money, Deferred Prosecution and Too-Big-To-Jail Logic"
medium,usa_2013_snowden_nsa_disclosures,USA,2013,Snowden NSA disclosures,Αποκαλύψεις Snowden για NSA,good,generic-guidance,0,USA/00-00-2013/Snowden NSA disclosures
medium,usa_2013_cambridge_analytica_psychographic_targeting,USA,2013,"USA: Cambridge Analytica, Mass Data Harvesting, and Psychographic Election Targeting (2013-2025)","ΗΠΑ: Cambridge Analytica, μαζική συλλογή δεδομένων και ψυχογραφική πολιτική στόχευση (2013-2025)",good,generic-guidance,0,"USA/00-00-2013/USA Cambridge Analytica, Mass Data Harvesting, and Psychographic Election Targeting (201"
medium,usa_2014_chicago_homan_square_police_warehouse_allegations_detention_transparen,USA,2014,Chicago Homan Square: Police Warehouse Allegations and Detention Transparency,Chicago Homan Square: Ισχυρισμοί για Αστυνομική Αποθήκη και Διαφάνεια Κράτησης,good,generic-guidance,0,USA/00-00-2014/Chicago Homan Square Police Warehouse Allegations and Detention Transparency
medium,usa_2014_ferguson_policing_militarization_municipal_revenue_federal_findings,USA,2014,"Ferguson policing, militarization, municipal revenue and federal findings (2014-2015)","Ferguson, αστυνόμευση, στρατιωτικοποίηση, δημοτικά έσοδα και ομοσπονδιακά πορίσματα (2014-2015)",good,generic-guidance,0,"USA/00-00-2014/Ferguson policing, militarization, municipal revenue and federal findings (2014-2015)"
medium,usa_2014_flint_water_crisis_lead_and_state_denial,USA,2014,"Flint water crisis, lead exposure, and state denial","Κρίση νερού Flint, μόλυβδος και κρατική άρνηση",good,generic-guidance,0,"USA/00-00-2014/Flint water crisis, lead exposure, and state denial"
medium,usa_2014_va_wait_time_scandal_veterans_hidden_lists_performance_metrics,USA,2014,"VA Wait-Time Scandal: Veterans, Hidden Lists and Performance Metrics","VA Wait-Time: Βετεράνοι, Κρυφές Λίστες και Μετρήσεις Απόδοσης",good,generic-guidance,0,"USA/00-00-2014/VA Wait-Time Scandal Veterans, Hidden Lists and Performance Metrics"
medium,usa_2015_gm_onstar_car_surveillance,USA,2015,"USA: Connected-Car Surveillance, GM, and OnStar (2015-2026)","ΗΠΑ: Συνδεδεμένα Αυτοκίνητα, GM και OnStar (2015-2026)",good,generic-guidance,0,"USA/00-00-2015/USA Connected-Car Surveillance, GM, and OnStar (2015-2026)"
medium,usa_2015_volkswagen_dieselgate_in_usa_emissions_cheating_regulatory_detection,USA,2015,Volkswagen Dieselgate in the USA: Emissions Cheating and Regulatory Detection,Volkswagen Dieselgate στις ΗΠΑ: Νοθεία Ρύπων και Ρυθμιστικός Έλεγχος,good,generic-guidance,0,USA/00-00-2015/Volkswagen Dieselgate in the USA Emissions Cheating and Regulatory Detection
medium,usa_2016_dakota_access_pipeline_protests_indigenous_rights_private_security_sur,USA,2016,"Dakota Access Pipeline Protests: Indigenous Rights, Private Security and Surveillance","Dakota Access Pipeline: Ιθαγενικά Δικαιώματα, Ιδιωτική Ασφάλεια και Επιτήρηση",good,generic-guidance,0,"USA/00-00-2016/Dakota Access Pipeline Protests Indigenous Rights, Private Security and Surveillance"
medium,usa_2016_dnc_emails_hack_leaks_party_trust,USA,2016,"DNC emails, hack-and-leak politics, and party trust","Emails DNC, πολιτική hack-and-leak και εμπιστοσύνη κόμματος",good,generic-guidance,0,"USA/00-00-2016/DNC emails, hack-and-leak politics, and party trust"
medium,usa_2016_flint_water_crisis_accountability,USA,2016,Flint water crisis accountability,Κρίση νερού Flint και λογοδοσία,good,generic-guidance,0,USA/00-00-2016/Flint water crisis accountability
medium,usa_2016_facial_recognition_real_time_surveillance,USA,2016,USA: Facial Recognition and Real-Time Surveillance Creep (2016-2026),ΗΠΑ: Αναγνώριση προσώπου και διολίσθηση σε επιτήρηση πραγματικού χρόνου (2016-2026),good,generic-guidance,0,USA/00-00-2016/USA Facial Recognition and Real-Time Surveillance Creep (2016-2026)
medium,usa_2016_havana_syndrome,USA,2016,"USA: Havana Syndrome — unexplained injuries, science, and uncertainty (2016-2024)","ΗΠΑ: Σύνδρομο Αβάνας — ανεξήγητες βλάβες, επιστήμη και αβεβαιότητα (2016-2024)",good,generic-guidance,0,"USA/00-00-2016/USA Havana Syndrome — unexplained injuries, science, and uncertainty (2016-2024)"
medium,usa_2017_equifax_breach_credit_bureau_power_data_exposure_weak_consumer_control,USA,2017,"Equifax Breach: Credit Bureau Power, Data Exposure and Weak Consumer Control","Equifax Breach: Ισχύς Credit Bureau, Έκθεση Δεδομένων και Αδύναμος Έλεγχος Πολιτών",good,generic-guidance,0,"USA/00-00-2017/Equifax Breach Credit Bureau Power, Data Exposure and Weak Consumer Control"
medium,usa_2018_cambridge_analytica_facebook_data_election_manipulation,USA,2018,"Cambridge Analytica, Facebook data, and election-manipulation panic","Cambridge Analytica, δεδομένα Facebook και πανικός εκλογικής χειραγώγησης",good,generic-guidance,0,"USA/00-00-2018/Cambridge Analytica, Facebook data, and election-manipulation panic"
medium,usa_2018_family_separation_policy_deterrence_children_recordkeeping_failure,USA,2018,"Family separation policy, deterrence, children and recordkeeping failure (2018)","Πολιτική χωρισμού οικογενειών, αποτροπή, παιδιά και αποτυχία αρχείων (2018)",good,generic-guidance,0,"USA/00-00-2018/Family separation policy, deterrence, children and recordkeeping failure (2018)"
medium,usa_2019_boeing_737_max_regulatory_capture_software,USA,2019,"Boeing 737 MAX, regulatory capture, software and trust (2018-2024)","Boeing 737 MAX, ρυθμιστική αιχμαλωσία, λογισμικό και εμπιστοσύνη (2018-2024)",good,generic-guidance,0,"USA/00-00-2019/Boeing 737 MAX, regulatory capture, software and trust (2018-2024)"
medium,usa_2019_epstein_jail_death_custody_failure_camera_questions_elite_suspicion,USA,2019,"Epstein Jail Death: Custody Failure, Camera Questions and Elite Suspicion","Θάνατος Epstein στη Φυλακή: Αποτυχία Κράτησης, Κάμερες και Υποψία Ελίτ",good,generic-guidance,0,"USA/00-00-2019/Epstein Jail Death Custody Failure, Camera Questions and Elite Suspicion"
medium,usa_2020_covid_lockdowns_school_closures_long_tail,USA,2020,"COVID LOCKDOWNS, SCHOOL CLOSURES, AND THE LONG TAIL OF EMERGENCY POLICY (2020-2025)","ΗΠΑ: LOCKDOWNS COVID, ΚΛΕΙΣΙΜΟ ΣΧΟΛΕΙΩΝ ΚΑΙ Η ΜΑΚΡΑ ΟΥΡΑ ΤΗΣ ΕΚΤΑΚΤΗΣ ΔΙΑΚΥΒΕΡΝΗΣΗΣ (2020-2025)",good,generic-guidance,0,"USA/00-00-2020/COVID LOCKDOWNS, SCHOOL CLOSURES, AND THE LONG TAIL OF EMERGENCY POLICY (2020-2025)"
medium,usa_2020_covid_vaccine_safety_signals_policy_controversies,USA,2020,COVID-19 VACCINES: REAL SAFETY SIGNALS AND POLICY CONTROVERSIES IN THE U.S. (2020-2026),COVID-19 ΕΜΒΟΛΙΑ: ΠΡΑΓΜΑΤΙΚΑ ΣΗΜΑΤΑ ΑΣΦΑΛΕΙΑΣ ΚΑΙ ΔΙΑΜΑΧΕΣ ΠΟΛΙΤΙΚΗΣ ΣΤΙΣ ΗΠΑ (2020-2026),good,generic-guidance,0,USA/00-00-2020/COVID-19 VACCINES REAL SAFETY SIGNALS AND POLICY CONTROVERSIES IN THE U.S. (2020-2026)
medium,usa_2020_george_floyd_killing_and_national_policing_crisis,USA,2020,George Floyd killing and national policing crisis,Δολοφονία George Floyd και εθνική κρίση αστυνόμευσης,good,generic-guidance,0,USA/00-00-2020/George Floyd killing and national policing crisis
medium,usa_2020_george_floyd_police_accountability_protests_institutional_response,USA,2020,"George Floyd, police accountability, protests and institutional response (2020-2024)","George Floyd, αστυνομική λογοδοσία, διαδηλώσεις και θεσμική αντίδραση (2020-2024)",good,generic-guidance,0,"USA/00-00-2020/George Floyd, police accountability, protests and institutional response (2020-2024)"
medium,usa_2020_ppp_fraud_emergency_money_fake_companies_pandemic_oversight_failure,USA,2020,"PPP Fraud: Emergency Money, Fake Companies and Pandemic Oversight Failure","PPP Fraud: Έκτακτο Χρήμα, Ψεύτικες Εταιρείες και Αποτυχία Ελέγχου Πανδημίας",good,generic-guidance,0,"USA/00-00-2020/PPP Fraud Emergency Money, Fake Companies and Pandemic Oversight Failure"
medium,usa_2021_january_6_capitol_attack_accountability_record,USA,2021,January 6 Capitol attack accountability record,January 6 Capitol attack accountability record,needs-review,specific-links,1,USA/00-00-2021/January 6 Capitol attack accountability record
medium,usa_2021_january_6_capitol_attack_security_failure_conspiracy_ecosystem,USA,2021,"January 6 Capitol attack, security failure, and conspiracy ecosystem","6 Ιανουαρίου: επίθεση στο Καπιτώλιο, αποτυχία ασφάλειας και οικοσύστημα συνωμοσιών",good,generic-guidance,0,"USA/00-00-2021/January 6 Capitol attack, security failure, and conspiracy ecosystem"
medium,usa_2021_january_6_security_failure_political_violence_democratic_institutions,USA,2021,"January 6, security failure, political violence and democratic institutions (2021-2026)","6 Ιανουαρίου, αποτυχία ασφάλειας, πολιτική βία και δημοκρατικοί θεσμοί (2021-2026)",good,generic-guidance,0,"USA/00-00-2021/January 6, security failure, political violence and democratic institutions (2021-2026)"
medium,usa_2021_pfas_forever_chemicals_regulatory_delay_military_bases_water,USA,2021,"PFAS Forever Chemicals: Regulatory Delay, Military Bases and Public Water Trust","PFAS: Forever Chemicals, Καθυστέρηση Ρύθμισης, Στρατιωτικές Βάσεις και Νερό",good,generic-guidance,0,"USA/00-00-2021/PFAS Forever Chemicals Regulatory Delay, Military Bases and Public Water Trust"
medium,usa_2022_twitter_files_government_pressure_platforms_information_control,USA,2022,"USA — Twitter Files, government pressure, platforms, and information control (2022–2024)","ΗΠΑ — Twitter Files, κυβερνητική πίεση, πλατφόρμες και έλεγχος πληροφορίας (2022–2024)",good,generic-guidance,0,"USA/00-00-2022/USA — Twitter Files, government pressure, platforms, and information control (2022–2024)"
medium,usa_2022_uvalde_response_failure_school_shooting_police_delay_accountability,USA,2022,"Uvalde Response Failure: School Shooting, Police Delay and Public Accountability","Uvalde: Σχολική Σφαγή, Αστυνομική Καθυστέρηση και Δημόσια Λογοδοσία",good,generic-guidance,0,"USA/00-00-2022/Uvalde Response Failure School Shooting, Police Delay and Public Accountability"
medium,usa_2022_uvalde_school_shooting_police_response_failure,USA,2022,Uvalde school shooting and police response failure,"Uvalde, σχολική επίθεση και αποτυχία αστυνομικής αντίδρασης",good,generic-guidance,0,USA/00-00-2022/Uvalde school shooting and police response failure
medium,usa_2023_east_palestine_derailment_chemical_response_regulatory,USA,2023,"East Palestine derailment, chemical response and regulatory trust (2023-2026)","Εκτροχιασμός East Palestine, χημική αντίδραση και ρυθμιστική εμπιστοσύνη (2023-2026)",good,generic-guidance,0,"USA/00-00-2023/East Palestine derailment, chemical response and regulatory trust (2023-2026)"
medium,usa_2023_missing_scientists_pattern_claims,USA,2023,MISSING SCIENTISTS / SCIENTIST DEATHS PATTERN CLAIMS IN THE U.S. (2023-2026),ΕΞΑΦΑΝΙΣΕΙΣ ΕΠΙΣΤΗΜΟΝΩΝ / ΜΟΤΙΒΟ ΘΑΝΑΤΩΝ ΕΠΙΣΤΗΜΟΝΩΝ ΣΤΙΣ ΗΠΑ (2023-2026),good,generic-guidance,0,USA/00-00-2023/MISSING SCIENTISTS SCIENTIST DEATHS PATTERN CLAIMS IN THE U.S. (2023-2026)
medium,usa_2023_silicon_valley_bank_collapse_interest_rate_risk_deregulation_debate_pa,USA,2023,"Silicon Valley Bank Collapse: Interest-Rate Risk, Deregulation Debate and Panic Speed","Silicon Valley Bank: Κίνδυνος Επιτοκίων, Απορρύθμιση και Ταχύτητα Πανικού",good,generic-guidance,0,"USA/00-00-2023/Silicon Valley Bank Collapse Interest-Rate Risk, Deregulation Debate and Panic Speed"
medium,usa_2023_15_minute_cities_planning_surveillance_lockdown_panic,USA,2023,"USA / GLOBAL — 15-MINUTE CITIES: PLANNING, SURVEILLANCE, AND LOCKDOWN PANIC (2023–2026)","ΗΠΑ / ΠΑΓΚΌΣΜΙΟ — ΠΌΛΕΙΣ 15 ΛΕΠΤΏΝ: ΠΟΛΕΟΔΟΜΊΑ, ΕΠΙΤΉΡΗΣΗ ΚΑΙ ΠΑΝΙΚΌΣ LOCKDOWN (2023–2026)",good,generic-guidance,0,"USA/00-00-2023/USA GLOBAL — 15-MINUTE CITIES PLANNING, SURVEILLANCE, AND LOCKDOWN PANIC (2023–2026)"
medium,usa_2024_mckinsey_purdue_opioid_marketing_false_claims_consulting_power,USA,2024,"McKinsey, Purdue, opioid marketing, false claims and consulting power (2024)","McKinsey, Purdue, marketing οπιοειδών, ψευδείς αξιώσεις και ισχύς συμβούλων (2024)",good,generic-guidance,0,"USA/00-00-2024/McKinsey, Purdue, opioid marketing, false claims and consulting power (2024)"
medium,usa_2024_raytheon_foreign_bribery_defense_contract_fraud_security_market,USA,2024,"Raytheon foreign bribery, defense contract fraud and the security market (2024)","Raytheon, ξένη δωροδοκία, απάτη αμυντικών συμβάσεων και αγορά ασφάλειας (2024)",good,generic-guidance,0,"USA/00-00-2024/Raytheon foreign bribery, defense contract fraud and the security market (2024)"
medium,usa_2024_supreme_court_gifts_ethics_crisis_disclosure_influence_institutional_l,USA,2024,"Supreme Court Gifts and Ethics Crisis: Disclosure, Influence and Institutional Legitimacy","Δώρα και Ηθική Κρίση στο Supreme Court: Διαφάνεια, Επιρροή και Νομιμοποίηση",good,generic-guidance,0,"USA/00-00-2024/Supreme Court Gifts and Ethics Crisis Disclosure, Influence and Institutional Legitimacy"
medium,usa_2024_dystopian_trends,USA,2024,USA Dystopian Trends: 2024-2026,ΗΠΑ Δυστοπικές Τάσεις: 2024-2026,good,generic-guidance,0,USA/00-00-2024/USA Dystopian Trends 2024-2026
medium,usa_2024_taxes_war_jobs,USA,2024,"USA Taxes, War Spending, and Jobs: 2024-2026","ΗΠΑ: Φόροι, Πολεμικές Δαπάνες και Εργασία 2024-2026",good,generic-guidance,0,"USA/00-00-2024/USA Taxes, War Spending, and Jobs 2024-2026"
medium,usa_2024_location_data_brokers_car_surveillance,USA,2024,"USA: Location Data Brokers, Government Access Paths, and Car Surveillance (2024-2025)","ΗΠΑ: Μεσίτες Δεδομένων Τοποθεσίας, Διαδρομές Κυβερνητικής Πρόσβασης και Επιτήρηση Αυτοκινήτων (2024-2025)",good,generic-guidance,0,"USA/00-00-2024/USA Location Data Brokers, Government Access Paths, and Car Surveillance (2024-2025)"
medium,usa_2025_usaid_bribery_scheme_contractor_access_money_development_corruption,USA,2025,"USAID Bribery Scheme: Contractor Access, Public Money and Development Corruption","USAID Bribery: Πρόσβαση Εργολάβων, Δημόσιο Χρήμα και Διαφθορά Ανάπτυξης",good,generic-guidance,0,"USA/00-00-2025/USAID Bribery Scheme Contractor Access, Public Money and Development Corruption"
medium,usa_2025_walgreens_opioid_prescriptions_false_claims_pharmacy_gatekeeping,USA,2025,"Walgreens opioid prescriptions, false claims and pharmacy gatekeeping (2025)","Walgreens, συνταγές οπιοειδών, ψευδείς αξιώσεις και φαρμακείο ως πύλη (2025)",good,generic-guidance,0,"USA/00-00-2025/Walgreens opioid prescriptions, false claims and pharmacy gatekeeping (2025)"
medium,usa_2026_former_nyc_housing_liaison_bribery_charges_housing_pay_play_city_hall,USA,2026,"Former NYC Housing Liaison Bribery Charges: Public Housing, Pay-to-Play and City Hall Access",Πρώην Σύνδεσμος Δημόσιας Στέγασης NYC: Κατηγορίες Δωροδοκίας και Pay-to-Play,good,generic-guidance,0,"USA/00-00-2026/Former NYC Housing Liaison Bribery Charges Public Housing, Pay-to-Play and City Hall Acc"
medium,usa_2026_hawaii_affordable_housing_bribery_local_office_development_money,USA,2026,"Hawaii Affordable Housing Bribery: Local Public Office, Development Money and Trust","Hawaii Housing Bribery: Τοπική Δημόσια Υπηρεσία, Ανάπτυξη και Εμπιστοσύνη",good,generic-guidance,0,"USA/00-00-2026/Hawaii Affordable Housing Bribery Local Public Office, Development Money and Trust"
medium,usa_2026_child_social_media_age_verification_digital_gatekeeping,USA,2026,Usa Child Social Media Age Verification And Digital Gatekeeping 2024 2026,Ηπα Παιδια Social Media Age Verification Και Ψηφιακοι Φυλακες 2024 2026,good,generic-guidance,0,USA/00-00-2026/Usa Child Social Media Age Verification And Digital Gatekeeping 2024 2026
low,greece_2016_novartis_political_scandal_drug_pricing,Greece,2016,"Novartis political scandal, drug pricing, and allegation warfare","Novartis: πολιτικό σκάνδαλο, τιμές φαρμάκων και πόλεμος καταγγελιών",good,descriptive-no-links,0,"Greece/00-00-2016/Novartis political scandal, drug pricing, and allegation warfare"
low,greece_2021_giorgos_karaivaz_assassination_and_press_freedom_wound,Greece,2021,Giorgos Karaivaz assassination and press-freedom wound,Δολοφονία Γιώργου Καραϊβάζ και πληγή στην ελευθερία του Τύπου,good,descriptive-no-links,0,Greece/00-00-2021/Giorgos Karaivaz assassination and press-freedom wound
low,greece_2023_pylos_shipwreck_rescue_duty_evidence_gaps,Greece,2023,"Pylos shipwreck, rescue duty, and evidence gaps — PROOF DOSSIER","Ναυάγιο της Πύλου, υποχρέωση διάσωσης και κενά τεκμηρίωσης — ΦΑΚΕΛΟΣ ΑΠΟΔΕΙΞΕΩΝ",good,specific-links,1,"Greece/00-00-2023/Pylos shipwreck, rescue duty, and evidence gaps — PROOF DOSSIER"
low,greece_2023_tempi_rail_crash_chain_of_neglected_safety_failures,Greece,2023,Tempi rail crash chain of neglected safety failures,Τέμπη: αλυσίδα παραμελημένων σιδηροδρομικών αποτυχιών,good,descriptive-no-links,0,Greece/00-00-2023/Tempi rail crash chain of neglected safety failures
low,greece_2025_opekepe_eu_subsidy_fraud_networks,Greece,2025,OPEKEPE EU subsidy-fraud networks,ΟΠΕΚΕΠΕ και δίκτυα απάτης ευρωπαϊκών επιδοτήσεων,good,specific-links,2,Greece/00-00-2025/OPEKEPE EU subsidy-fraud networks
low,usa_1942_japanese_american_internment_wartime_racism,USA,1942,"Japanese American internment, wartime racism, and constitutional failure","Εγκλεισμός Ιαπωνοαμερικανών, πολεμικός ρατσισμός και συνταγματική αποτυχία",good,descriptive-no-links,0,"USA/00-00-1942/Japanese American internment, wartime racism, and constitutional failure"
low,usa_1962_operation_northwoods,USA,1962,USA: Operation Northwoods (1962),ΗΠΑ: Επιχείρηση Northwoods (1962),good,specific-links,1,USA/00-00-1962/USA Operation Northwoods (1962)
low,usa_2024_aaro_uap_historical_record_expectations,USA,2024,AARO UAP historical record report and public expectations — PROOF DOSSIER,Έκθεση ιστορικού αρχείου AARO για UAP και δημόσιες προσδοκίες — ΦΑΚΕΛΟΣ ΑΠΟΔΕΙΞΕΩΝ,good,specific-links,2,USA/00-00-2024/AARO UAP historical record report and public expectations — PROOF DOSSIER
