id,country,year,incident_folder,title_en,media_count,has_generated_snapshot,media_files
greece_1893_bankruptcy_trikoupis_debt_crisis,Greece,1893,Greece/00-00-1893/Greece bankruptcy and Trikoupis debt crisis,Greece bankruptcy and Trikoupis debt crisis,2,True,Greece/00-00-1893/Greece bankruptcy and Trikoupis debt crisis/Media/01 - EN Cover Card.svg | Greece/00-00-1893/Greece bankruptcy and Trikoupis debt crisis/Media/02 - Bilingual Snapshot.svg
greece_1898_international_financial_control_after_war,Greece,1898,Greece/00-00-1898/International Financial Control after the 1897 war,International Financial Control after the 1897 war,2,False,Greece/00-00-1898/International Financial Control after the 1897 war/Media/01 - EN Cover Card.svg | Greece/00-00-1898/International Financial Control after the 1897 war/Media/02 - EN Proof Map.svg
greece_1920_political_dynasties_venizelos_mitsotakis_link,Greece,1920,"Greece/00-00-1920/POLITICAL DYNASTIES IN GREECE, AND THE VENIZELOS-MITSOTAKIS FAMILY LINK (1900-2026)","POLITICAL DYNASTIES IN GREECE, AND THE VENIZELOS-MITSOTAKIS FAMILY LINK (1900-2026)",3,False,"Greece/00-00-1920/POLITICAL DYNASTIES IN GREECE, AND THE VENIZELOS-MITSOTAKIS FAMILY LINK (1900-2026)/Media/01 - EN Portrait.jpg | Greece/00-00-1920/POLITICAL DYNASTIES IN GREECE, AND THE VENIZELOS-MITSOTAKIS FAMILY LINK (1900-2026)/Media/02 - EN Cover Card.svg | Greece/00-00-1920/POLITICAL DYNASTIES IN GREECE, AND THE VENIZELOS-MITSOTAKIS FAMILY LINK (1900-2026)/Media/03 - EL Cover Card.svg"
greece_1922_asia_minor_catastrophe_trial_six,Greece,1922,Greece/00-00-1922/Asia Minor catastrophe and trial of the six,Asia Minor catastrophe and trial of the six,2,True,Greece/00-00-1922/Asia Minor catastrophe and trial of the six/Media/01 - EN Cover Card.svg | Greece/00-00-1922/Asia Minor catastrophe and trial of the six/Media/02 - Bilingual Snapshot.svg
greece_1922_trial_of_the_six_asia_minor_accountability,Greece,1922,"Greece/00-00-1922/Trial of the Six, Asia Minor catastrophe, and punishment politics","Trial of the Six, Asia Minor catastrophe, and punishment politics",2,False,"Greece/00-00-1922/Trial of the Six, Asia Minor catastrophe, and punishment politics/Media/01 - Cover Card.svg | Greece/00-00-1922/Trial of the Six, Asia Minor catastrophe, and punishment politics/Media/02 - Proof Map.svg"
greece_1936_metaxas_dictatorship_censorship_machine,Greece,1936,Greece/00-00-1936/Metaxas dictatorship and censorship machine,Metaxas dictatorship and censorship machine,2,True,Greece/00-00-1936/Metaxas dictatorship and censorship machine/Media/01 - EN Cover Card.svg | Greece/00-00-1936/Metaxas dictatorship and censorship machine/Media/02 - Bilingual Snapshot.svg
greece_1941_greek_occupation_famine_collaboration_networks,Greece,1941,Greece/00-00-1941/Greek occupation famine and collaboration networks,Greek occupation famine and collaboration networks,2,True,Greece/00-00-1941/Greek occupation famine and collaboration networks/Media/01 - EN Greek Occupation Famine And Collaboration Networks 1B62Df436C96.svg | Greece/00-00-1941/Greek occupation famine and collaboration networks/Media/02 - Bilingual Snapshot.svg
greece_1944_dekemvriana_british_intervention_civil_war_path,Greece,1944,"Greece/00-00-1944/Dekemvriana, British intervention, and the road to civil war","Dekemvriana, British intervention, and the road to civil war",2,False,"Greece/00-00-1944/Dekemvriana, British intervention, and the road to civil war/Media/01 - Cover Card.svg | Greece/00-00-1944/Dekemvriana, British intervention, and the road to civil war/Media/02 - Proof Map.svg"
greece_1944_dekemvriana_foreign_intervention_state_violence_civil_war_memory,Greece,1944,"Greece/00-00-1944/Dekemvriana, foreign intervention, state violence and civil-war memory (1944)","Dekemvriana, foreign intervention, state violence and civil-war memory (1944)",2,False,"Greece/00-00-1944/Dekemvriana, foreign intervention, state violence and civil-war memory (1944)/Media/01 - EN Cover Card.svg | Greece/00-00-1944/Dekemvriana, foreign intervention, state violence and civil-war memory (1944)/Media/02 - EL Cover Card.svg"
greece_1944_dekemvriana_foreign_pressure_civil_conflict_state_memory,Greece,1944,"Greece/00-00-1944/Greece — Dekemvriana, foreign pressure, civil conflict, and state memory (1944–1949)","Greece — Dekemvriana, foreign pressure, civil conflict, and state memory (1944–1949)",4,False,"Greece/00-00-1944/Greece — Dekemvriana, foreign pressure, civil conflict, and state memory (1944–1949)/Media/01 - EN Cover Card.svg | Greece/00-00-1944/Greece — Dekemvriana, foreign pressure, civil conflict, and state memory (1944–1949)/Media/02 - EN Cover Card.svg | Greece/00-00-1944/Greece — Dekemvriana, foreign pressure, civil conflict, and state memory (1944–1949)/Media/03 - EL Cover Card.svg | Greece/00-00-1944/Greece — Dekemvriana, foreign pressure, civil conflict, and state memory (1944–1949)/Media/04 - EL Cover Card.svg"
greece_1946_white_terror_after_liberation_civil_war_escalation,Greece,1946,Greece/00-00-1946/White Terror after liberation and civil-war escalation,White Terror after liberation and civil-war escalation,2,True,Greece/00-00-1946/White Terror after liberation and civil-war escalation/Media/01 - EN White Terror After Liberation And Civil War Escala 3D0C61De418D.svg | Greece/00-00-1946/White Terror after liberation and civil-war escalation/Media/02 - Bilingual Snapshot.svg
greece_1947_cia_cold_war_stay_behind_claims_coup_context,Greece,1947,Greece/00-00-1947/Greece Cia Cold War Stay Behind Claims And 1967 Coup Context 1947 1974,Greece Cia Cold War Stay Behind Claims And 1967 Coup Context 1947 1974,2,False,Greece/00-00-1947/Greece Cia Cold War Stay Behind Claims And 1967 Coup Context 1947 1974/Media/01 - EN Cover Card.svg | Greece/00-00-1947/Greece Cia Cold War Stay Behind Claims And 1967 Coup Context 1947 1974/Media/02 - EL Cover Card.svg
greece_1947_ufo_supernatural_folklore_state_secrecy_psychology,Greece,1947,Greece/00-00-1947/Greece Ufo Supernatural Folklore State Secrecy And Public Psychology 1947 2026,Greece Ufo Supernatural Folklore State Secrecy And Public Psychology 1947 2026,2,False,Greece/00-00-1947/Greece Ufo Supernatural Folklore State Secrecy And Public Psychology 1947 2026/Media/01 - EN Cover Card.svg | Greece/00-00-1947/Greece Ufo Supernatural Folklore State Secrecy And Public Psychology 1947 2026/Media/02 - EL Cover Card.svg
greece_1947_makronisos_camps_reeducation_state_violence,Greece,1947,"Greece/00-00-1947/Makronisos camps, re-education, and state violence","Makronisos camps, re-education, and state violence",2,False,"Greece/00-00-1947/Makronisos camps, re-education, and state violence/Media/01 - Cover Card.svg | Greece/00-00-1947/Makronisos camps, re-education, and state violence/Media/02 - Proof Map.svg"
greece_1949_makronisos_exile_camp_anti_communist_re_education,Greece,1949,Greece/00-00-1949/Makronisos exile camp and anti-communist re-education,Makronisos exile camp and anti-communist re-education,2,True,Greece/00-00-1949/Makronisos exile camp and anti-communist re-education/Media/01 - EN Makronisos Exile Camp And Anti Communist Re Educat 4459B6D36213.svg | Greece/00-00-1949/Makronisos exile camp and anti-communist re-education/Media/02 - Bilingual Snapshot.svg
greece_1952_beloyannis_trial_execution_cold_war_state,Greece,1952,"Greece/00-00-1952/Beloyannis trial, execution, and Cold War state justice","Beloyannis trial, execution, and Cold War state justice",2,False,"Greece/00-00-1952/Beloyannis trial, execution, and Cold War state justice/Media/01 - Cover Card.svg | Greece/00-00-1952/Beloyannis trial, execution, and Cold War state justice/Media/02 - Proof Map.svg"
greece_1952_belogiannis_execution_cold_war_justice_symbolic_repression,Greece,1952,"Greece/00-00-1952/Greece — Belogiannis execution, Cold War justice, and symbolic repression (1952)","Greece — Belogiannis execution, Cold War justice, and symbolic repression (1952)",4,False,"Greece/00-00-1952/Greece — Belogiannis execution, Cold War justice, and symbolic repression (1952)/Media/01 - EN Cover Card.svg | Greece/00-00-1952/Greece — Belogiannis execution, Cold War justice, and symbolic repression (1952)/Media/02 - EN Cover Card.svg | Greece/00-00-1952/Greece — Belogiannis execution, Cold War justice, and symbolic repression (1952)/Media/03 - EL Cover Card.svg | Greece/00-00-1952/Greece — Belogiannis execution, Cold War justice, and symbolic repression (1952)/Media/04 - EL Cover Card.svg"
greece_1955_istanbul_pogrom_minority_trauma_diplomatic_shock_state_memory,Greece,1955,"Greece/00-00-1955/Greece and the Istanbul Pogrom Minority Trauma, Diplomatic Shock and State Memory","Greece and the Istanbul Pogrom: Minority Trauma, Diplomatic Shock and State Memory",2,False,"Greece/00-00-1955/Greece and the Istanbul Pogrom Minority Trauma, Diplomatic Shock and State Memory/Media/01 - EN Cover Card.svg | Greece/00-00-1955/Greece and the Istanbul Pogrom Minority Trauma, Diplomatic Shock and State Memory/Media/02 - EL Cover Card.svg"
greece_1955_istanbul_pogrom_greek_minority_trauma,Greece,1955,Greece/00-00-1955/Istanbul Pogrom and Greek minority trauma,Istanbul Pogrom and Greek minority trauma,2,True,Greece/00-00-1955/Istanbul Pogrom and Greek minority trauma/Media/01 - EN Cover Card.svg | Greece/00-00-1955/Istanbul Pogrom and Greek minority trauma/Media/02 - Bilingual Snapshot.svg
greece_1958_max_merten_occupation_memory_diplomacy_accountability,Greece,1958,"Greece/00-00-1958/Max Merten affair, occupation memory, diplomacy and accountability (1958-1960)","Max Merten affair, occupation memory, diplomacy and accountability (1958-1960)",2,False,"Greece/00-00-1958/Max Merten affair, occupation memory, diplomacy and accountability (1958-1960)/Media/01 - EN Cover Card.svg | Greece/00-00-1958/Max Merten affair, occupation memory, diplomacy and accountability (1958-1960)/Media/02 - EL Cover Card.svg"
greece_1960_psychological_control_media_fear_political_memory,Greece,1960,Greece/00-00-1960/Greece Psychological Control Media Fear And Political Memory 1960 2026,Greece Psychological Control Media Fear And Political Memory 1960 2026,2,False,Greece/00-00-1960/Greece Psychological Control Media Fear And Political Memory 1960 2026/Media/01 - EN Cover Card.svg | Greece/00-00-1960/Greece Psychological Control Media Fear And Political Memory 1960 2026/Media/02 - EL Cover Card.svg
greece_1961_violence_fraud_election_parastate_democratic,Greece,1961,"Greece/00-00-1961/Violence and fraud election, parastate networks and democratic trust (1961)","Violence and fraud election, parastate networks and democratic trust (1961)",2,False,"Greece/00-00-1961/Violence and fraud election, parastate networks and democratic trust (1961)/Media/01 - EN Cover Card.svg | Greece/00-00-1961/Violence and fraud election, parastate networks and democratic trust (1961)/Media/02 - EL Cover Card.svg"
greece_1963_lambrakis_assassination_parastate,Greece,1963,Greece/00-00-1963/Lambrakis assassination and the parastate,Lambrakis assassination and the parastate,3,False,Greece/00-00-1963/Lambrakis assassination and the parastate/Media/01 - EN Cover Card.svg | Greece/00-00-1963/Lambrakis assassination and the parastate/Media/02 - EN Cover Card.svg | Greece/00-00-1963/Lambrakis assassination and the parastate/Media/03 - EL Cover Card.svg
greece_1965_apostasia_palace_party_defection_crisis,Greece,1965,"Greece/00-00-1965/Apostasia crisis, palace pressure, and parliamentary defections","Apostasia crisis, palace pressure, and parliamentary defections",2,False,"Greece/00-00-1965/Apostasia crisis, palace pressure, and parliamentary defections/Media/01 - Cover Card.svg | Greece/00-00-1965/Apostasia crisis, palace pressure, and parliamentary defections/Media/02 - Proof Map.svg"
greece_1965_apostasia_royal_crisis_defectors_institutional_breakdown,Greece,1965,"Greece/00-00-1965/Apostasia, royal crisis, defectors and institutional breakdown (1965)","Apostasia, royal crisis, defectors and institutional breakdown (1965)",2,False,"Greece/00-00-1965/Apostasia, royal crisis, defectors and institutional breakdown (1965)/Media/01 - EN Cover Card.svg | Greece/00-00-1965/Apostasia, royal crisis, defectors and institutional breakdown (1965)/Media/02 - EL Cover Card.svg"
greece_1965_aspida_affair_army_politics_palace_pressure,Greece,1965,"Greece/00-00-1965/ASPIDA affair, army politics, and palace pressure","ASPIDA affair, army politics, and palace pressure",2,False,"Greece/00-00-1965/ASPIDA affair, army politics, and palace pressure/Media/01 - Cover Card.svg | Greece/00-00-1965/ASPIDA affair, army politics, and palace pressure/Media/02 - Proof Map.svg"
greece_1967_april_21_coup_foreign_context_local_responsibility,Greece,1967,Greece/00-00-1967/April 21 coup foreign context and local responsibility,April 21 coup: foreign context and local responsibility,2,False,Greece/00-00-1967/April 21 coup foreign context and local responsibility/Media/01 - EN Cover Card.svg | Greece/00-00-1967/April 21 coup foreign context and local responsibility/Media/02 - EN Proof Map.svg
greece_1967_coup_us_response,Greece,1967,Greece/00-00-1967/Greece The 1967 coup and the U.S. response (1965-1974),Greece: The 1967 coup and the U.S. response (1965-1974),2,False,Greece/00-00-1967/Greece The 1967 coup and the U.S. response (1965-1974)/Media/01 - EN Cover Card.svg | Greece/00-00-1967/Greece The 1967 coup and the U.S. response (1965-1974)/Media/02 - EL Cover Card.svg
greece_1967_junta_coup_nato_era_anti_communist_state,Greece,1967,Greece/00-00-1967/Junta coup and NATO era anti-communist state,Junta coup and NATO era anti-communist state,2,True,Greece/00-00-1967/Junta coup and NATO era anti-communist state/Media/01 - EN Cover Card.svg | Greece/00-00-1967/Junta coup and NATO era anti-communist state/Media/02 - Bilingual Snapshot.svg
greece_1968_junta_torture_files_international_condemnation,Greece,1968,Greece/00-00-1968/Junta torture files and international condemnation,Junta torture files and international condemnation,2,True,Greece/00-00-1968/Junta torture files and international condemnation/Media/01 - EN Junta Torture Files And International Condemnation 68B2D08190C5.svg | Greece/00-00-1968/Junta torture files and international condemnation/Media/02 - Bilingual Snapshot.svg
greece_1968_panagoulis_torture_junta_repression_resistance_military_courts_fear,Greece,1968,"Greece/00-00-1968/Panagoulis Torture and Junta Repression Resistance, Military Courts and Fear","Panagoulis Torture and Junta Repression: Resistance, Military Courts and Fear",2,False,"Greece/00-00-1968/Panagoulis Torture and Junta Repression Resistance, Military Courts and Fear/Media/01 - EN Cover Card.svg | Greece/00-00-1968/Panagoulis Torture and Junta Repression Resistance, Military Courts and Fear/Media/02 - EL Cover Card.svg"
greece_1973_athens_polytechnic_uprising_and_junta_violence,Greece,1973,Greece/00-00-1973/Athens Polytechnic uprising and junta violence,Athens Polytechnic uprising and junta violence,2,False,Greece/00-00-1973/Athens Polytechnic uprising and junta violence/Media/01 - Cover Card.svg | Greece/00-00-1973/Athens Polytechnic uprising and junta violence/Media/02 - Proof Map.svg
greece_1973_athens_polytechnic_uprising_tank_memory_state_violence,Greece,1973,"Greece/00-00-1973/Athens Polytechnic uprising, tank assault, and state-violence memory","Athens Polytechnic uprising, tank assault, and state-violence memory",2,False,"Greece/00-00-1973/Athens Polytechnic uprising, tank assault, and state-violence memory/Media/01 - Cover Card.svg | Greece/00-00-1973/Athens Polytechnic uprising, tank assault, and state-violence memory/Media/02 - Proof Map.svg"
greece_1973_athens_polytechnic_uprising_memory_repression,Greece,1973,Greece/00-00-1973/Greece Athens Polytechnic Uprising Memory Repression And Image File 1973 2026,Greece Athens Polytechnic Uprising Memory Repression And Image File 1973 2026,3,False,Greece/00-00-1973/Greece Athens Polytechnic Uprising Memory Repression And Image File 1973 2026/Media/01 - EN Image.jpg | Greece/00-00-1973/Greece Athens Polytechnic Uprising Memory Repression And Image File 1973 2026/Media/02 - EN Cover Card.svg | Greece/00-00-1973/Greece Athens Polytechnic Uprising Memory Repression And Image File 1973 2026/Media/03 - EL Cover Card.svg
greece_1973_polytechnic_uprising_junta_repression_memory_war,Greece,1973,"Greece/00-00-1973/Polytechnic uprising, junta repression and the war over memory (1973)","Polytechnic uprising, junta repression and the war over memory (1973)",2,False,"Greece/00-00-1973/Polytechnic uprising, junta repression and the war over memory (1973)/Media/01 - EN Cover Card.svg | Greece/00-00-1973/Polytechnic uprising, junta repression and the war over memory (1973)/Media/02 - EL Cover Card.svg"
greece_1974_cyprus_coup_and_invasion_catastrophe,Greece,1974,Greece/00-00-1974/Cyprus coup and invasion catastrophe,Cyprus coup and invasion catastrophe,2,False,Greece/00-00-1974/Cyprus coup and invasion catastrophe/Media/01 - Cover Card.svg | Greece/00-00-1974/Cyprus coup and invasion catastrophe/Media/02 - Proof Map.svg
greece_1974_cyprus_coup_junta_responsibility_invasion_memory,Greece,1974,"Greece/00-00-1974/Cyprus coup, Greek junta responsibility, and invasion memory","Cyprus coup, Greek junta responsibility, and invasion memory",2,False,"Greece/00-00-1974/Cyprus coup, Greek junta responsibility, and invasion memory/Media/01 - Cover Card.svg | Greece/00-00-1974/Cyprus coup, Greek junta responsibility, and invasion memory/Media/02 - Proof Map.svg"
greece_1974_cyprus_coup_invasion_greek_junta_collapse,Greece,1974,"Greece/00-00-1974/Cyprus coup, invasion, and Greek junta collapse","Cyprus coup, invasion, and Greek junta collapse",2,False,"Greece/00-00-1974/Cyprus coup, invasion, and Greek junta collapse/Media/01 - EN Cover Card.svg | Greece/00-00-1974/Cyprus coup, invasion, and Greek junta collapse/Media/02 - EN Proof Map.svg"
greece_1974_cyprus_coup_junta_responsibility_invasion_national_trauma,Greece,1974,"Greece/00-00-1974/Cyprus coup, junta responsibility, invasion and national trauma (1974)","Cyprus coup, junta responsibility, invasion and national trauma (1974)",2,False,"Greece/00-00-1974/Cyprus coup, junta responsibility, invasion and national trauma (1974)/Media/01 - EN Cover Card.svg | Greece/00-00-1974/Cyprus coup, junta responsibility, invasion and national trauma (1974)/Media/02 - EL Cover Card.svg"
greece_1974_junta_trials_partial_accountability_metapolitefsi_punishment_unfinishe,Greece,1974,"Greece/00-00-1974/Junta Trials and Partial Accountability Metapolitefsi, Punishment and Unfinished Files","Junta Trials and Partial Accountability: Metapolitefsi, Punishment and Unfinished Files",2,False,"Greece/00-00-1974/Junta Trials and Partial Accountability Metapolitefsi, Punishment and Unfinished Files/Media/01 - EN Cover Card.svg | Greece/00-00-1974/Junta Trials and Partial Accountability Metapolitefsi, Punishment and Unfinished Files/Media/02 - EL Cover Card.svg"
greece_1976_torture_trials_limits_metapolitefsi_justice,Greece,1976,Greece/00-00-1976/Torture trials and limits of Metapolitefsi justice,Torture trials and limits of Metapolitefsi justice,2,True,Greece/00-00-1976/Torture trials and limits of Metapolitefsi justice/Media/01 - EN Torture Trials And Limits Of Metapolitefsi Justice F472D74E4022.svg | Greece/00-00-1976/Torture trials and limits of Metapolitefsi justice/Media/02 - Bilingual Snapshot.svg
greece_1977_penteli_davelis_cave_military_rumors_supernatural_folklore_imagination,Greece,1977,"Greece/00-00-1977/Penteli Davelis Cave, military rumors, supernatural folklore and public imagination (197","Penteli Davelis Cave, military rumors, supernatural folklore and public imagination (1977-2026)",2,False,"Greece/00-00-1977/Penteli Davelis Cave, military rumors, supernatural folklore and public imagination (197/Media/01 - EN Cover Card.svg | Greece/00-00-1977/Penteli Davelis Cave, military rumors, supernatural folklore and public imagination (197/Media/02 - EL Cover Card.svg"
greece_1981_weather_modification_hail_suppression,Greece,1981,Greece/00-00-1981/Greece Weather Modification Is Real — But Limited (Greek National Hail Suppression Progr,Greece: Weather Modification Is Real — But Limited (Greek National Hail Suppression Program) (1981-2026),2,False,Greece/00-00-1981/Greece Weather Modification Is Real — But Limited (Greek National Hail Suppression Progr/Media/01 - EN Cover Card.svg | Greece/00-00-1981/Greece Weather Modification Is Real — But Limited (Greek National Hail Suppression Progr/Media/02 - EL Cover Card.svg
greece_1985_kaltezas_killing_exarchia_police_distrust,Greece,1985,Greece/00-00-1985/Kaltezas killing and Exarchia police distrust,Kaltezas killing and Exarchia police distrust,2,True,Greece/00-00-1985/Kaltezas killing and Exarchia police distrust/Media/01 - EN Kaltezas Killing And Exarchia Police Distrust Cove 44B80Fe30B43.svg | Greece/00-00-1985/Kaltezas killing and Exarchia police distrust/Media/02 - Bilingual Snapshot.svg
greece_1985_kaltezas_killing_police_impunity_youth_revolt,Greece,1985,"Greece/00-00-1985/Michalis Kaltezas killing, police impunity, and youth revolt","Michalis Kaltezas killing, police impunity, and youth revolt",2,False,"Greece/00-00-1985/Michalis Kaltezas killing, police impunity, and youth revolt/Media/01 - Cover Card.svg | Greece/00-00-1985/Michalis Kaltezas killing, police impunity, and youth revolt/Media/02 - Proof Map.svg"
greece_1988_banking_scandals_koskotas_proton,Greece,1988,Greece/00-00-1988/Greece Banking scandals from Koskotas to Proton (1988-2013),Greece: Banking scandals from Koskotas to Proton (1988-2013),2,False,Greece/00-00-1988/Greece Banking scandals from Koskotas to Proton (1988-2013)/Media/01 - EN Cover Card.svg | Greece/00-00-1988/Greece Banking scandals from Koskotas to Proton (1988-2013)/Media/02 - EL Cover Card.svg
greece_1988_koskotas_scandal_media_bank_politics,Greece,1988,"Greece/00-00-1988/Koskotas scandal media, banking, and politics","Koskotas scandal: media, banking, and politics",2,False,"Greece/00-00-1988/Koskotas scandal media, banking, and politics/Media/01 - EN Cover Card.svg | Greece/00-00-1988/Koskotas scandal media, banking, and politics/Media/02 - EN Proof Map.svg"
greece_1989_koskotas_scandal_and_media_bank_political_triangle,Greece,1989,Greece/00-00-1989/Koskotas scandal and media-bank-political triangle,Koskotas scandal and media-bank-political triangle,2,False,Greece/00-00-1989/Koskotas scandal and media-bank-political triangle/Media/01 - Cover Card.svg | Greece/00-00-1989/Koskotas scandal and media-bank-political triangle/Media/02 - Proof Map.svg
greece_1989_koskotas_scandal_media_banking_party_finance,Greece,1989,Greece/00-00-1989/Koskotas scandal media banking and party finance,Koskotas scandal media banking and party finance,2,True,Greece/00-00-1989/Koskotas scandal media banking and party finance/Media/01 - EN Koskotas Scandal Media Banking And Party Finance C 72326D301C8C.svg | Greece/00-00-1989/Koskotas scandal media banking and party finance/Media/02 - Bilingual Snapshot.svg
greece_1989_koskotas_bank_crete_media_money_political_power,Greece,1989,"Greece/00-00-1989/Koskotas, Bank of Crete, media money and political power (1988-1992)","Koskotas, Bank of Crete, media money and political power (1988-1992)",2,False,"Greece/00-00-1989/Koskotas, Bank of Crete, media money and political power (1988-1992)/Media/01 - EN Cover Card.svg | Greece/00-00-1989/Koskotas, Bank of Crete, media money and political power (1988-1992)/Media/02 - EL Cover Card.svg"
greece_1991_koskoletas_media_licensing_private_tv_power,Greece,1991,"Greece/00-00-1991/Private TV licensing, media power, and political dependency","Private TV licensing, media power, and political dependency",2,False,"Greece/00-00-1991/Private TV licensing, media power, and political dependency/Media/01 - Cover Card.svg | Greece/00-00-1991/Private TV licensing, media power, and political dependency/Media/02 - Proof Map.svg"
greece_1991_temponeras_murder_education_protest_violence,Greece,1991,Greece/00-00-1991/Temponeras murder and education protest violence,Temponeras murder and education protest violence,2,True,Greece/00-00-1991/Temponeras murder and education protest violence/Media/01 - EN Temponeras Murder And Education Protest Violence C 771Fa1Ed0Ce9.svg | Greece/00-00-1991/Temponeras murder and education protest violence/Media/02 - Bilingual Snapshot.svg
greece_1996_imia_crisis_nationalism_media_escalation_secret_diplomacy,Greece,1996,"Greece/00-00-1996/Imia Crisis Nationalism, Media Escalation and Secret Diplomacy","Imia Crisis: Nationalism, Media Escalation and Secret Diplomacy",2,False,"Greece/00-00-1996/Imia Crisis Nationalism, Media Escalation and Secret Diplomacy/Media/01 - EN Cover Card.svg | Greece/00-00-1996/Imia Crisis Nationalism, Media Escalation and Secret Diplomacy/Media/02 - EL Cover Card.svg"
greece_1996_imia_crisis_sovereignty_media_military_pressure,Greece,1996,"Greece/00-00-1996/Imia crisis, sovereignty panic, and media-military pressure","Imia crisis, sovereignty panic, and media-military pressure",2,False,"Greece/00-00-1996/Imia crisis, sovereignty panic, and media-military pressure/Media/01 - Cover Card.svg | Greece/00-00-1996/Imia crisis, sovereignty panic, and media-military pressure/Media/02 - Proof Map.svg"
greece_1997_defence_bribery_tsochatzopoulos,Greece,1997,"Greece/00-00-1997/Greece Defence Bribery, Akis Tsochatzopoulos, and Arms-Deal Corruption (1997-2015)","Greece: Defence Bribery, Akis Tsochatzopoulos, and Arms-Deal Corruption (1997-2015)",2,False,"Greece/00-00-1997/Greece Defence Bribery, Akis Tsochatzopoulos, and Arms-Deal Corruption (1997-2015)/Media/01 - EN Cover Card.svg | Greece/00-00-1997/Greece Defence Bribery, Akis Tsochatzopoulos, and Arms-Deal Corruption (1997-2015)/Media/02 - EL Cover Card.svg"
greece_1997_siemens_scandal,Greece,1997,Greece/00-00-1997/Greece Siemens bribery scandal (1997-2017),Greece: Siemens bribery scandal (1997-2017),2,False,Greece/00-00-1997/Greece Siemens bribery scandal (1997-2017)/Media/01 - EN Cover Card.svg | Greece/00-00-1997/Greece Siemens bribery scandal (1997-2017)/Media/02 - EL Cover Card.svg
greece_1999_athens_stock_exchange_bubble_small_investor_ruin,Greece,1999,Greece/00-00-1999/Athens stock exchange bubble and small investor ruin,Athens stock exchange bubble and small investor ruin,2,True,Greece/00-00-1999/Athens stock exchange bubble and small investor ruin/Media/01 - EN Athens Stock Exchange Bubble And Small Investor Ru 27172Fd35E40.svg | Greece/00-00-1999/Athens stock exchange bubble and small investor ruin/Media/02 - Bilingual Snapshot.svg
greece_1999_stock_exchange_bubble_hype_small_investors_accountability,Greece,1999,"Greece/00-00-1999/Athens stock exchange bubble, public hype, small investors and accountability (1999-2002","Athens stock exchange bubble, public hype, small investors and accountability (1999-2002)",2,False,"Greece/00-00-1999/Athens stock exchange bubble, public hype, small investors and accountability (1999-2002/Media/01 - EN Cover Card.svg | Greece/00-00-1999/Athens stock exchange bubble, public hype, small investors and accountability (1999-2002/Media/02 - EL Cover Card.svg"
greece_1999_athens_stock_market_bubble_loss,Greece,1999,Greece/00-00-1999/Athens stock market bubble and public loss,Athens stock market bubble and public loss,2,False,Greece/00-00-1999/Athens stock market bubble and public loss/Media/01 - EN Cover Card.svg | Greece/00-00-1999/Athens stock market bubble and public loss/Media/02 - EN Proof Map.svg
greece_1999_ocalan_affair_secret_diplomacy_state_denial_foreign_pressure,Greece,1999,"Greece/00-00-1999/Greece — Öcalan affair, secret diplomacy, state denial, and foreign pressure (1999)","Greece — Öcalan affair, secret diplomacy, state denial, and foreign pressure (1999)",4,False,"Greece/00-00-1999/Greece — Öcalan affair, secret diplomacy, state denial, and foreign pressure (1999)/Media/01 - EN Cover Card.svg | Greece/00-00-1999/Greece — Öcalan affair, secret diplomacy, state denial, and foreign pressure (1999)/Media/02 - EN Cover Card.svg | Greece/00-00-1999/Greece — Öcalan affair, secret diplomacy, state denial, and foreign pressure (1999)/Media/03 - EL Cover Card.svg | Greece/00-00-1999/Greece — Öcalan affair, secret diplomacy, state denial, and foreign pressure (1999)/Media/04 - EL Cover Card.svg"
greece_1999_stock_market_bubble_and_household_losses,Greece,1999,Greece/00-00-1999/Stock market bubble and household losses,Stock market bubble and household losses,2,False,Greece/00-00-1999/Stock market bubble and household losses/Media/01 - Cover Card.svg | Greece/00-00-1999/Stock market bubble and household losses/Media/02 - Proof Map.svg
greece_2000_express_samina_ferry_disaster_shipping_oversight,Greece,2000,Greece/00-00-2000/Express Samina ferry disaster and shipping oversight failure,Express Samina ferry disaster and shipping oversight failure,2,False,Greece/00-00-2000/Express Samina ferry disaster and shipping oversight failure/Media/01 - Cover Card.svg | Greece/00-00-2000/Express Samina ferry disaster and shipping oversight failure/Media/02 - Proof Map.svg
greece_2000_express_samina_ferry_disaster_safety_culture_island_transport_accounta,Greece,2000,"Greece/00-00-2000/Express Samina Ferry Disaster Safety Culture, Island Transport and Accountability","Express Samina Ferry Disaster: Safety Culture, Island Transport and Accountability",2,False,"Greece/00-00-2000/Express Samina Ferry Disaster Safety Culture, Island Transport and Accountability/Media/01 - EN Cover Card.svg | Greece/00-00-2000/Express Samina Ferry Disaster Safety Culture, Island Transport and Accountability/Media/02 - EL Cover Card.svg"
greece_2001_delphi_gases_geology,Greece,2001,"Greece/00-00-2001/Greece Delphi, “Prophecy,” and the Geological Explanation of a Supernatural Tradition (2","Greece: Delphi, “Prophecy,” and the Geological Explanation of a Supernatural Tradition (2001-2026)",2,False,"Greece/00-00-2001/Greece Delphi, “Prophecy,” and the Geological Explanation of a Supernatural Tradition (2/Media/01 - EN Cover Card.svg | Greece/00-00-2001/Greece Delphi, “Prophecy,” and the Geological Explanation of a Supernatural Tradition (2/Media/02 - EL Cover Card.svg"
greece_2002_17_november_trial_security_state_transition,Greece,2002,Greece/00-00-2002/17 November trial and security-state transition,17 November trial and security-state transition,2,True,Greece/00-00-2002/17 November trial and security-state transition/Media/01 - EN 17 November Trial And Security State Transition Co 24A4Feea95F1.svg | Greece/00-00-2002/17 November trial and security-state transition/Media/02 - Bilingual Snapshot.svg
greece_2003_c4i_olympic_security_system_surveillance_scandal,Greece,2003,"Greece/00-00-2003/GREECE C4I Olympic Security System, Siemens Overlap, and the Security-State Procurement","GREECE: C4I Olympic Security System, Siemens Overlap, and the Security-State Procurement Problem (2003-2018)",2,False,"Greece/00-00-2003/GREECE C4I Olympic Security System, Siemens Overlap, and the Security-State Procurement/Media/01 - EN Cover Card.svg | Greece/00-00-2003/GREECE C4I Olympic Security System, Siemens Overlap, and the Security-State Procurement/Media/02 - EL Cover Card.svg"
greece_2004_c4i_olympic_security_system_scandal,Greece,2004,Greece/00-00-2004/C4I Olympic security system scandal,C4I Olympic security system scandal,2,True,Greece/00-00-2004/C4I Olympic security system scandal/Media/01 - EN Cover Card.svg | Greece/00-00-2004/C4I Olympic security system scandal/Media/02 - Bilingual Snapshot.svg
greece_2004_athens_olympics_cost_security_debt,Greece,2004,"Greece/00-00-2004/Greece Athens 2004 Olympics, Security Spending, and Debt Narrative (1997-2014)","Greece: Athens 2004 Olympics, Security Spending, and Debt Narrative (1997-2014)",2,False,"Greece/00-00-2004/Greece Athens 2004 Olympics, Security Spending, and Debt Narrative (1997-2014)/Media/01 - EN Cover Card.svg | Greece/00-00-2004/Greece Athens 2004 Olympics, Security Spending, and Debt Narrative (1997-2014)/Media/02 - EL Cover Card.svg"
greece_2004_debt_crisis_misreporting_austerity,Greece,2004,"Greece/00-00-2004/Greece Debt Crisis, Misreported Fiscal Data, and the Austerity Era (2004-2018)","Greece: Debt Crisis, Misreported Fiscal Data, and the Austerity Era (2004-2018)",2,False,"Greece/00-00-2004/Greece Debt Crisis, Misreported Fiscal Data, and the Austerity Era (2004-2018)/Media/01 - EN Cover Card.svg | Greece/00-00-2004/Greece Debt Crisis, Misreported Fiscal Data, and the Austerity Era (2004-2018)/Media/02 - EL Cover Card.svg"
greece_2004_vodafone_wiretap_tsalikidis,Greece,2004,Greece/00-00-2004/Greece Vodafone Wiretap Scandal and the Tsalikidis Case (2004-2017),Greece: Vodafone Wiretap Scandal and the Tsalikidis Case (2004-2017),2,False,Greece/00-00-2004/Greece Vodafone Wiretap Scandal and the Tsalikidis Case (2004-2017)/Media/01 - EN Cover Card.svg | Greece/00-00-2004/Greece Vodafone Wiretap Scandal and the Tsalikidis Case (2004-2017)/Media/02 - EL Cover Card.svg
greece_2004_vodafone_wiretapping_scandal_athens_olympics_context,Greece,2004,Greece/00-00-2004/Vodafone wiretapping scandal and Athens Olympics context,Vodafone wiretapping scandal and Athens Olympics context,2,False,Greece/00-00-2004/Vodafone wiretapping scandal and Athens Olympics context/Media/01 - EN Cover Card.svg | Greece/00-00-2004/Vodafone wiretapping scandal and Athens Olympics context/Media/02 - EN Proof Map.svg
greece_2005_helios_airways_flight_522_aviation_safety_oversight_cost_routine_failu,Greece,2005,"Greece/00-00-2005/Helios Airways Flight 522 Aviation Safety, Oversight and the Cost of Routine Failure","Helios Airways Flight 522: Aviation Safety, Oversight and the Cost of Routine Failure",2,False,"Greece/00-00-2005/Helios Airways Flight 522 Aviation Safety, Oversight and the Cost of Routine Failure/Media/01 - EN Cover Card.svg | Greece/00-00-2005/Helios Airways Flight 522 Aviation Safety, Oversight and the Cost of Routine Failure/Media/02 - EL Cover Card.svg"
greece_2005_pakistani_migrants_abduction_surveillance_case,Greece,2005,Greece/00-00-2005/Pakistani migrants abduction allegations and post-9 11 security pressure,Pakistani migrants abduction allegations and post-9/11 security pressure,2,False,Greece/00-00-2005/Pakistani migrants abduction allegations and post-9 11 security pressure/Media/01 - Cover Card.svg | Greece/00-00-2005/Pakistani migrants abduction allegations and post-9 11 security pressure/Media/02 - Proof Map.svg
greece_2005_structured_bonds_pension_funds_money_financial_opacity,Greece,2005,"Greece/00-00-2005/Structured bonds, pension funds, public money and financial opacity (2005-2007)","Structured bonds, pension funds, public money and financial opacity (2005-2007)",2,False,"Greece/00-00-2005/Structured bonds, pension funds, public money and financial opacity (2005-2007)/Media/01 - EN Cover Card.svg | Greece/00-00-2005/Structured bonds, pension funds, public money and financial opacity (2005-2007)/Media/02 - EL Cover Card.svg"
greece_2005_vodafone_greece_wiretapping_scandal,Greece,2005,Greece/00-00-2005/Vodafone Greece wiretapping scandal,Vodafone Greece wiretapping scandal,2,True,Greece/00-00-2005/Vodafone Greece wiretapping scandal/Media/01 - EN Cover Card.svg | Greece/00-00-2005/Vodafone Greece wiretapping scandal/Media/02 - Bilingual Snapshot.svg
greece_2006_structured_bonds_pension_fund_public_money_scandal,Greece,2006,"Greece/00-00-2006/Structured bonds, pension funds, and public-money opacity","Structured bonds, pension funds, and public-money opacity",2,False,"Greece/00-00-2006/Structured bonds, pension funds, and public-money opacity/Media/01 - Cover Card.svg | Greece/00-00-2006/Structured bonds, pension funds, and public-money opacity/Media/02 - Proof Map.svg"
greece_2007_forest_fires_state_failure_land_politics_disaster_governance,Greece,2007,"Greece/00-00-2007/2007 forest fires, state failure, land politics and disaster governance (2007)","2007 forest fires, state failure, land politics and disaster governance (2007)",2,False,"Greece/00-00-2007/2007 forest fires, state failure, land politics and disaster governance (2007)/Media/01 - EN Cover Card.svg | Greece/00-00-2007/2007 forest fires, state failure, land politics and disaster governance (2007)/Media/02 - EL Cover Card.svg"
greece_2007_bond_scandal_and_pension_fund_trust_crisis,Greece,2007,Greece/00-00-2007/Bond scandal and pension fund trust crisis,Bond scandal and pension fund trust crisis,2,False,Greece/00-00-2007/Bond scandal and pension fund trust crisis/Media/01 - Cover Card.svg | Greece/00-00-2007/Bond scandal and pension fund trust crisis/Media/02 - Proof Map.svg
greece_2007_bond_scandal_pension_funds_structured_products,Greece,2007,Greece/00-00-2007/Bond scandal pension funds and structured products,Bond scandal pension funds and structured products,2,True,Greece/00-00-2007/Bond scandal pension funds and structured products/Media/01 - EN Bond Scandal Pension Funds And Structured Products 8522A04F8424.svg | Greece/00-00-2007/Bond scandal pension funds and structured products/Media/02 - Bilingual Snapshot.svg
greece_2005_zahopoulos_affair_media_blackmail_power,Greece,2007,"Greece/00-00-2007/Zahopoulos affair, media blackmail, and ministerial power","Zahopoulos affair, media blackmail, and ministerial power",2,False,"Greece/00-00-2007/Zahopoulos affair, media blackmail, and ministerial power/Media/01 - Cover Card.svg | Greece/00-00-2007/Zahopoulos affair, media blackmail, and ministerial power/Media/02 - Proof Map.svg"
greece_2008_vatopedi_land_swap,Greece,2008,Greece/00-00-2008/Greece Vatopedi Monastery Land-Swap Scandal (2008-2017),Greece: Vatopedi Monastery Land-Swap Scandal (2008-2017),2,False,Greece/00-00-2008/Greece Vatopedi Monastery Land-Swap Scandal (2008-2017)/Media/01 - EN Cover Card.svg | Greece/00-00-2008/Greece Vatopedi Monastery Land-Swap Scandal (2008-2017)/Media/02 - EL Cover Card.svg
greece_2008_grigoropoulos_killing_police_violence_youth_rage_state_response,Greece,2008,"Greece/00-00-2008/Greece — Grigoropoulos killing, police violence, youth rage, and state response (2008)","Greece — Grigoropoulos killing, police violence, youth rage, and state response (2008)",4,False,"Greece/00-00-2008/Greece — Grigoropoulos killing, police violence, youth rage, and state response (2008)/Media/01 - EN Cover Card.svg | Greece/00-00-2008/Greece — Grigoropoulos killing, police violence, youth rage, and state response (2008)/Media/02 - EN Cover Card.svg | Greece/00-00-2008/Greece — Grigoropoulos killing, police violence, youth rage, and state response (2008)/Media/03 - EL Cover Card.svg | Greece/00-00-2008/Greece — Grigoropoulos killing, police violence, youth rage, and state response (2008)/Media/04 - EL Cover Card.svg"
greece_2008_grigoropoulos_killing_december_revolt,Greece,2008,Greece/00-00-2008/Grigoropoulos killing and December revolt,Grigoropoulos killing and December revolt,2,True,Greece/00-00-2008/Grigoropoulos killing and December revolt/Media/01 - EN Cover Card.svg | Greece/00-00-2008/Grigoropoulos killing and December revolt/Media/02 - Bilingual Snapshot.svg
greece_2008_grigoropoulos_killing_and_youth_uprising,Greece,2008,Greece/00-00-2008/Grigoropoulos killing and youth uprising,Grigoropoulos killing and youth uprising,2,False,Greece/00-00-2008/Grigoropoulos killing and youth uprising/Media/01 - Cover Card.svg | Greece/00-00-2008/Grigoropoulos killing and youth uprising/Media/02 - Proof Map.svg
greece_2008_siemens_bribery_contracts_party_finance,Greece,2008,"Greece/00-00-2008/Siemens bribery scandal, public contracts, and party finance shadows","Siemens bribery scandal, public contracts, and party finance shadows",2,False,"Greece/00-00-2008/Siemens bribery scandal, public contracts, and party finance shadows/Media/01 - Cover Card.svg | Greece/00-00-2008/Siemens bribery scandal, public contracts, and party finance shadows/Media/02 - Proof Map.svg"
greece_2008_vatopedi_land_swap_scandal_church_state_power,Greece,2008,"Greece/00-00-2008/Vatopedi land-swap scandal, church property, and state access","Vatopedi land-swap scandal, church property, and state access",2,False,"Greece/00-00-2008/Vatopedi land-swap scandal, church property, and state access/Media/01 - Cover Card.svg | Greece/00-00-2008/Vatopedi land-swap scandal, church property, and state access/Media/02 - Proof Map.svg"
greece_2009_elstat_deficit_statistics_austerity_political_blame,Greece,2009,"Greece/00-00-2009/ELSTAT, deficit statistics, trust, austerity and political blame (2009-2018)","ELSTAT, deficit statistics, trust, austerity and political blame (2009-2018)",2,False,"Greece/00-00-2009/ELSTAT, deficit statistics, trust, austerity and political blame (2009-2018)/Media/01 - EN Cover Card.svg | Greece/00-00-2009/ELSTAT, deficit statistics, trust, austerity and political blame (2009-2018)/Media/02 - EL Cover Card.svg"
greece_2010_debt_memorandum_shock_and_austerity_governance,Greece,2010,Greece/00-00-2010/Debt memorandum shock and austerity governance,Debt memorandum shock and austerity governance,2,False,Greece/00-00-2010/Debt memorandum shock and austerity governance/Media/01 - Cover Card.svg | Greece/00-00-2010/Debt memorandum shock and austerity governance/Media/02 - Proof Map.svg
greece_2010_elstat_deficit_revision_statistics_trust_war,Greece,2010,Greece/00-00-2010/ELSTAT deficit revision and the war over statistical truth,ELSTAT deficit revision and the war over statistical truth,2,False,Greece/00-00-2010/ELSTAT deficit revision and the war over statistical truth/Media/01 - Cover Card.svg | Greece/00-00-2010/ELSTAT deficit revision and the war over statistical truth/Media/02 - Proof Map.svg
greece_2010_oligarchs_media_banks_tax_evasion,Greece,2010,"Greece/00-00-2010/Greece Oligarchs, Media, Banks, and Tax-Evasion Impunity (2010-2015)","Greece: Oligarchs, Media, Banks, and Tax-Evasion Impunity (2010-2015)",2,False,"Greece/00-00-2010/Greece Oligarchs, Media, Banks, and Tax-Evasion Impunity (2010-2015)/Media/01 - EN Cover Card.svg | Greece/00-00-2010/Greece Oligarchs, Media, Banks, and Tax-Evasion Impunity (2010-2015)/Media/02 - EL Cover Card.svg"
greece_2010_lagarde_list,Greece,2010,"Greece/00-00-2010/Greece The Lagarde List, Tax-Evasion Politics, and Missing Accountability (2010-2015)","Greece: The Lagarde List, Tax-Evasion Politics, and Missing Accountability (2010-2015)",4,False,"Greece/00-00-2010/Greece The Lagarde List, Tax-Evasion Politics, and Missing Accountability (2010-2015)/Media/01 - EN Cover Card.svg | Greece/00-00-2010/Greece The Lagarde List, Tax-Evasion Politics, and Missing Accountability (2010-2015)/Media/02 - EL Cover Card.svg | Greece/00-00-2010/Greece The Lagarde List, Tax-Evasion Politics, and Missing Accountability (2010-2015)/Media/03 - EN Cover Card.svg | Greece/00-00-2010/Greece The Lagarde List, Tax-Evasion Politics, and Missing Accountability (2010-2015)/Media/04 - EN Proof Map.svg"
greece_2010_marfin_bank_deaths_protest_violence_austerity_memory,Greece,2010,"Greece/00-00-2010/Marfin bank deaths, protest violence, austerity and memory (2010)","Marfin bank deaths, protest violence, austerity and memory (2010)",2,False,"Greece/00-00-2010/Marfin bank deaths, protest violence, austerity and memory (2010)/Media/01 - EN Cover Card.svg | Greece/00-00-2010/Marfin bank deaths, protest violence, austerity and memory (2010)/Media/02 - EL Cover Card.svg"
greece_2010_marfin_bank_fire_protest_tragedy,Greece,2010,Greece/00-00-2010/Marfin bank fire and protest tragedy,Marfin bank fire and protest tragedy,2,True,Greece/00-00-2010/Marfin bank fire and protest tragedy/Media/01 - EN Cover Card.svg | Greece/00-00-2010/Marfin bank fire and protest tragedy/Media/02 - Bilingual Snapshot.svg
greece_2011_bailout_privatization_fund_asset_sales,Greece,2011,"Greece/00-00-2011/GREECE Bailout Privatisation Fund, Public Asset Sales, and Post-Crisis State Restructuri","GREECE: Bailout Privatisation Fund, Public Asset Sales, and Post-Crisis State Restructuring (2011-2026)",2,False,"Greece/00-00-2011/GREECE Bailout Privatisation Fund, Public Asset Sales, and Post-Crisis State Restructuri/Media/01 - EN Cover Card.svg | Greece/00-00-2011/GREECE Bailout Privatisation Fund, Public Asset Sales, and Post-Crisis State Restructuri/Media/02 - EL Cover Card.svg"
greece_2011_keratea_waste_plant_policing_local_resistance,Greece,2011,"Greece/00-00-2011/Keratea waste plant conflict, policing, local resistance and public trust (2010-2011)","Keratea waste plant conflict, policing, local resistance and public trust (2010-2011)",2,False,"Greece/00-00-2011/Keratea waste plant conflict, policing, local resistance and public trust (2010-2011)/Media/01 - EN Cover Card.svg | Greece/00-00-2011/Keratea waste plant conflict, policing, local resistance and public trust (2010-2011)/Media/02 - EL Cover Card.svg"
greece_2011_lagarde_list_tax_evasion_credibility_crisis,Greece,2011,Greece/00-00-2011/Lagarde list and tax-evasion credibility crisis,Lagarde list and tax-evasion credibility crisis,2,True,Greece/00-00-2011/Lagarde list and tax-evasion credibility crisis/Media/01 - EN Lagarde List And Tax Evasion Credibility Crisis Co 50D9F9B2D1Fc.svg | Greece/00-00-2011/Lagarde list and tax-evasion credibility crisis/Media/02 - Bilingual Snapshot.svg
greece_2011_syntagma_protests_austerity_policing_democracy_under_economic_emergenc,Greece,2011,Greece/00-00-2011/Syntagma Protests and Austerity Policing Democracy Under Economic Emergency,Syntagma Protests and Austerity Policing: Democracy Under Economic Emergency,2,False,Greece/00-00-2011/Syntagma Protests and Austerity Policing Democracy Under Economic Emergency/Media/01 - EN Cover Card.svg | Greece/00-00-2011/Syntagma Protests and Austerity Policing Democracy Under Economic Emergency/Media/02 - EL Cover Card.svg
greece_2011_syntagma_square_policing_austerity_rage,Greece,2011,Greece/00-00-2011/Syntagma square policing and austerity rage,Syntagma square policing and austerity rage,2,True,Greece/00-00-2011/Syntagma square policing and austerity rage/Media/01 - EN Cover Card.svg | Greece/00-00-2011/Syntagma square policing and austerity rage/Media/02 - Bilingual Snapshot.svg
greece_2012_golden_dawn_criminal_org_state_failure,Greece,2012,"Greece/00-00-2012/Greece Golden Dawn, Criminal Organization Findings, and State Failure Questions (2012-20","Greece: Golden Dawn, Criminal Organization Findings, and State Failure Questions (2012-2026)",2,False,"Greece/00-00-2012/Greece Golden Dawn, Criminal Organization Findings, and State Failure Questions (2012-20/Media/01 - EN Cover Card.svg | Greece/00-00-2012/Greece Golden Dawn, Criminal Organization Findings, and State Failure Questions (2012-20/Media/02 - EL Cover Card.svg"
greece_2012_mass_id_tax_vehicle_data_leak,Greece,2012,"Greece/00-00-2012/GREECE Massive Leak of Identity, Tax, and Vehicle Data (2012-2013)","GREECE: Massive Leak of Identity, Tax, and Vehicle Data (2012-2013)",2,False,"Greece/00-00-2012/GREECE Massive Leak of Identity, Tax, and Vehicle Data (2012-2013)/Media/01 - EN Cover Card.svg | Greece/00-00-2012/GREECE Massive Leak of Identity, Tax, and Vehicle Data (2012-2013)/Media/02 - EL Cover Card.svg"
greece_2012_novartis_2012_2026,Greece,2012,"Greece/00-00-2012/Greece Novartis case — bribery, political warfare, and legal whiplash (2012-2026)","Greece: Novartis case — bribery, political warfare, and legal whiplash (2012-2026)",2,False,"Greece/00-00-2012/Greece Novartis case — bribery, political warfare, and legal whiplash (2012-2026)/Media/01 - EN Cover Card.svg | Greece/00-00-2012/Greece Novartis case — bribery, political warfare, and legal whiplash (2012-2026)/Media/02 - EL Cover Card.svg"
greece_2012_halyvourgia_strike_policing_labor_crisis,Greece,2012,"Greece/00-00-2012/Halyvourgia strike, riot police intervention, and austerity labor conflict","Halyvourgia strike, riot police intervention, and austerity labor conflict",2,False,"Greece/00-00-2012/Halyvourgia strike, riot police intervention, and austerity labor conflict/Media/01 - Cover Card.svg | Greece/00-00-2012/Halyvourgia strike, riot police intervention, and austerity labor conflict/Media/02 - Proof Map.svg"
greece_2012_pharmakonisi_aegean_pushback_allegations_border_deaths_competing_narra,Greece,2012,Greece/00-00-2012/Pharmakonisi and Aegean Pushback Allegations Border Deaths and Competing Narratives,Pharmakonisi and Aegean Pushback Allegations: Border Deaths and Competing Narratives,2,False,Greece/00-00-2012/Pharmakonisi and Aegean Pushback Allegations Border Deaths and Competing Narratives/Media/01 - EN Cover Card.svg | Greece/00-00-2012/Pharmakonisi and Aegean Pushback Allegations Border Deaths and Competing Narratives/Media/02 - EL Cover Card.svg
greece_2012_shaming_hiv_positive_women,Greece,2012,Greece/00-00-2012/Public shaming of HIV-positive women,Public shaming of HIV-positive women,2,True,Greece/00-00-2012/Public shaming of HIV-positive women/Media/01 - EN Cover Card.svg | Greece/00-00-2012/Public shaming of HIV-positive women/Media/02 - Bilingual Snapshot.svg
greece_2013_ert_shutdown_public_broadcasting_state_black_screen,Greece,2013,"Greece/00-00-2013/ERT shutdown, black screen, and public broadcasting shock","ERT shutdown, black screen, and public broadcasting shock",2,False,"Greece/00-00-2013/ERT shutdown, black screen, and public broadcasting shock/Media/01 - Cover Card.svg | Greece/00-00-2013/ERT shutdown, black screen, and public broadcasting shock/Media/02 - Proof Map.svg"
greece_2013_ert_shutdown_broadcasting_austerity_state_media_power,Greece,2013,"Greece/00-00-2013/ERT shutdown, public broadcasting, austerity and state media power (2013)","ERT shutdown, public broadcasting, austerity and state media power (2013)",2,False,"Greece/00-00-2013/ERT shutdown, public broadcasting, austerity and state media power (2013)/Media/01 - EN Cover Card.svg | Greece/00-00-2013/ERT shutdown, public broadcasting, austerity and state media power (2013)/Media/02 - EL Cover Card.svg"
greece_2013_pavlos_fyssas_golden_dawn_accountability,Greece,2013,Greece/00-00-2013/Pavlos Fyssas murder and Golden Dawn accountability,Pavlos Fyssas murder and Golden Dawn accountability,2,False,Greece/00-00-2013/Pavlos Fyssas murder and Golden Dawn accountability/Media/01 - EN Cover Card.svg | Greece/00-00-2013/Pavlos Fyssas murder and Golden Dawn accountability/Media/02 - EN Proof Map.svg
greece_2014_baltakos_video_golden_dawn_contacts,Greece,2014,Greece/00-00-2014/Baltakos video and Golden Dawn contacts,Baltakos video and Golden Dawn contacts,3,False,Greece/00-00-2014/Baltakos video and Golden Dawn contacts/Media/01 - EN Cover Card.svg | Greece/00-00-2014/Baltakos video and Golden Dawn contacts/Media/02 - EN Cover Card.svg | Greece/00-00-2014/Baltakos video and Golden Dawn contacts/Media/03 - EL Cover Card.svg
greece_2014_noor_one_heroin_power_impunity_allegations,Greece,2014,"Greece/00-00-2014/Noor One heroin case, power, impunity allegations and public trust (2014-2026)","Noor One heroin case, power, impunity allegations and public trust (2014-2026)",2,False,"Greece/00-00-2014/Noor One heroin case, power, impunity allegations and public trust (2014-2026)/Media/01 - EN Cover Card.svg | Greece/00-00-2014/Noor One heroin case, power, impunity allegations and public trust (2014-2026)/Media/02 - EL Cover Card.svg"
greece_2015_capital_controls_referendum_shock,Greece,2015,Greece/00-00-2015/Capital controls and referendum shock,Capital controls and referendum shock,5,False,Greece/00-00-2015/Capital controls and referendum shock/Media/01 - EN Cover Card.svg | Greece/00-00-2015/Capital controls and referendum shock/Media/02 - EN Cover Card.svg | Greece/00-00-2015/Capital controls and referendum shock/Media/03 - EN Cover Card.svg | Greece/00-00-2015/Capital controls and referendum shock/Media/04 - EL Cover Card.svg | Greece/00-00-2015/Capital controls and referendum shock/Media/05 - EL Cover Card.svg
greece_2015_refugee_crisis_hotspots_borders_human_rights,Greece,2015,"Greece/00-00-2015/Refugee crisis, hotspots, borders and human rights (2015-2026)","Refugee crisis, hotspots, borders and human rights (2015-2026)",2,False,"Greece/00-00-2015/Refugee crisis, hotspots, borders and human rights (2015-2026)/Media/01 - EN Cover Card.svg | Greece/00-00-2015/Refugee crisis, hotspots, borders and human rights (2015-2026)/Media/02 - EL Cover Card.svg"
greece_2015_refugee_crisis_islands_eu_turkey_containment,Greece,2015,"Greece/00-00-2015/Refugee crisis, island containment, and EU-Turkey border bargain","Refugee crisis, island containment, and EU-Turkey border bargain",2,False,"Greece/00-00-2015/Refugee crisis, island containment, and EU-Turkey border bargain/Media/01 - Cover Card.svg | Greece/00-00-2015/Refugee crisis, island containment, and EU-Turkey border bargain/Media/02 - Proof Map.svg"
greece_2015_third_bailout_capital_controls_aftermath_democracy_banks_external_powe,Greece,2015,"Greece/00-00-2015/Third Bailout and Capital Controls Aftermath Democracy, Banks and External Power","Third Bailout and Capital Controls Aftermath: Democracy, Banks and External Power",2,False,"Greece/00-00-2015/Third Bailout and Capital Controls Aftermath Democracy, Banks and External Power/Media/01 - EN Cover Card.svg | Greece/00-00-2015/Third Bailout and Capital Controls Aftermath Democracy, Banks and External Power/Media/02 - EL Cover Card.svg"
greece_2016_opekepe_eu_subsidies_political_immunity_state_capture,Greece,2016,"Greece/00-00-2016/GREECE — OPEKEPE EU SUBSIDIES, POLITICAL IMMUNITY, AND STATE CAPTURE (2016–2026)","GREECE — OPEKEPE: EU SUBSIDIES, POLITICAL IMMUNITY, AND STATE CAPTURE (2016–2026)",4,False,"Greece/00-00-2016/GREECE — OPEKEPE EU SUBSIDIES, POLITICAL IMMUNITY, AND STATE CAPTURE (2016–2026)/Media/01 - EN Cover Card.png | Greece/00-00-2016/GREECE — OPEKEPE EU SUBSIDIES, POLITICAL IMMUNITY, AND STATE CAPTURE (2016–2026)/Media/02 - EN Cover Card.svg | Greece/00-00-2016/GREECE — OPEKEPE EU SUBSIDIES, POLITICAL IMMUNITY, AND STATE CAPTURE (2016–2026)/Media/03 - EL Cover Card.png | Greece/00-00-2016/GREECE — OPEKEPE EU SUBSIDIES, POLITICAL IMMUNITY, AND STATE CAPTURE (2016–2026)/Media/04 - EL Cover Card.svg"
greece_2016_novartis_political_scandal_drug_pricing,Greece,2016,"Greece/00-00-2016/Novartis political scandal, drug pricing, and allegation warfare","Novartis political scandal, drug pricing, and allegation warfare",2,False,"Greece/00-00-2016/Novartis political scandal, drug pricing, and allegation warfare/Media/01 - Cover Card.svg | Greece/00-00-2016/Novartis political scandal, drug pricing, and allegation warfare/Media/02 - Proof Map.svg"
greece_2016_tv_licenses_media_power_conflict,Greece,2016,Greece/00-00-2016/TV licenses and media-power conflict,TV licenses and media-power conflict,2,True,Greece/00-00-2016/TV licenses and media-power conflict/Media/01 - EN Cover Card.svg | Greece/00-00-2016/TV licenses and media-power conflict/Media/02 - Bilingual Snapshot.svg
greece_2016_tv_licenses_media_power_state_control_rule_law,Greece,2016,"Greece/00-00-2016/TV licenses, media power, state control and rule of law (2016)","TV licenses, media power, state control and rule of law (2016)",2,False,"Greece/00-00-2016/TV licenses, media power, state control and rule of law (2016)/Media/01 - EN Cover Card.svg | Greece/00-00-2016/TV licenses, media power, state control and rule of law (2016)/Media/02 - EL Cover Card.svg"
greece_2017_mandra_flash_flood_planning_failure,Greece,2017,"Greece/00-00-2017/Mandra flash flood, blocked streams, and planning failure","Mandra flash flood, blocked streams, and planning failure",2,False,"Greece/00-00-2017/Mandra flash flood, blocked streams, and planning failure/Media/01 - Cover Card.svg | Greece/00-00-2017/Mandra flash flood, blocked streams, and planning failure/Media/02 - Proof Map.svg"
greece_2017_noor_one_heroin_allegations_impunity,Greece,2017,Greece/00-00-2017/Noor One heroin case and allegations of impunity,Noor One heroin case and allegations of impunity,2,True,Greece/00-00-2017/Noor One heroin case and allegations of impunity/Media/01 - EN Noor One Heroin Case And Allegations Of Impunity C Ddcd3D6Ddb35.svg | Greece/00-00-2017/Noor One heroin case and allegations of impunity/Media/02 - Bilingual Snapshot.svg
greece_2018_folli_follie_market_fraud_regulator_failure,Greece,2018,Greece/00-00-2018/Folli Follie market fraud and regulator confidence collapse,Folli Follie market fraud and regulator confidence collapse,2,False,Greece/00-00-2018/Folli Follie market fraud and regulator confidence collapse/Media/01 - Cover Card.svg | Greece/00-00-2018/Folli Follie market fraud and regulator confidence collapse/Media/02 - Proof Map.svg
greece_2018_mati_wildfire_state_failure,Greece,2018,"Greece/00-00-2018/Greece Mati wildfire, state failure, and accountability limits (2018-2025)","Greece: Mati wildfire, state failure, and accountability limits (2018-2025)",2,False,"Greece/00-00-2018/Greece Mati wildfire, state failure, and accountability limits (2018-2025)/Media/01 - EN Cover Card.svg | Greece/00-00-2018/Greece Mati wildfire, state failure, and accountability limits (2018-2025)/Media/02 - EL Cover Card.svg"
greece_2018_mati_wildfire_command_failures_anger,Greece,2018,Greece/00-00-2018/Mati wildfire command failures and public anger,Mati wildfire command failures and public anger,2,False,Greece/00-00-2018/Mati wildfire command failures and public anger/Media/01 - EN Cover Card.svg | Greece/00-00-2018/Mati wildfire command failures and public anger/Media/02 - EN Proof Map.svg
greece_2018_mati_wildfire_disaster_and_emergency_failure,Greece,2018,Greece/00-00-2018/Mati wildfire disaster and emergency failure,Mati wildfire disaster and emergency failure,2,False,Greece/00-00-2018/Mati wildfire disaster and emergency failure/Media/01 - Cover Card.svg | Greece/00-00-2018/Mati wildfire disaster and emergency failure/Media/02 - Proof Map.svg
greece_2018_mati_wildfire_evacuation_accountability,Greece,2018,"Greece/00-00-2018/Mati wildfire, evacuation failure, and command accountability","Mati wildfire, evacuation failure, and command accountability",2,False,"Greece/00-00-2018/Mati wildfire, evacuation failure, and command accountability/Media/01 - Cover Card.svg | Greece/00-00-2018/Mati wildfire, evacuation failure, and command accountability/Media/02 - Proof Map.svg"
greece_2018_prespa_agreement_backlash_identity_politics_disinformation_pressure,Greece,2018,"Greece/00-00-2018/Prespa Agreement Backlash Identity Politics, Disinformation and Public Pressure","Prespa Agreement Backlash: Identity Politics, Disinformation and Public Pressure",2,False,"Greece/00-00-2018/Prespa Agreement Backlash Identity Politics, Disinformation and Public Pressure/Media/01 - EN Cover Card.svg | Greece/00-00-2018/Prespa Agreement Backlash Identity Politics, Disinformation and Public Pressure/Media/02 - EL Cover Card.svg"
greece_2018_zak_kostopoulos_death_violence_police_response_social_stigma,Greece,2018,"Greece/00-00-2018/Zak Kostopoulos death, public violence, police response and social stigma (2018-2024)","Zak Kostopoulos death, public violence, police response and social stigma (2018-2024)",2,False,"Greece/00-00-2018/Zak Kostopoulos death, public violence, police response and social stigma (2018-2024)/Media/01 - EN Cover Card.svg | Greece/00-00-2018/Zak Kostopoulos death, public violence, police response and social stigma (2018-2024)/Media/02 - EL Cover Card.svg"
greece_2018_zak_kostopoulos_killing_bystander_violence,Greece,2018,Greece/00-00-2018/Zak Kostopoulos killing and bystander violence,Zak Kostopoulos killing and bystander violence,2,True,Greece/00-00-2018/Zak Kostopoulos killing and bystander violence/Media/01 - EN Zak Kostopoulos Killing And Bystander Violence Cov 77Ee1298Ba77.svg | Greece/00-00-2018/Zak Kostopoulos killing and bystander violence/Media/02 - Bilingual Snapshot.svg
greece_2018_zak_kostopoulos_killing_policing_media_frame,Greece,2018,"Greece/00-00-2018/Zak Kostopoulos killing, policing, and media framing","Zak Kostopoulos killing, policing, and media framing",2,False,"Greece/00-00-2018/Zak Kostopoulos killing, policing, and media framing/Media/01 - Cover Card.svg | Greece/00-00-2018/Zak Kostopoulos killing, policing, and media framing/Media/02 - Proof Map.svg"
greece_2019_exarchia_operations_urban_policing_drugs_squats_fear_rights,Greece,2019,"Greece/00-00-2019/Exarchia Operations and Urban Policing Drugs, Squats, Fear and Rights","Exarchia Operations and Urban Policing: Drugs, Squats, Fear and Rights",2,False,"Greece/00-00-2019/Exarchia Operations and Urban Policing Drugs, Squats, Fear and Rights/Media/01 - EN Cover Card.svg | Greece/00-00-2019/Exarchia Operations and Urban Policing Drugs, Squats, Fear and Rights/Media/02 - EL Cover Card.svg"
greece_2019_greek_mafia_killings_state_crime_fear,Greece,2019,Greece/00-00-2019/Greek Mafia killings and state-crime fear,Greek Mafia killings and state-crime fear,2,True,Greece/00-00-2019/Greek Mafia killings and state-crime fear/Media/01 - EN Cover Card.svg | Greece/00-00-2019/Greek Mafia killings and state-crime fear/Media/02 - Bilingual Snapshot.svg
greece_2019_piraeus_noor_one_political_pressure_media_memory,Greece,2019,"Greece/00-00-2019/Noor One aftermath, witness pressure, and media-political memory","Noor One aftermath, witness pressure, and media-political memory",2,False,"Greece/00-00-2019/Noor One aftermath, witness pressure, and media-political memory/Media/01 - Cover Card.svg | Greece/00-00-2019/Noor One aftermath, witness pressure, and media-political memory/Media/02 - Proof Map.svg"
greece_2019_novartis_greece_political_scandal_protected_witnesses,Greece,2019,Greece/00-00-2019/Novartis Greece political scandal and protected witnesses,Novartis Greece political scandal and protected witnesses,2,True,Greece/00-00-2019/Novartis Greece political scandal and protected witnesses/Media/01 - EN Novartis Greece Political Scandal And Protected Wi 6F49F2D263E9.svg | Greece/00-00-2019/Novartis Greece political scandal and protected witnesses/Media/02 - Bilingual Snapshot.svg
greece_2020_covid_lockdowns_policing_procurement_trust,Greece,2020,"Greece/00-00-2020/COVID lockdowns, policing, procurement, and trust in emergency rule","COVID lockdowns, policing, procurement, and trust in emergency rule",2,False,"Greece/00-00-2020/COVID lockdowns, policing, procurement, and trust in emergency rule/Media/01 - Cover Card.svg | Greece/00-00-2020/COVID lockdowns, policing, procurement, and trust in emergency rule/Media/02 - Proof Map.svg"
greece_2020_evros_border_crisis_and_information_war,Greece,2020,Greece/00-00-2020/Evros border crisis and information war,Evros border crisis and information war,2,False,Greece/00-00-2020/Evros border crisis and information war/Media/01 - Cover Card.svg | Greece/00-00-2020/Evros border crisis and information war/Media/02 - Proof Map.svg
greece_2020_petsas_list_media_funding_message_control,Greece,2020,"Greece/00-00-2020/GREECE Petsas List, Media Funding, and Message Control (2020-2026)","GREECE: Petsas List, Media Funding, and Message Control (2020-2026)",2,False,"Greece/00-00-2020/GREECE Petsas List, Media Funding, and Message Control (2020-2026)/Media/01 - EN Cover Card.svg | Greece/00-00-2020/GREECE Petsas List, Media Funding, and Message Control (2020-2026)/Media/02 - EN Petsas List Media Funding And Message Control Cove 066Ff652F705.svg"
greece_2020_pushbacks_border_rights,Greece,2020,"Greece/00-00-2020/Greece Pushbacks, Border Violations, and the Accountability Fight (2020-2026)","Greece: Pushbacks, Border Violations, and the Accountability Fight (2020-2026)",2,False,"Greece/00-00-2020/Greece Pushbacks, Border Violations, and the Accountability Fight (2020-2026)/Media/01 - EN Cover Card.svg | Greece/00-00-2020/Greece Pushbacks, Border Violations, and the Accountability Fight (2020-2026)/Media/02 - EL Cover Card.svg"
greece_2020_covid_sms_permits_lockdowns_certificates_permission_culture,Greece,2020,"Greece/00-00-2020/GREECE — COVID SMS PERMITS LOCKDOWNS, CERTIFICATES, AND PERMISSION CULTURE (2020–2023)","GREECE — COVID SMS PERMITS: LOCKDOWNS, CERTIFICATES, AND PERMISSION CULTURE (2020–2023)",4,False,"Greece/00-00-2020/GREECE — COVID SMS PERMITS LOCKDOWNS, CERTIFICATES, AND PERMISSION CULTURE (2020–2023)/Media/01 - EN Cover Card.png | Greece/00-00-2020/GREECE — COVID SMS PERMITS LOCKDOWNS, CERTIFICATES, AND PERMISSION CULTURE (2020–2023)/Media/02 - EN Cover Card.svg | Greece/00-00-2020/GREECE — COVID SMS PERMITS LOCKDOWNS, CERTIFICATES, AND PERMISSION CULTURE (2020–2023)/Media/03 - EL Cover Card.png | Greece/00-00-2020/GREECE — COVID SMS PERMITS LOCKDOWNS, CERTIFICATES, AND PERMISSION CULTURE (2020–2023)/Media/04 - EL Cover Card.svg"
greece_2020_greek_covid_fines_movement_forms_enforcement_class_permission_culture,Greece,2020,"Greece/00-00-2020/Greek COVID Fines and Movement Forms Enforcement, Class and Permission Culture","Greek COVID Fines and Movement Forms: Enforcement, Class and Permission Culture",2,False,"Greece/00-00-2020/Greek COVID Fines and Movement Forms Enforcement, Class and Permission Culture/Media/01 - EN Cover Card.svg | Greece/00-00-2020/Greek COVID Fines and Movement Forms Enforcement, Class and Permission Culture/Media/02 - EL Cover Card.svg"
greece_2020_pandemic_sms_permits_policing_normalization,Greece,2020,"Greece/00-00-2020/Greek pandemic SMS permits, policing, and normalization","Greek pandemic SMS permits, policing, and normalization",2,False,"Greece/00-00-2020/Greek pandemic SMS permits, policing, and normalization/Media/01 - EN Cover Card.svg | Greece/00-00-2020/Greek pandemic SMS permits, policing, and normalization/Media/02 - EN Proof Map.svg"
greece_2021_dimitris_lignadis_cultural_power_networks,Greece,2021,Greece/00-00-2021/Dimitris Lignadis case and cultural power networks,Dimitris Lignadis case and cultural power networks,2,True,Greece/00-00-2021/Dimitris Lignadis case and cultural power networks/Media/01 - EN Dimitris Lignadis Case And Cultural Power Networks 68B6A556C9Ca.svg | Greece/00-00-2021/Dimitris Lignadis case and cultural power networks/Media/02 - Bilingual Snapshot.svg
greece_2021_evia_wildfires_state_response_climate_failure_rural_abandonment,Greece,2021,"Greece/00-00-2021/Evia wildfires, state response, climate failure and rural abandonment (2021)","Evia wildfires, state response, climate failure and rural abandonment (2021)",2,False,"Greece/00-00-2021/Evia wildfires, state response, climate failure and rural abandonment (2021)/Media/01 - EN Cover Card.svg | Greece/00-00-2021/Evia wildfires, state response, climate failure and rural abandonment (2021)/Media/02 - EL Cover Card.svg"
greece_2021_giorgos_karaivaz_assassination_and_press_freedom_wound,Greece,2021,Greece/00-00-2021/Giorgos Karaivaz assassination and press-freedom wound,Giorgos Karaivaz assassination and press-freedom wound,2,False,Greece/00-00-2021/Giorgos Karaivaz assassination and press-freedom wound/Media/01 - Cover Card.svg | Greece/00-00-2021/Giorgos Karaivaz assassination and press-freedom wound/Media/02 - Proof Map.svg
greece_2021_closed_controlled_camps_asylum_control,Greece,2021,"Greece/00-00-2021/GREECE Closed Controlled Camps, Cash Assistance Interruptions, and the Hardening of Asyl","GREECE: Closed Controlled Camps, Cash Assistance Interruptions, and the Hardening of Asylum Control (2021-2026)",2,False,"Greece/00-00-2021/GREECE Closed Controlled Camps, Cash Assistance Interruptions, and the Hardening of Asyl/Media/01 - EN Cover Card.svg | Greece/00-00-2021/GREECE Closed Controlled Camps, Cash Assistance Interruptions, and the Hardening of Asyl/Media/02 - EL Cover Card.svg"
greece_2021_karaivaz_assassination_impunity,Greece,2021,"Greece/00-00-2021/GREECE GIORGOS KARAIVAZ, JOURNALIST MURDER, AND THE IMPUNITY PROBLEM (2021-2026)","GREECE: GIORGOS KARAIVAZ, JOURNALIST MURDER, AND THE IMPUNITY PROBLEM (2021-2026)",2,False,"Greece/00-00-2021/GREECE GIORGOS KARAIVAZ, JOURNALIST MURDER, AND THE IMPUNITY PROBLEM (2021-2026)/Media/01 - EN Cover Card.svg | Greece/00-00-2021/GREECE GIORGOS KARAIVAZ, JOURNALIST MURDER, AND THE IMPUNITY PROBLEM (2021-2026)/Media/02 - EL Cover Card.svg"
greece_2021_karaivaz_assassination_journalist_safety,Greece,2021,Greece/00-00-2021/Karaivaz assassination and journalist safety,Karaivaz assassination and journalist safety,2,True,Greece/00-00-2021/Karaivaz assassination and journalist safety/Media/01 - EN Cover Card.svg | Greece/00-00-2021/Karaivaz assassination and journalist safety/Media/02 - Bilingual Snapshot.svg
greece_2021_nea_smyrni_police_violence_protests_order_narratives,Greece,2021,"Greece/00-00-2021/Nea Smyrni police violence, protests and public-order narratives (2021)","Nea Smyrni police violence, protests and public-order narratives (2021)",2,False,"Greece/00-00-2021/Nea Smyrni police violence, protests and public-order narratives (2021)/Media/01 - EN Cover Card.svg | Greece/00-00-2021/Nea Smyrni police violence, protests and public-order narratives (2021)/Media/02 - EL Cover Card.svg"
greece_2021_nea_smyrni_police_violence_public_order_backlash,Greece,2021,"Greece/00-00-2021/Nea Smyrni police violence, public-order panic, and backlash","Nea Smyrni police violence, public-order panic, and backlash",2,False,"Greece/00-00-2021/Nea Smyrni police violence, public-order panic, and backlash/Media/01 - Cover Card.svg | Greece/00-00-2021/Nea Smyrni police violence, public-order panic, and backlash/Media/02 - Proof Map.svg"
greece_2021_novartis_scandal_political_judicial_battle,Greece,2021,Greece/00-00-2021/Novartis scandal political-judicial battle,Novartis scandal political-judicial battle,2,False,Greece/00-00-2021/Novartis scandal political-judicial battle/Media/01 - Cover Card.svg | Greece/00-00-2021/Novartis scandal political-judicial battle/Media/02 - Proof Map.svg
greece_2021_vaccination_certificates_in_greece_health_work_access_social_division,Greece,2021,"Greece/00-00-2021/Vaccination Certificates in Greece Public Health, Work Access and Social Division","Vaccination Certificates in Greece: Public Health, Work Access and Social Division",2,False,"Greece/00-00-2021/Vaccination Certificates in Greece Public Health, Work Access and Social Division/Media/01 - EN Cover Card.svg | Greece/00-00-2021/Vaccination Certificates in Greece Public Health, Work Access and Social Division/Media/02 - EL Cover Card.svg"
greece_2022_ark_world_charity_scandal_children_donations_oversight_failure,Greece,2022,"Greece/00-00-2022/Ark of the World Charity Scandal Children, Donations and Oversight Failure","Ark of the World Charity Scandal: Children, Donations and Oversight Failure",2,False,"Greece/00-00-2022/Ark of the World Charity Scandal Children, Donations and Oversight Failure/Media/01 - EN Cover Card.svg | Greece/00-00-2022/Ark of the World Charity Scandal Children, Donations and Oversight Failure/Media/02 - EL Cover Card.svg"
greece_2022_personal_number_biometric_ids_gov_wallet,Greece,2022,"Greece/00-00-2022/GREECE Personal Number, Biometric IDs, and the State Digital Layer (2022-2026)","GREECE: Personal Number, Biometric IDs, and the State Digital Layer (2022-2026)",2,False,"Greece/00-00-2022/GREECE Personal Number, Biometric IDs, and the State Digital Layer (2022-2026)/Media/01 - EN Cover Card.svg | Greece/00-00-2022/GREECE Personal Number, Biometric IDs, and the State Digital Layer (2022-2026)/Media/02 - EL Cover Card.svg"
greece_2022_surveillance_reforms_after_predator,Greece,2022,Greece/00-00-2022/Greece Surveillance Reforms After Predatorgate (2022-2026),Greece: Surveillance Reforms After Predatorgate (2022-2026),2,False,Greece/00-00-2022/Greece Surveillance Reforms After Predatorgate (2022-2026)/Media/01 - EN Cover Card.svg | Greece/00-00-2022/Greece Surveillance Reforms After Predatorgate (2022-2026)/Media/02 - EL Cover Card.svg
greece_2022_kolonos_abuse_case_child_protection_institutional_failure,Greece,2022,"Greece/00-00-2022/Kolonos abuse case, child protection, and institutional failure","Kolonos abuse case, child protection, and institutional failure",2,False,"Greece/00-00-2022/Kolonos abuse case, child protection, and institutional failure/Media/01 - Cover Card.svg | Greece/00-00-2022/Kolonos abuse case, child protection, and institutional failure/Media/02 - Proof Map.svg"
greece_2022_pispirigou_child_deaths_media_trial_problem,Greece,2022,Greece/00-00-2022/Pispirigou child deaths media trial problem,Pispirigou child deaths media trial problem,2,True,Greece/00-00-2022/Pispirigou child deaths media trial problem/Media/01 - EN Cover Card.svg | Greece/00-00-2022/Pispirigou child deaths media trial problem/Media/02 - Bilingual Snapshot.svg
greece_2022_predatorgate_institutional_reform_gap,Greece,2022,Greece/00-00-2022/Predatorgate institutional reform gap,Predatorgate institutional reform gap,2,True,Greece/00-00-2022/Predatorgate institutional reform gap/Media/01 - EN Cover Card.svg | Greece/00-00-2022/Predatorgate institutional reform gap/Media/02 - Bilingual Snapshot.svg
greece_2022_predatorgate_spyware_state,Greece,2022,Greece/00-00-2022/Predatorgate spyware and state trust,Predatorgate spyware and state trust,6,False,Greece/00-00-2022/Predatorgate spyware and state trust/Media/01 - EN Cover Card.svg | Greece/00-00-2022/Predatorgate spyware and state trust/Media/02 - EN Proof Map.svg | Greece/00-00-2022/Predatorgate spyware and state trust/Media/03 - EN Cover Card.png | Greece/00-00-2022/Predatorgate spyware and state trust/Media/04 - EN Cover Card.svg | Greece/00-00-2022/Predatorgate spyware and state trust/Media/05 - EL Cover Card.png | Greece/00-00-2022/Predatorgate spyware and state trust/Media/06 - EL Cover Card.svg
greece_2023_eavesdropping_adae_authority_pressure_rule_of_law,Greece,2023,"Greece/00-00-2023/ADAE pressure, surveillance oversight, and rule-of-law trust","ADAE pressure, surveillance oversight, and rule-of-law trust",2,False,"Greece/00-00-2023/ADAE pressure, surveillance oversight, and rule-of-law trust/Media/01 - Cover Card.svg | Greece/00-00-2023/ADAE pressure, surveillance oversight, and rule-of-law trust/Media/02 - Proof Map.svg"
greece_2023_evros_wildfire_border_blame_and_climate_failure,Greece,2023,"Greece/00-00-2023/Evros wildfire, border blame, and climate-governance failure","Evros wildfire, border blame, and climate-governance failure",2,False,"Greece/00-00-2023/Evros wildfire, border blame, and climate-governance failure/Media/01 - Cover Card.svg | Greece/00-00-2023/Evros wildfire, border blame, and climate-governance failure/Media/02 - Proof Map.svg"
greece_2023_15_minute_cities_smart_cities_control_fears,Greece,2023,Greece/00-00-2023/Greece 15 Minute Cities Smart Cities And Control Fears 2023 2026,Greece 15 Minute Cities Smart Cities And Control Fears 2023 2026,2,False,Greece/00-00-2023/Greece 15 Minute Cities Smart Cities And Control Fears 2023 2026/Media/01 - EN Cover Card.svg | Greece/00-00-2023/Greece 15 Minute Cities Smart Cities And Control Fears 2023 2026/Media/02 - EL Cover Card.svg
greece_2023_pylos_shipwreck_accountability,Greece,2023,"Greece/00-00-2023/Greece Pylos Shipwreck, Coast Guard Accountability, and the Investigation Fight (2023-20","Greece: Pylos Shipwreck, Coast Guard Accountability, and the Investigation Fight (2023-2026)",4,False,"Greece/00-00-2023/Greece Pylos Shipwreck, Coast Guard Accountability, and the Investigation Fight (2023-20/Media/01 - EN Cover Card.svg | Greece/00-00-2023/Greece Pylos Shipwreck, Coast Guard Accountability, and the Investigation Fight (2023-20/Media/02 - EL Cover Card.svg | Greece/00-00-2023/Greece Pylos Shipwreck, Coast Guard Accountability, and the Investigation Fight (2023-20/Media/03 - EN Cover Card.svg | Greece/00-00-2023/Greece Pylos Shipwreck, Coast Guard Accountability, and the Investigation Fight (2023-20/Media/04 - EL Cover Card.svg"
greece_2023_spartans_golden_dawn_bypass,Greece,2023,"Greece/00-00-2023/Greece Spartans, Kasidiaris, and the Attempted Post-Golden-Dawn Political Workaround (20","Greece: Spartans, Kasidiaris, and the Attempted Post-Golden-Dawn Political Workaround (2023-2025)",2,False,"Greece/00-00-2023/Greece Spartans, Kasidiaris, and the Attempted Post-Golden-Dawn Political Workaround (20/Media/01 - EN Cover Card.svg | Greece/00-00-2023/Greece Spartans, Kasidiaris, and the Attempted Post-Golden-Dawn Political Workaround (20/Media/02 - EL Cover Card.svg"
greece_2023_sports_violence_crime_networks_state_response,Greece,2023,"Greece/00-00-2023/GREECE SPORTS VIOLENCE, CRIMINAL NETWORKS, AND THE STATE RESPONSE (2023-2025)","GREECE: SPORTS VIOLENCE, CRIMINAL NETWORKS, AND THE STATE RESPONSE (2023-2025)",2,False,"Greece/00-00-2023/GREECE SPORTS VIOLENCE, CRIMINAL NETWORKS, AND THE STATE RESPONSE (2023-2025)/Media/01 - EN Cover Card.svg | Greece/00-00-2023/GREECE SPORTS VIOLENCE, CRIMINAL NETWORKS, AND THE STATE RESPONSE (2023-2025)/Media/02 - EL Cover Card.svg"
greece_2023_youth_violence_bullying_stabbings,Greece,2023,"Greece/00-00-2023/Greece youth violence, bullying, digital addiction, and the search for control tools (2023-2026)","GREECE: YOUTH VIOLENCE, BULLYING, DIGITAL ADDICTION, AND THE SEARCH FOR CONTROL TOOLS (2023-2026)",2,False,"Greece/00-00-2023/Greece youth violence, bullying, digital addiction, and the search for control tools (2023-2026)/Media/01 - EN Cover Card.svg | Greece/00-00-2023/Greece youth violence, bullying, digital addiction, and the search for control tools (2023-2026)/Media/02 - EL Cover Card.svg"
greece_2023_tempi_train_crash_safety_failures_accountability,Greece,2023,"Greece/00-00-2023/GREECE — TEMPI TRAIN CRASH, SAFETY FAILURES, AND ACCOUNTABILITY (2023–2026)","GREECE — TEMPI: TRAIN CRASH, SAFETY FAILURES, AND ACCOUNTABILITY (2023–2026)",4,False,"Greece/00-00-2023/GREECE — TEMPI TRAIN CRASH, SAFETY FAILURES, AND ACCOUNTABILITY (2023–2026)/Media/01 - EN Cover Card.png | Greece/00-00-2023/GREECE — TEMPI TRAIN CRASH, SAFETY FAILURES, AND ACCOUNTABILITY (2023–2026)/Media/02 - EN Cover Card.svg | Greece/00-00-2023/GREECE — TEMPI TRAIN CRASH, SAFETY FAILURES, AND ACCOUNTABILITY (2023–2026)/Media/03 - EL Cover Card.png | Greece/00-00-2023/GREECE — TEMPI TRAIN CRASH, SAFETY FAILURES, AND ACCOUNTABILITY (2023–2026)/Media/04 - EL Cover Card.svg"
greece_2023_nea_anchialos_ammunition_blasts_wildfires_military_storage_civil_prote,Greece,2023,"Greece/00-00-2023/Nea Anchialos Ammunition Blasts Wildfires, Military Storage and Civil Protection Failure","Nea Anchialos Ammunition Blasts: Wildfires, Military Storage and Civil Protection Failure",2,False,"Greece/00-00-2023/Nea Anchialos Ammunition Blasts Wildfires, Military Storage and Civil Protection Failure/Media/01 - EN Cover Card.svg | Greece/00-00-2023/Nea Anchialos Ammunition Blasts Wildfires, Military Storage and Civil Protection Failure/Media/02 - EL Cover Card.svg"
greece_2023_pylos_shipwreck_rescue_duty_evidence_gaps,Greece,2023,"Greece/00-00-2023/Pylos shipwreck, rescue duty, and evidence gaps — PROOF DOSSIER","Pylos shipwreck, rescue duty, and evidence gaps — PROOF DOSSIER",2,False,"Greece/00-00-2023/Pylos shipwreck, rescue duty, and evidence gaps — PROOF DOSSIER/Media/01 - EN Cover Card.svg | Greece/00-00-2023/Pylos shipwreck, rescue duty, and evidence gaps — PROOF DOSSIER/Media/02 - EN Proof Map.svg"
greece_2023_sports_fan_violence_organized_crime_networks,Greece,2023,Greece/00-00-2023/Sports fan violence and organized crime networks,Sports fan violence and organized crime networks,2,True,Greece/00-00-2023/Sports fan violence and organized crime networks/Media/01 - EN Sports Fan Violence And Organized Crime Networks C B4Ccc281B63A.svg | Greece/00-00-2023/Sports fan violence and organized crime networks/Media/02 - Bilingual Snapshot.svg
greece_2023_storm_daniel_thessaly_floods_infrastructure_collapse,Greece,2023,Greece/00-00-2023/Storm Daniel Thessaly floods and infrastructure collapse,Storm Daniel Thessaly floods and infrastructure collapse,2,True,Greece/00-00-2023/Storm Daniel Thessaly floods and infrastructure collapse/Media/01 - EN Storm Daniel Thessaly Floods And Infrastructure Co A8312597B431.svg | Greece/00-00-2023/Storm Daniel Thessaly floods and infrastructure collapse/Media/02 - Bilingual Snapshot.svg
greece_2023_storm_daniel_thessaly_floods_infrastructure_farming_accountability,Greece,2023,"Greece/00-00-2023/Storm Daniel, Thessaly floods, infrastructure, farming and accountability (2023-2026)","Storm Daniel, Thessaly floods, infrastructure, farming and accountability (2023-2026)",2,False,"Greece/00-00-2023/Storm Daniel, Thessaly floods, infrastructure, farming and accountability (2023-2026)/Media/01 - EN Cover Card.svg | Greece/00-00-2023/Storm Daniel, Thessaly floods, infrastructure, farming and accountability (2023-2026)/Media/02 - EL Cover Card.svg"
greece_2023_tempi_rail_crash_chain_of_neglected_safety_failures,Greece,2023,Greece/00-00-2023/Tempi rail crash chain of neglected safety failures,Tempi rail crash chain of neglected safety failures,2,False,Greece/00-00-2023/Tempi rail crash chain of neglected safety failures/Media/01 - Cover Card.svg | Greece/00-00-2023/Tempi rail crash chain of neglected safety failures/Media/02 - Proof Map.svg
greece_2023_tempi_rail_crash_system_failure_evidence_battle,Greece,2023,"Greece/00-00-2023/Tempi rail crash, system failure, and evidence battle — PROOF DOSSIER","Tempi rail crash, system failure, and evidence battle — PROOF DOSSIER",2,False,"Greece/00-00-2023/Tempi rail crash, system failure, and evidence battle — PROOF DOSSIER/Media/01 - EN Cover Card.svg | Greece/00-00-2023/Tempi rail crash, system failure, and evidence battle — PROOF DOSSIER/Media/02 - EN Proof Map.svg"
greece_2024_asimakopoulou_email_leak_diaspora_data,Greece,2024,Greece/00-00-2024/Asimakopoulou email leak and diaspora data,Asimakopoulou email leak and diaspora data,3,False,Greece/00-00-2024/Asimakopoulou email leak and diaspora data/Media/01 - EN Cover Card.svg | Greece/00-00-2024/Asimakopoulou email leak and diaspora data/Media/02 - EN Cover Card.svg | Greece/00-00-2024/Asimakopoulou email leak and diaspora data/Media/03 - EL Cover Card.svg
greece_2024_asimakopoulou_email_leak_data_protection_elections,Greece,2024,"Greece/00-00-2024/Asimakopoulou email leak, data protection, elections and trust (2024)","Asimakopoulou email leak, data protection, elections and trust (2024)",2,False,"Greece/00-00-2024/Asimakopoulou email leak, data protection, elections and trust (2024)/Media/01 - EN Cover Card.svg | Greece/00-00-2024/Asimakopoulou email leak, data protection, elections and trust (2024)/Media/02 - EL Cover Card.svg"
greece_2024_dystopian_trends,Greece,2024,Greece/00-00-2024/Greece Dystopian Trends 2024-2026,Greece Dystopian Trends: 2024-2026,2,False,Greece/00-00-2024/Greece Dystopian Trends 2024-2026/Media/01 - EN Cover Card.svg | Greece/00-00-2024/Greece Dystopian Trends 2024-2026/Media/02 - EL Cover Card.svg
greece_2024_police_corruption_abuse_ill_treatment,Greece,2024,"Greece/00-00-2024/GREECE POLICE CORRUPTION, ABUSE, AND ILL-TREATMENT WARNINGS (2024-2026)","GREECE: POLICE CORRUPTION, ABUSE, AND ILL-TREATMENT WARNINGS (2024-2026)",2,False,"Greece/00-00-2024/GREECE POLICE CORRUPTION, ABUSE, AND ILL-TREATMENT WARNINGS (2024-2026)/Media/01 - EN Cover Card.svg | Greece/00-00-2024/GREECE POLICE CORRUPTION, ABUSE, AND ILL-TREATMENT WARNINGS (2024-2026)/Media/02 - EL Cover Card.svg"
greece_2024_sector_bribery_permit_networks,Greece,2024,"Greece/00-00-2024/GREECE PUBLIC-SECTOR BRIBERY, PERMIT NETWORKS, AND THE PERSISTENCE OF CLIENTELISM (2024-","GREECE: PUBLIC-SECTOR BRIBERY, PERMIT NETWORKS, AND THE PERSISTENCE OF CLIENTELISM (2024-2026)",3,False,"Greece/00-00-2024/GREECE PUBLIC-SECTOR BRIBERY, PERMIT NETWORKS, AND THE PERSISTENCE OF CLIENTELISM (2024-/Media/01 - EN Cover Card.svg | Greece/00-00-2024/GREECE PUBLIC-SECTOR BRIBERY, PERMIT NETWORKS, AND THE PERSISTENCE OF CLIENTELISM (2024-/Media/02 - EL Cover Card.svg | Greece/00-00-2024/GREECE PUBLIC-SECTOR BRIBERY, PERMIT NETWORKS, AND THE PERSISTENCE OF CLIENTELISM (2024-/Media/03 - EN Cover Card.svg"
greece_2024_social_media_ban_child_control_digital_age_verification,Greece,2024,"Greece/00-00-2024/GREECE SOCIAL-MEDIA BAN FOR UNDER-15s, DIGITAL AGE CHECKS, AND THE CHILD-CONTROL DEBATE","GREECE: SOCIAL-MEDIA BAN FOR UNDER-15s, DIGITAL AGE CHECKS, AND THE CHILD-CONTROL DEBATE (2024-2027)",2,False,"Greece/00-00-2024/GREECE SOCIAL-MEDIA BAN FOR UNDER-15s, DIGITAL AGE CHECKS, AND THE CHILD-CONTROL DEBATE/Media/01 - EN Cover Card.svg | Greece/00-00-2024/GREECE SOCIAL-MEDIA BAN FOR UNDER-15s, DIGITAL AGE CHECKS, AND THE CHILD-CONTROL DEBATE/Media/02 - EL Cover Card.svg"
greece_2024_taxes_war_jobs,Greece,2024,"Greece/00-00-2024/Greece Taxes, War Spending, and Jobs 2024-2026","Greece Taxes, War Spending, and Jobs: 2024-2026",2,False,"Greece/00-00-2024/Greece Taxes, War Spending, and Jobs 2024-2026/Media/01 - EN Cover Card.svg | Greece/00-00-2024/Greece Taxes, War Spending, and Jobs 2024-2026/Media/02 - EL Cover Card.svg"
greece_2024_domestic_violence_femicides_police_response_institutional_failure,Greece,2024,"Greece/00-00-2024/Greece — Domestic violence, femicides, police response, and institutional failure (2024–","Greece — Domestic violence, femicides, police response, and institutional failure (2024–2026)",4,False,"Greece/00-00-2024/Greece — Domestic violence, femicides, police response, and institutional failure (2024–/Media/01 - EN Cover Card.svg | Greece/00-00-2024/Greece — Domestic violence, femicides, police response, and institutional failure (2024–/Media/02 - EN Cover Card.svg | Greece/00-00-2024/Greece — Domestic violence, femicides, police response, and institutional failure (2024–/Media/03 - EL Cover Card.svg | Greece/00-00-2024/Greece — Domestic violence, femicides, police response, and institutional failure (2024–/Media/04 - EL Cover Card.svg"
greece_2024_kyriaki_griva_murder_outside_police_station,Greece,2024,Greece/00-00-2024/Kyriaki Griva murder outside police station,Kyriaki Griva murder outside police station,3,False,Greece/00-00-2024/Kyriaki Griva murder outside police station/Media/01 - EN Cover Card.svg | Greece/00-00-2024/Kyriaki Griva murder outside police station/Media/02 - EN Cover Card.svg | Greece/00-00-2024/Kyriaki Griva murder outside police station/Media/03 - EL Cover Card.svg
greece_2024_kyriaki_griva_police_station_femicide_response_failure_institutional_s,Greece,2024,"Greece/00-00-2024/Kyriaki Griva, police-station femicide, response failure and institutional shock (2024)","Kyriaki Griva, police-station femicide, response failure and institutional shock (2024)",2,False,"Greece/00-00-2024/Kyriaki Griva, police-station femicide, response failure and institutional shock (2024)/Media/01 - EN Cover Card.svg | Greece/00-00-2024/Kyriaki Griva, police-station femicide, response failure and institutional shock (2024)/Media/02 - EL Cover Card.svg"
greece_2024_postal_vote_email_leak_data_protection_trust,Greece,2024,Greece/00-00-2024/Postal-vote email leak and electoral data-protection trust,Postal-vote email leak and electoral data-protection trust,2,False,Greece/00-00-2024/Postal-vote email leak and electoral data-protection trust/Media/01 - Cover Card.svg | Greece/00-00-2024/Postal-vote email leak and electoral data-protection trust/Media/02 - Proof Map.svg
greece_2025_echr_greece_pushback_rulings_border_accountability,Greece,2025,Greece/00-00-2025/ECHR Greece pushback rulings and border accountability,ECHR Greece pushback rulings and border accountability,2,False,Greece/00-00-2025/ECHR Greece pushback rulings and border accountability/Media/01 - EN Cover Card.svg | Greece/00-00-2025/ECHR Greece pushback rulings and border accountability/Media/02 - EN Proof Map.svg
greece_2025_digital_id_personal_number_kids_wallet_age_verification,Greece,2025,Greece/00-00-2025/Greece Digital Id Personal Number Kids Wallet And Age Verification 2022 2026,Greece Digital Id Personal Number Kids Wallet And Age Verification 2022 2026,2,False,Greece/00-00-2025/Greece Digital Id Personal Number Kids Wallet And Age Verification 2022 2026/Media/01 - EN Cover Card.svg | Greece/00-00-2025/Greece Digital Id Personal Number Kids Wallet And Age Verification 2022 2026/Media/02 - EL Cover Card.svg
greece_2025_kids_wallet_digital_age_verification_child_safety_id_infrastructure,Greece,2025,"Greece/00-00-2025/GREECE — KIDS WALLET DIGITAL AGE VERIFICATION, CHILD SAFETY, AND IDENTITY INFRASTRUCTURE","GREECE — KIDS WALLET: DIGITAL AGE VERIFICATION, CHILD SAFETY, AND IDENTITY INFRASTRUCTURE (2025–2026)",4,False,"Greece/00-00-2025/GREECE — KIDS WALLET DIGITAL AGE VERIFICATION, CHILD SAFETY, AND IDENTITY INFRASTRUCTURE/Media/01 - EN Cover Card.png | Greece/00-00-2025/GREECE — KIDS WALLET DIGITAL AGE VERIFICATION, CHILD SAFETY, AND IDENTITY INFRASTRUCTURE/Media/02 - EN Cover Card.svg | Greece/00-00-2025/GREECE — KIDS WALLET DIGITAL AGE VERIFICATION, CHILD SAFETY, AND IDENTITY INFRASTRUCTURE/Media/03 - EL Cover Card.png | Greece/00-00-2025/GREECE — KIDS WALLET DIGITAL AGE VERIFICATION, CHILD SAFETY, AND IDENTITY INFRASTRUCTURE/Media/04 - EL Cover Card.svg"
greece_2025_opekepe_second_wave_parliament_immunity_agricultural_subsidy_machine,Greece,2025,"Greece/00-00-2025/Greece — OPEKEPE second wave, parliamentary immunity, and the agricultural subsidy machi","Greece — OPEKEPE second wave, parliamentary immunity, and the agricultural subsidy machine (2025–2026)",4,False,"Greece/00-00-2025/Greece — OPEKEPE second wave, parliamentary immunity, and the agricultural subsidy machi/Media/01 - EN Cover Card.svg | Greece/00-00-2025/Greece — OPEKEPE second wave, parliamentary immunity, and the agricultural subsidy machi/Media/02 - EN Cover Card.svg | Greece/00-00-2025/Greece — OPEKEPE second wave, parliamentary immunity, and the agricultural subsidy machi/Media/03 - EL Cover Card.svg | Greece/00-00-2025/Greece — OPEKEPE second wave, parliamentary immunity, and the agricultural subsidy machi/Media/04 - EL Cover Card.svg"
greece_2025_hellenic_train_office_bombing_rage_rail_trauma_security_spiral,Greece,2025,"Greece/00-00-2025/Hellenic Train Office Bombing Public Rage, Rail Trauma and Security Spiral","Hellenic Train Office Bombing: Public Rage, Rail Trauma and Security Spiral",2,False,"Greece/00-00-2025/Hellenic Train Office Bombing Public Rage, Rail Trauma and Security Spiral/Media/01 - EN Cover Card.svg | Greece/00-00-2025/Hellenic Train Office Bombing Public Rage, Rail Trauma and Security Spiral/Media/02 - EL Cover Card.svg"
greece_2025_kids_wallet_digital_identity_child_protection_debate,Greece,2025,"Greece/00-00-2025/Kids Wallet, digital identity, and child-protection debate","Kids Wallet, digital identity, and child-protection debate",2,False,"Greece/00-00-2025/Kids Wallet, digital identity, and child-protection debate/Media/01 - EN Cover Card.svg | Greece/00-00-2025/Kids Wallet, digital identity, and child-protection debate/Media/02 - EN Proof Map.svg"
greece_2025_opekepe_agricultural_subsidy_fraud_escalation,Greece,2025,Greece/00-00-2025/OPEKEPE agricultural subsidy fraud escalation,OPEKEPE agricultural subsidy fraud escalation,2,False,Greece/00-00-2025/OPEKEPE agricultural subsidy fraud escalation/Media/01 - Cover Card.svg | Greece/00-00-2025/OPEKEPE agricultural subsidy fraud escalation/Media/02 - Proof Map.svg
greece_2025_opekepe_eu_subsidy_fraud_networks,Greece,2025,Greece/00-00-2025/OPEKEPE EU subsidy-fraud networks,OPEKEPE EU subsidy-fraud networks,2,False,Greece/00-00-2025/OPEKEPE EU subsidy-fraud networks/Media/01 - EN Cover Card.svg | Greece/00-00-2025/OPEKEPE EU subsidy-fraud networks/Media/02 - EN Proof Map.svg
greece_2025_opekepe_farmer_protests_subsidy_hole,Greece,2025,Greece/00-00-2025/OPEKEPE farmer protests and subsidy hole,OPEKEPE farmer protests and subsidy hole,2,True,Greece/00-00-2025/OPEKEPE farmer protests and subsidy hole/Media/01 - EN Cover Card.svg | Greece/00-00-2025/OPEKEPE farmer protests and subsidy hole/Media/02 - Bilingual Snapshot.svg
greece_2025_opekepe_resignations_eu_fine_subsidies_parliament_political_cost,Greece,2025,"Greece/00-00-2025/OPEKEPE Resignations and EU Fine Subsidies, Parliament and Political Cost","OPEKEPE Resignations and EU Fine: Subsidies, Parliament and Political Cost",2,False,"Greece/00-00-2025/OPEKEPE Resignations and EU Fine Subsidies, Parliament and Political Cost/Media/01 - EN Cover Card.svg | Greece/00-00-2025/OPEKEPE Resignations and EU Fine Subsidies, Parliament and Political Cost/Media/02 - EL Cover Card.svg"
greece_2025_personal_number_digital_id_anxiety_state_modernization,Greece,2025,Greece/00-00-2025/Personal Number digital ID anxiety and state modernization,Personal Number digital ID anxiety and state modernization,2,True,Greece/00-00-2025/Personal Number digital ID anxiety and state modernization/Media/01 - EN Personal Number Digital Id Anxiety And State Moder 7Af1A758E781.svg | Greece/00-00-2025/Personal Number digital ID anxiety and state modernization/Media/02 - Bilingual Snapshot.svg
greece_2026_children_social_media_age_bans_digital_parental_control,Greece,2026,Greece/00-00-2026/Greece Children Social Media Age Bans And Digital Parental Control 2024 2026,Greece Children Social Media Age Bans And Digital Parental Control 2024 2026,2,False,Greece/00-00-2026/Greece Children Social Media Age Bans And Digital Parental Control 2024 2026/Media/01 - EN Cover Card.svg | Greece/00-00-2026/Greece Children Social Media Age Bans And Digital Parental Control 2024 2026/Media/02 - EL Cover Card.svg
greece_2026_tempi_third_year_trial_memory_protest_accountability,Greece,2026,"Greece/00-00-2026/Greece — Tempi third year, trial memory, protest, and accountability (2026)","Greece — Tempi third year, trial memory, protest, and accountability (2026)",4,False,"Greece/00-00-2026/Greece — Tempi third year, trial memory, protest, and accountability (2026)/Media/01 - EN Cover Card.svg | Greece/00-00-2026/Greece — Tempi third year, trial memory, protest, and accountability (2026)/Media/02 - EN Cover Card.svg | Greece/00-00-2026/Greece — Tempi third year, trial memory, protest, and accountability (2026)/Media/03 - EL Cover Card.svg | Greece/00-00-2026/Greece — Tempi third year, trial memory, protest, and accountability (2026)/Media/04 - EL Cover Card.svg"
greece_2026_greek_social_media_age_gate_kids_wallet_debate_child_protection_or_dig,Greece,2026,Greece/00-00-2026/Greek Social Media Age Gate and Kids Wallet Debate Child Protection or Digital Gatekeepi,Greek Social Media Age Gate and Kids Wallet Debate: Child Protection or Digital Gatekeeping,2,False,Greece/00-00-2026/Greek Social Media Age Gate and Kids Wallet Debate Child Protection or Digital Gatekeepi/Media/01 - EN Cover Card.svg | Greece/00-00-2026/Greek Social Media Age Gate and Kids Wallet Debate Child Protection or Digital Gatekeepi/Media/02 - EL Cover Card.svg
greece_2026_opekepe_immunity_requests_parliamentary_accountability,Greece,2026,Greece/00-00-2026/OPEKEPE immunity requests and parliamentary accountability,OPEKEPE immunity requests and parliamentary accountability,2,False,Greece/00-00-2026/OPEKEPE immunity requests and parliamentary accountability/Media/01 - EN Cover Card.svg | Greece/00-00-2026/OPEKEPE immunity requests and parliamentary accountability/Media/02 - EN Proof Map.svg
greece_2026_tempi_trial_opening_350_witnesses_no_politicians_in_dock_accountabilit,Greece,2026,"Greece/00-00-2026/Tempi Trial Opening 350 Witnesses, No Politicians in Dock and Accountability Gap","Tempi Trial Opening: 350 Witnesses, No Politicians in Dock and Accountability Gap",3,False,"Greece/00-00-2026/Tempi Trial Opening 350 Witnesses, No Politicians in Dock and Accountability Gap/Media/01 - EN Cover Card.svg | Greece/00-00-2026/Tempi Trial Opening 350 Witnesses, No Politicians in Dock and Accountability Gap/Media/02 - EL Cover Card.svg | Greece/00-00-2026/Tempi Trial Opening 350 Witnesses, No Politicians in Dock and Accountability Gap/Media/03 - EN Cover Card.svg"
greece_2026_tempi_trial_opening_and_accountability_battle,Greece,2026,Greece/00-00-2026/Tempi trial opening and accountability battle,Tempi trial opening and accountability battle,2,False,Greece/00-00-2026/Tempi trial opening and accountability battle/Media/01 - Cover Card.svg | Greece/00-00-2026/Tempi trial opening and accountability battle/Media/02 - Proof Map.svg
usa_1830_trail_tears_forced_removal,USA,1830,USA/00-00-1830/Trail of Tears and federal forced-removal policy,Trail of Tears and federal forced-removal policy,2,False,USA/00-00-1830/Trail of Tears and federal forced-removal policy/Media/01 - EN Cover Card.svg | USA/00-00-1830/Trail of Tears and federal forced-removal policy/Media/02 - EN Proof Map.svg
usa_1879_indian_boarding_schools_assimilation_system,USA,1879,USA/00-00-1879/Indian boarding schools and forced assimilation,Indian boarding schools and forced assimilation,2,False,USA/00-00-1879/Indian boarding schools and forced assimilation/Media/01 - EN Cover Card.svg | USA/00-00-1879/Indian boarding schools and forced assimilation/Media/02 - EN Proof Map.svg
usa_1882_chinese_exclusion_act_identity_surveillance,USA,1882,USA/00-00-1882/Chinese Exclusion Act enforcement and identity surveillance,Chinese Exclusion Act enforcement and identity surveillance,2,False,USA/00-00-1882/Chinese Exclusion Act enforcement and identity surveillance/Media/01 - EN Cover Card.svg | USA/00-00-1882/Chinese Exclusion Act enforcement and identity surveillance/Media/02 - EN Proof Map.svg
usa_1890_wounded_knee_massacre,USA,1890,USA/00-00-1890/Wounded Knee Massacre,Wounded Knee Massacre,4,False,USA/00-00-1890/Wounded Knee Massacre/Media/01 - EN Cover Card.svg | USA/00-00-1890/Wounded Knee Massacre/Media/02 - EN Cover Card.svg | USA/00-00-1890/Wounded Knee Massacre/Media/03 - EN Cover Card.svg | USA/00-00-1890/Wounded Knee Massacre/Media/04 - EN Proof Map.svg
usa_1894_pullman_strike_federal_troops_labor_power,USA,1894,"USA/00-00-1894/Pullman Strike, federal troops, and corporate labor power","Pullman Strike, federal troops, and corporate labor power",2,False,"USA/00-00-1894/Pullman Strike, federal troops, and corporate labor power/Media/01 - Cover Card.svg | USA/00-00-1894/Pullman Strike, federal troops, and corporate labor power/Media/02 - Proof Map.svg"
usa_1898_uss_maine_explosion_and_war_fever,USA,1898,USA/00-00-1898/USS Maine explosion and war fever,USS Maine explosion and war fever,2,False,USA/00-00-1898/USS Maine explosion and war fever/Media/01 - Cover Card.svg | USA/00-00-1898/USS Maine explosion and war fever/Media/02 - Proof Map.svg
usa_1911_triangle_shirtwaist_fire_labor_safety_corruption,USA,1911,"USA/00-00-1911/Triangle Shirtwaist fire, locked exits, and labor-safety reform","Triangle Shirtwaist fire, locked exits, and labor-safety reform",2,False,"USA/00-00-1911/Triangle Shirtwaist fire, locked exits, and labor-safety reform/Media/01 - Cover Card.svg | USA/00-00-1911/Triangle Shirtwaist fire, locked exits, and labor-safety reform/Media/02 - Proof Map.svg"
usa_1914_ludlow_massacre_company_state_violence,USA,1914,USA/00-00-1914/Ludlow Massacre and company-state violence,Ludlow Massacre and company-state violence,2,False,USA/00-00-1914/Ludlow Massacre and company-state violence/Media/01 - EN Cover Card.svg | USA/00-00-1914/Ludlow Massacre and company-state violence/Media/02 - EN Ludlow Massacre And Company State Violence V21 Exp 715C58Bf1137.svg
usa_1914_ludlow_massacre_labor_power,USA,1914,USA/00-00-1914/Ludlow Massacre and private-public labor violence,Ludlow Massacre and private-public labor violence,2,False,USA/00-00-1914/Ludlow Massacre and private-public labor violence/Media/01 - EN Cover Card.svg | USA/00-00-1914/Ludlow Massacre and private-public labor violence/Media/02 - EN Proof Map.svg
usa_1917_psychological_operations_propaganda_opinion_control,USA,1917,USA/00-00-1917/Usa Psychological Operations Propaganda And Public Opinion Control 1917 2026,Usa Psychological Operations Propaganda And Public Opinion Control 1917 2026,2,False,USA/00-00-1917/Usa Psychological Operations Propaganda And Public Opinion Control 1917 2026/Media/01 - EN Cover Card.svg | USA/00-00-1917/Usa Psychological Operations Propaganda And Public Opinion Control 1917 2026/Media/02 - EL Cover Card.svg
usa_1918_sedition_act_war_speech_raids_free_expression,USA,1918,"USA/00-00-1918/Sedition Act, war speech, raids and the fear state (1918-1921)","Sedition Act, war speech, raids and the fear state (1918-1921)",2,False,"USA/00-00-1918/Sedition Act, war speech, raids and the fear state (1918-1921)/Media/01 - EN Cover Card.svg | USA/00-00-1918/Sedition Act, war speech, raids and the fear state (1918-1921)/Media/02 - EL Cover Card.svg"
usa_1919_palmer_raids_and_red_scare_policing,USA,1919,USA/00-00-1919/Palmer Raids and Red Scare policing,Palmer Raids and Red Scare policing,2,False,USA/00-00-1919/Palmer Raids and Red Scare policing/Media/01 - Cover Card.svg | USA/00-00-1919/Palmer Raids and Red Scare policing/Media/02 - Proof Map.svg
usa_1919_palmer_raids_first_red_scare,USA,1919,USA/00-00-1919/Palmer Raids and the first Red Scare,Palmer Raids and the first Red Scare,2,False,USA/00-00-1919/Palmer Raids and the first Red Scare/Media/01 - EN Cover Card.svg | USA/00-00-1919/Palmer Raids and the first Red Scare/Media/02 - EN Palmer Raids And The First Red Scare V21 Expanded E08C45C045B7.svg
usa_1919_red_summer_racial_violence_state_response,USA,1919,USA/00-00-1919/Red Summer racial violence and state response,Red Summer racial violence and state response,2,False,USA/00-00-1919/Red Summer racial violence and state response/Media/01 - Cover Card.svg | USA/00-00-1919/Red Summer racial violence and state response/Media/02 - Proof Map.svg
usa_1919_palmer_raids_red_scare_deportations_political_policing,USA,1919,"USA/00-00-1919/USA — Palmer Raids, the Red Scare, deportations, and political policing (1919–1920)","USA — Palmer Raids, the Red Scare, deportations, and political policing (1919–1920)",4,False,"USA/00-00-1919/USA — Palmer Raids, the Red Scare, deportations, and political policing (1919–1920)/Media/01 - EN Cover Card.svg | USA/00-00-1919/USA — Palmer Raids, the Red Scare, deportations, and political policing (1919–1920)/Media/02 - EN Cover Card.svg | USA/00-00-1919/USA — Palmer Raids, the Red Scare, deportations, and political policing (1919–1920)/Media/03 - EL Cover Card.svg | USA/00-00-1919/USA — Palmer Raids, the Red Scare, deportations, and political policing (1919–1920)/Media/04 - EL Cover Card.svg"
usa_1921_tulsa_race_massacre_destroyed_black_wealth,USA,1921,USA/00-00-1921/Tulsa Race Massacre and destroyed Black wealth,Tulsa Race Massacre and destroyed Black wealth,3,True,USA/00-00-1921/Tulsa Race Massacre and destroyed Black wealth/Media/01 - EN Tulsa Race Massacre And Destroyed Black Wealth Cov C68B76B216E1.svg | USA/00-00-1921/Tulsa Race Massacre and destroyed Black wealth/Media/02 - Bilingual Snapshot.svg | USA/00-00-1921/Tulsa Race Massacre and destroyed Black wealth/Media/03 - Event Image - National Guard and Wounded.jpg
usa_1921_tulsa_race_massacre_coverup_and_records,USA,1921,"USA/00-00-1921/Tulsa Race Massacre, destroyed wealth, and the long cover-up","Tulsa Race Massacre, destroyed wealth, and the long cover-up",3,False,"USA/00-00-1921/Tulsa Race Massacre, destroyed wealth, and the long cover-up/Media/01 - Cover Card.svg | USA/00-00-1921/Tulsa Race Massacre, destroyed wealth, and the long cover-up/Media/02 - Proof Map.svg | USA/00-00-1921/Tulsa Race Massacre, destroyed wealth, and the long cover-up/Media/03 - Event Image - National Guard and Wounded.jpg"
usa_1921_tulsa_race_massacre_destruction_insurance_denial,USA,1921,"USA/00-00-1921/Tulsa Race Massacre, destruction, and denial of compensation","Tulsa Race Massacre, destruction, and denial of compensation",3,False,"USA/00-00-1921/Tulsa Race Massacre, destruction, and denial of compensation/Media/01 - EN Cover Card.svg | USA/00-00-1921/Tulsa Race Massacre, destruction, and denial of compensation/Media/02 - EN Proof Map.svg | USA/00-00-1921/Tulsa Race Massacre, destruction, and denial of compensation/Media/03 - Event Image - National Guard and Wounded.jpg"
usa_1921_teapot_dome,USA,1921,USA/00-00-1921/USA Teapot Dome and the Oil-Lease Corruption Scandal (1921-1929),USA: Teapot Dome and the Oil-Lease Corruption Scandal (1921-1929),2,False,USA/00-00-1921/USA Teapot Dome and the Oil-Lease Corruption Scandal (1921-1929)/Media/01 - EN Cover Card.svg | USA/00-00-1921/USA Teapot Dome and the Oil-Lease Corruption Scandal (1921-1929)/Media/02 - EL Cover Card.svg
usa_1923_leaded_gasoline_health_delay,USA,1923,"USA/00-00-1923/LEADED GASOLINE, PUBLIC HEALTH DELAY, AND THE SLOW-FALL MODEL (1923-1996)","LEADED GASOLINE, PUBLIC HEALTH DELAY, AND THE SLOW-FALL MODEL (1923-1996)",2,False,"USA/00-00-1923/LEADED GASOLINE, PUBLIC HEALTH DELAY, AND THE SLOW-FALL MODEL (1923-1996)/Media/01 - EN Cover Card.svg | USA/00-00-1923/LEADED GASOLINE, PUBLIC HEALTH DELAY, AND THE SLOW-FALL MODEL (1923-1996)/Media/02 - EL Cover Card.svg"
usa_1924_teapot_dome_oil_corruption_memory,USA,1924,USA/00-00-1924/Usa Teapot Dome Image File Oil Corruption And Public Memory 1921 1929,Usa Teapot Dome Image File Oil Corruption And Public Memory 1921 1929,3,False,USA/00-00-1924/Usa Teapot Dome Image File Oil Corruption And Public Memory 1921 1929/Media/01 - EN Image.jpg | USA/00-00-1924/Usa Teapot Dome Image File Oil Corruption And Public Memory 1921 1929/Media/02 - EN Cover Card.svg | USA/00-00-1924/Usa Teapot Dome Image File Oil Corruption And Public Memory 1921 1929/Media/03 - EL Cover Card.svg
usa_1927_buck_v_bell_forced_sterilization_eugenics_law,USA,1927,"USA/00-00-1927/Buck v. Bell, forced sterilization and the respectable face of eugenics (1927-1970s)","Buck v. Bell, forced sterilization and the respectable face of eugenics (1927-1970s)",2,False,"USA/00-00-1927/Buck v. Bell, forced sterilization and the respectable face of eugenics (1927-1970s)/Media/01 - EN Cover Card.svg | USA/00-00-1927/Buck v. Bell, forced sterilization and the respectable face of eugenics (1927-1970s)/Media/02 - EL Cover Card.svg"
usa_1932_bonus_army_eviction_2,USA,1932,USA/00-00-1932/Bonus Army eviction,Bonus Army eviction,2,False,USA/00-00-1932/Bonus Army eviction/Media/01 - Cover Card.svg | USA/00-00-1932/Bonus Army eviction/Media/02 - Proof Map.svg
usa_1932_tuskegee_syphilis_study_health_race_consent_delayed_accountability,USA,1932,"USA/00-00-1932/Tuskegee Syphilis Study Public Health, Race, Consent and Delayed Accountability","Tuskegee Syphilis Study: Public Health, Race, Consent and Delayed Accountability",2,False,"USA/00-00-1932/Tuskegee Syphilis Study Public Health, Race, Consent and Delayed Accountability/Media/01 - EN Cover Card.svg | USA/00-00-1932/Tuskegee Syphilis Study Public Health, Race, Consent and Delayed Accountability/Media/02 - EL Cover Card.svg"
usa_1932_tuskegee_syphilis_study_medical_racism,USA,1932,"USA/00-00-1932/Tuskegee syphilis study, medical racism, and informed-consent betrayal","Tuskegee syphilis study, medical racism, and informed-consent betrayal",2,False,"USA/00-00-1932/Tuskegee syphilis study, medical racism, and informed-consent betrayal/Media/01 - Cover Card.svg | USA/00-00-1932/Tuskegee syphilis study, medical racism, and informed-consent betrayal/Media/02 - Proof Map.svg"
usa_1932_tuskegee_1932_1997,USA,1932,USA/00-00-1932/USA Tuskegee Syphilis Study — Unethical Human Experimentation Hidden Behind Public Healt,USA: Tuskegee Syphilis Study — Unethical Human Experimentation Hidden Behind Public Health Language (1932-1997),3,False,USA/00-00-1932/USA Tuskegee Syphilis Study — Unethical Human Experimentation Hidden Behind Public Healt/Media/01 - EN Image.jpg | USA/00-00-1932/USA Tuskegee Syphilis Study — Unethical Human Experimentation Hidden Behind Public Healt/Media/02 - EN Cover Card.svg | USA/00-00-1932/USA Tuskegee Syphilis Study — Unethical Human Experimentation Hidden Behind Public Healt/Media/03 - EL Cover Card.svg
usa_1932_tuskegee_syphilis_study_consent_race_medical_betrayal,USA,1932,"USA/00-00-1932/USA — Tuskegee syphilis study, consent, race, and medical betrayal (1932–1972)","USA — Tuskegee syphilis study, consent, race, and medical betrayal (1932–1972)",4,False,"USA/00-00-1932/USA — Tuskegee syphilis study, consent, race, and medical betrayal (1932–1972)/Media/01 - EN Cover Card.svg | USA/00-00-1932/USA — Tuskegee syphilis study, consent, race, and medical betrayal (1932–1972)/Media/02 - EN Cover Card.svg | USA/00-00-1932/USA — Tuskegee syphilis study, consent, race, and medical betrayal (1932–1972)/Media/03 - EL Cover Card.svg | USA/00-00-1932/USA — Tuskegee syphilis study, consent, race, and medical betrayal (1932–1972)/Media/04 - EL Cover Card.svg"
usa_1933_business_plot_allegations_veterans_wall_street_panic_fragility_democra,USA,1933,"USA/00-00-1933/Business Plot Allegations Veterans, Wall Street Panic and the Fragility of Democracy","Business Plot Allegations: Veterans, Wall Street Panic and the Fragility of Democracy",2,False,"USA/00-00-1933/Business Plot Allegations Veterans, Wall Street Panic and the Fragility of Democracy/Media/01 - EN Cover Card.svg | USA/00-00-1933/Business Plot Allegations Veterans, Wall Street Panic and the Fragility of Democracy/Media/02 - EL Cover Card.svg"
usa_1933_business_plot_allegations_congressional_testimony_elite_panic,USA,1933,"USA/00-00-1933/Business Plot allegations, congressional testimony and elite panic (1933-1935)","Business Plot allegations, congressional testimony and elite panic (1933-1935)",2,False,"USA/00-00-1933/Business Plot allegations, congressional testimony and elite panic (1933-1935)/Media/01 - EN Cover Card.svg | USA/00-00-1933/Business Plot allegations, congressional testimony and elite panic (1933-1935)/Media/02 - EL Cover Card.svg"
usa_1940_japanese_american_internment_census_breach,USA,1940,"USA/00-00-1940/USA Japanese American Internment, Census Confidentiality Breach, and the Logic of Wartim","USA: Japanese American Internment, Census Confidentiality Breach, and the Logic of Wartime Control (1940-2025)",2,False,"USA/00-00-1940/USA Japanese American Internment, Census Confidentiality Breach, and the Logic of Wartim/Media/01 - EN Cover Card.svg | USA/00-00-1940/USA Japanese American Internment, Census Confidentiality Breach, and the Logic of Wartim/Media/02 - EL Cover Card.svg"
usa_1942_japanese_american_internment,USA,1942,USA/00-00-1942/Japanese American internment,Japanese American internment,4,False,USA/00-00-1942/Japanese American internment/Media/01 - EN Cover Card.svg | USA/00-00-1942/Japanese American internment/Media/02 - EN Cover Card.svg | USA/00-00-1942/Japanese American internment/Media/03 - EN Proof Map.svg | USA/00-00-1942/Japanese American internment/Media/04 - EN Cover Card.svg
usa_1942_japanese_american_internment_wartime_racism,USA,1942,"USA/00-00-1942/Japanese American internment, wartime racism, and constitutional failure","Japanese American internment, wartime racism, and constitutional failure",2,False,"USA/00-00-1942/Japanese American internment, wartime racism, and constitutional failure/Media/01 - Cover Card.svg | USA/00-00-1942/Japanese American internment, wartime racism, and constitutional failure/Media/02 - Proof Map.svg"
usa_1943_zoot_suit_riots_policing_media_panic_racialized_youth_violence,USA,1943,"USA/00-00-1943/Zoot Suit Riots Policing, Media Panic and Racialized Youth Violence","Zoot Suit Riots: Policing, Media Panic and Racialized Youth Violence",2,False,"USA/00-00-1943/Zoot Suit Riots Policing, Media Panic and Racialized Youth Violence/Media/01 - EN Cover Card.svg | USA/00-00-1943/Zoot Suit Riots Policing, Media Panic and Racialized Youth Violence/Media/02 - EL Cover Card.svg"
usa_1944_port_chicago_disaster_black_sailors_mutiny_trial,USA,1944,"USA/00-00-1944/Port Chicago disaster, Black sailors, and mutiny trials","Port Chicago disaster, Black sailors, and mutiny trials",2,False,"USA/00-00-1944/Port Chicago disaster, Black sailors, and mutiny trials/Media/01 - Cover Card.svg | USA/00-00-1944/Port Chicago disaster, Black sailors, and mutiny trials/Media/02 - Proof Map.svg"
usa_1944_human_radiation_experiments,USA,1944,USA/00-00-1944/USA Human Radiation Experiments — Official Review of Cold War-Era Government-Sponsored T,USA: Human Radiation Experiments — Official Review of Cold War-Era Government-Sponsored Testing (1944-1995),2,False,USA/00-00-1944/USA Human Radiation Experiments — Official Review of Cold War-Era Government-Sponsored T/Media/01 - EN Cover Card.svg | USA/00-00-1944/USA Human Radiation Experiments — Official Review of Cold War-Era Government-Sponsored T/Media/02 - EL Cover Card.svg
usa_1945_downwinders_nuclear_testing_compensation,USA,1945,"USA/00-00-1945/DOWNWINDERS, NUCLEAR TESTING, FALLOUT, AND COMPENSATION (1945-2026)","DOWNWINDERS, NUCLEAR TESTING, FALLOUT, AND COMPENSATION (1945-2026)",2,False,"USA/00-00-1945/DOWNWINDERS, NUCLEAR TESTING, FALLOUT, AND COMPENSATION (1945-2026)/Media/01 - EN Cover Card.svg | USA/00-00-1945/DOWNWINDERS, NUCLEAR TESTING, FALLOUT, AND COMPENSATION (1945-2026)/Media/02 - EL Cover Card.svg"
usa_1945_nsa_shamrock_minaret,USA,1945,USA/00-00-1945/USA NSA's SHAMROCK and MINARET Watch-List Surveillance (1945-1975),USA: NSA's SHAMROCK and MINARET Watch-List Surveillance (1945-1975),2,False,USA/00-00-1945/USA NSA's SHAMROCK and MINARET Watch-List Surveillance (1945-1975)/Media/01 - EN Cover Card.svg | USA/00-00-1945/USA NSA's SHAMROCK and MINARET Watch-List Surveillance (1945-1975)/Media/02 - EL Cover Card.svg
usa_1945_operation_paperclip,USA,1945,USA/00-00-1945/USA Operation Paperclip and the recruitment of former Nazi-linked scientists (1945-1955),USA: Operation Paperclip and the recruitment of former Nazi-linked scientists (1945-1955),4,False,USA/00-00-1945/USA Operation Paperclip and the recruitment of former Nazi-linked scientists (1945-1955)/Media/01 - EN Cover Card.svg | USA/00-00-1945/USA Operation Paperclip and the recruitment of former Nazi-linked scientists (1945-1955)/Media/02 - EL Cover Card.svg | USA/00-00-1945/USA Operation Paperclip and the recruitment of former Nazi-linked scientists (1945-1955)/Media/03 - EN Operation Paperclip And Imported Nazi Expertise Co 407Df440F069.svg | USA/00-00-1945/USA Operation Paperclip and the recruitment of former Nazi-linked scientists (1945-1955)/Media/04 - EN Operation Paperclip And Imported Nazi Expertise V2 407Df440F069.svg
usa_1945_project_sunshine_body_parts_nuclear_fallout_consent,USA,1945,"USA/00-00-1945/USA — Project Sunshine, body parts, nuclear fallout, and consent (1945–1973)","USA — Project Sunshine, body parts, nuclear fallout, and consent (1945–1973)",4,False,"USA/00-00-1945/USA — Project Sunshine, body parts, nuclear fallout, and consent (1945–1973)/Media/01 - EN Cover Card.svg | USA/00-00-1945/USA — Project Sunshine, body parts, nuclear fallout, and consent (1945–1973)/Media/02 - EN Cover Card.svg | USA/00-00-1945/USA — Project Sunshine, body parts, nuclear fallout, and consent (1945–1973)/Media/03 - EL Cover Card.svg | USA/00-00-1945/USA — Project Sunshine, body parts, nuclear fallout, and consent (1945–1973)/Media/04 - EL Cover Card.svg"
usa_1946_guatemala_syphilis_experiments_us_health,USA,1946,USA/00-00-1946/Guatemala syphilis experiments by U.S. public-health researchers,Guatemala syphilis experiments by U.S. public-health researchers,2,False,USA/00-00-1946/Guatemala syphilis experiments by U.S. public-health researchers/Media/01 - EN Cover Card.svg | USA/00-00-1946/Guatemala syphilis experiments by U.S. public-health researchers/Media/02 - EN Proof Map.svg
usa_1946_weather_modification_geoengineering,USA,1946,USA/00-00-1946/USA Weather Modification and Geoengineering Debate (1946-2026),USA: Weather Modification and Geoengineering Debate (1946-2026),2,False,USA/00-00-1946/USA Weather Modification and Geoengineering Debate (1946-2026)/Media/01 - EN Cover Card.svg | USA/00-00-1946/USA Weather Modification and Geoengineering Debate (1946-2026)/Media/02 - EL Cover Card.svg
usa_1947_hollywood_blacklist_huac_loyalty_panic,USA,1947,"USA/00-00-1947/Hollywood blacklist, HUAC hearings, and loyalty panic","Hollywood blacklist, HUAC hearings, and loyalty panic",2,False,"USA/00-00-1947/Hollywood blacklist, HUAC hearings, and loyalty panic/Media/01 - Cover Card.svg | USA/00-00-1947/Hollywood blacklist, HUAC hearings, and loyalty panic/Media/02 - Proof Map.svg"
usa_1947_ufo_secrecy_supernatural_claims,USA,1947,USA/00-00-1947/Usa Ufo Secrecy Supernatural Claims And Public Trust 1947 2026,Usa Ufo Secrecy Supernatural Claims And Public Trust 1947 2026,2,False,USA/00-00-1947/Usa Ufo Secrecy Supernatural Claims And Public Trust 1947 2026/Media/01 - EN Cover Card.svg | USA/00-00-1947/Usa Ufo Secrecy Supernatural Claims And Public Trust 1947 2026/Media/02 - EL Cover Card.svg
usa_1947_project_blue_book_uap_archives_aliens,USA,1947,"USA/00-00-1947/USA — PROJECT BLUE BOOK AND UAP ARCHIVES, ALIENS, AND PUBLIC TRUST (1947–2026)","USA — PROJECT BLUE BOOK AND UAP: ARCHIVES, ALIENS, AND PUBLIC TRUST (1947–2026)",4,False,"USA/00-00-1947/USA — PROJECT BLUE BOOK AND UAP ARCHIVES, ALIENS, AND PUBLIC TRUST (1947–2026)/Media/01 - EN Cover Card.png | USA/00-00-1947/USA — PROJECT BLUE BOOK AND UAP ARCHIVES, ALIENS, AND PUBLIC TRUST (1947–2026)/Media/02 - EN Cover Card.svg | USA/00-00-1947/USA — PROJECT BLUE BOOK AND UAP ARCHIVES, ALIENS, AND PUBLIC TRUST (1947–2026)/Media/03 - EL Cover Card.png | USA/00-00-1947/USA — PROJECT BLUE BOOK AND UAP ARCHIVES, ALIENS, AND PUBLIC TRUST (1947–2026)/Media/04 - EL Cover Card.svg"
usa_1948_cia_journalists_media_influence,USA,1948,"USA/00-00-1948/USA CIA, Journalists, and Media Influence Networks (1948-1977)","USA: CIA, Journalists, and Media Influence Networks (1948-1977)",2,False,"USA/00-00-1948/USA CIA, Journalists, and Media Influence Networks (1948-1977)/Media/01 - EN Cover Card.svg | USA/00-00-1948/USA CIA, Journalists, and Media Influence Networks (1948-1977)/Media/02 - EL Cover Card.svg"
usa_1949_open_air_biological_tests,USA,1949,USA/00-00-1949/USA Open-air biological tests on unwarned populations (1949-1969),USA: Open-air biological tests on unwarned populations (1949-1969),2,False,USA/00-00-1949/USA Open-air biological tests on unwarned populations (1949-1969)/Media/01 - EN Cover Card.svg | USA/00-00-1949/USA Open-air biological tests on unwarned populations (1949-1969)/Media/02 - EL Cover Card.svg
usa_1950_lavender_scare_security_purge_civil_service,USA,1950,"USA/00-00-1950/Lavender Scare, security purges, and civil-service fear","Lavender Scare, security purges, and civil-service fear",2,False,"USA/00-00-1950/Lavender Scare, security purges, and civil-service fear/Media/01 - Cover Card.svg | USA/00-00-1950/Lavender Scare, security purges, and civil-service fear/Media/02 - Proof Map.svg"
usa_1950_operation_mockingbird_media_influence_allegations,USA,1950,USA/00-00-1950/Operation Mockingbird media influence allegations,Operation Mockingbird media influence allegations,2,True,USA/00-00-1950/Operation Mockingbird media influence allegations/Media/01 - EN Operation Mockingbird Media Influence Allegations Db91597107C3.svg | USA/00-00-1950/Operation Mockingbird media influence allegations/Media/02 - Bilingual Snapshot.svg
usa_1950_project_bluebird_artichoke_interrogation_research_secret_consent_failu,USA,1950,"USA/00-00-1950/Project BLUEBIRD ARTICHOKE, interrogation research and consent failure (1950-1953)","Project BLUEBIRD/ARTICHOKE, interrogation research and consent failure (1950-1953)",2,False,"USA/00-00-1950/Project BLUEBIRD ARTICHOKE, interrogation research and consent failure (1950-1953)/Media/01 - EN Cover Card.svg | USA/00-00-1950/Project BLUEBIRD ARTICHOKE, interrogation research and consent failure (1950-1953)/Media/02 - EL Cover Card.svg"
usa_1950_big_tobacco_rico_decades_deception,USA,1950,"USA/00-00-1950/USA Big Tobacco, RICO, and Decades of Deception (1950-2026)","USA: Big Tobacco, RICO, and Decades of Deception (1950-2026)",2,False,"USA/00-00-1950/USA Big Tobacco, RICO, and Decades of Deception (1950-2026)/Media/01 - EN Cover Card.svg | USA/00-00-1950/USA Big Tobacco, RICO, and Decades of Deception (1950-2026)/Media/02 - EL Cover Card.svg"
usa_1951_project_artichoke_interrogation_research,USA,1951,USA/00-00-1951/Project ARTICHOKE and interrogation research,Project ARTICHOKE and interrogation research,2,False,USA/00-00-1951/Project ARTICHOKE and interrogation research/Media/01 - EN Cover Card.svg | USA/00-00-1951/Project ARTICHOKE and interrogation research/Media/02 - EN Proof Map.svg
usa_1952_operation_chaos_htlingual,USA,1952,USA/00-00-1952/USA Operation CHAOS and HTLINGUAL (1952-1974),USA: Operation CHAOS and HTLINGUAL (1952-1974),2,False,USA/00-00-1952/USA Operation CHAOS and HTLINGUAL (1952-1974)/Media/01 - EN Cover Card.svg | USA/00-00-1952/USA Operation CHAOS and HTLINGUAL (1952-1974)/Media/02 - EL Cover Card.svg
usa_1952_guatemala_pbsuccess,USA,1952,USA/00-00-1952/USA Operation PBSUCCESS — CIA-Backed Coup in Guatemala (1952-1954),USA: Operation PBSUCCESS — CIA-Backed Coup in Guatemala (1952-1954),2,False,USA/00-00-1952/USA Operation PBSUCCESS — CIA-Backed Coup in Guatemala (1952-1954)/Media/01 - EN Cover Card.svg | USA/00-00-1952/USA Operation PBSUCCESS — CIA-Backed Coup in Guatemala (1952-1954)/Media/02 - EL Cover Card.svg
usa_1953_cia_iran_coup_blowback,USA,1953,USA/00-00-1953/CIA Iran coup blowback file,CIA Iran coup blowback file,2,True,USA/00-00-1953/CIA Iran coup blowback file/Media/01 - EN Cover Card.svg | USA/00-00-1953/CIA Iran coup blowback file/Media/02 - Bilingual Snapshot.svg
usa_1953_cia_project_artichoke_behavioral_control_files,USA,1953,USA/00-00-1953/CIA Project ARTICHOKE behavioral control files,CIA Project ARTICHOKE behavioral control files,2,False,USA/00-00-1953/CIA Project ARTICHOKE behavioral control files/Media/01 - Cover Card.svg | USA/00-00-1953/CIA Project ARTICHOKE behavioral control files/Media/02 - Proof Map.svg
usa_1953_iran_coup_cia_oil_democracy_blowback,USA,1953,"USA/00-00-1953/Iran coup, CIA oil politics, democracy loss, and blowback","Iran coup, CIA oil politics, democracy loss, and blowback",2,False,"USA/00-00-1953/Iran coup, CIA oil politics, democracy loss, and blowback/Media/01 - Cover Card.svg | USA/00-00-1953/Iran coup, CIA oil politics, democracy loss, and blowback/Media/02 - Proof Map.svg"
usa_1953_operation_ajax_iran_cia_mi6_coup,USA,1953,USA/00-00-1953/Operation AJAX and the 1953 Iran coup,Operation AJAX and the 1953 Iran coup,2,False,USA/00-00-1953/Operation AJAX and the 1953 Iran coup/Media/01 - EN Cover Card.svg | USA/00-00-1953/Operation AJAX and the 1953 Iran coup/Media/02 - EN Proof Map.svg
usa_1953_camp_lejeune_contamination_coverup,USA,1953,USA/00-00-1953/USA Camp Lejeune Water Contamination and Cover-Up Allegations (1953-2024),USA: Camp Lejeune Water Contamination and Cover-Up Allegations (1953-2024),2,False,USA/00-00-1953/USA Camp Lejeune Water Contamination and Cover-Up Allegations (1953-2024)/Media/01 - EN Cover Card.svg | USA/00-00-1953/USA Camp Lejeune Water Contamination and Cover-Up Allegations (1953-2024)/Media/02 - EL Cover Card.svg
usa_1953_mkultra_secret_science_consent_mind_control,USA,1953,"USA/00-00-1953/USA — MKULTRA SECRET SCIENCE, CONSENT, AND MIND-CONTROL RESEARCH (1953–1977)","USA — MKULTRA: SECRET SCIENCE, CONSENT, AND MIND-CONTROL RESEARCH (1953–1977)",4,False,"USA/00-00-1953/USA — MKULTRA SECRET SCIENCE, CONSENT, AND MIND-CONTROL RESEARCH (1953–1977)/Media/01 - EN Cover Card.png | USA/00-00-1953/USA — MKULTRA SECRET SCIENCE, CONSENT, AND MIND-CONTROL RESEARCH (1953–1977)/Media/02 - EN Cover Card.svg | USA/00-00-1953/USA — MKULTRA SECRET SCIENCE, CONSENT, AND MIND-CONTROL RESEARCH (1953–1977)/Media/03 - EL Cover Card.png | USA/00-00-1953/USA — MKULTRA SECRET SCIENCE, CONSENT, AND MIND-CONTROL RESEARCH (1953–1977)/Media/04 - EL Cover Card.svg"
usa_1954_guatemala_coup_united_fruit_interests,USA,1954,USA/00-00-1954/Guatemala coup and United Fruit interests,Guatemala coup and United Fruit interests,2,False,USA/00-00-1954/Guatemala coup and United Fruit interests/Media/01 - EN Cover Card.svg | USA/00-00-1954/Guatemala coup and United Fruit interests/Media/02 - EN Guatemala Coup And United Fruit Interests V21 Expa 4501Dc5Ac35D.svg
usa_1954_operation_wetback_deportation_campaign_civil_rights,USA,1954,"USA/00-00-1954/Operation Wetback, mass deportation, and civil-rights memory","Operation Wetback, mass deportation, and civil-rights memory",2,False,"USA/00-00-1954/Operation Wetback, mass deportation, and civil-rights memory/Media/01 - Cover Card.svg | USA/00-00-1954/Operation Wetback, mass deportation, and civil-rights memory/Media/02 - Proof Map.svg"
usa_1955_operation_midnight_climax_safehouses_drugs_nonconsensual_experiments,USA,1955,"USA/00-00-1955/Operation Midnight Climax, safehouses, drugs and non-consensual experiments (1955-1965)","Operation Midnight Climax, safehouses, drugs and non-consensual experiments (1955-1965)",2,False,"USA/00-00-1955/Operation Midnight Climax, safehouses, drugs and non-consensual experiments (1955-1965)/Media/01 - EN Cover Card.svg | USA/00-00-1955/Operation Midnight Climax, safehouses, drugs and non-consensual experiments (1955-1965)/Media/02 - EL Cover Card.svg"
usa_1956_cointelpro_roots_domestic_disruption_logic,USA,1956,USA/00-00-1956/COINTELPRO roots and domestic disruption logic,COINTELPRO roots and domestic disruption logic,2,True,USA/00-00-1956/COINTELPRO roots and domestic disruption logic/Media/01 - EN Cointelpro Roots And Domestic Disruption Logic Cov 1Cab8Da6544C.svg | USA/00-00-1956/COINTELPRO roots and domestic disruption logic/Media/02 - Bilingual Snapshot.svg
usa_1956_cointelpro_1956_1971,USA,1956,USA/00-00-1956/USA COINTELPRO and Political Disruption by the FBI (1956-1971),USA: COINTELPRO and Political Disruption by the FBI (1956-1971),2,False,USA/00-00-1956/USA COINTELPRO and Political Disruption by the FBI (1956-1971)/Media/01 - EN Cover Card.svg | USA/00-00-1956/USA COINTELPRO and Political Disruption by the FBI (1956-1971)/Media/02 - EL Cover Card.svg
usa_1960_cia_assassination_plots_mafia,USA,1960,USA/00-00-1960/USA CIA assassination plots and Mafia overlap (1960-1975),USA: CIA assassination plots and Mafia overlap (1960-1975),2,False,USA/00-00-1960/USA CIA assassination plots and Mafia overlap (1960-1975)/Media/01 - EN Cover Card.svg | USA/00-00-1960/USA CIA assassination plots and Mafia overlap (1960-1975)/Media/02 - EL Cover Card.svg
usa_1961_bay_of_pigs_covert_failure_plausible_denial,USA,1961,"USA/00-00-1961/Bay of Pigs invasion, covert failure, and plausible deniability","Bay of Pigs invasion, covert failure, and plausible deniability",2,False,"USA/00-00-1961/Bay of Pigs invasion, covert failure, and plausible deniability/Media/01 - Cover Card.svg | USA/00-00-1961/Bay of Pigs invasion, covert failure, and plausible deniability/Media/02 - Proof Map.svg"
usa_1961_agent_orange_dioxin_delayed_recognition,USA,1961,"USA/00-00-1961/USA Agent Orange, Dioxin, and Delayed Recognition (1961-2026)","USA: Agent Orange, Dioxin, and Delayed Recognition (1961-2026)",2,False,"USA/00-00-1961/USA Agent Orange, Dioxin, and Delayed Recognition (1961-2026)/Media/01 - EN Cover Card.svg | USA/00-00-1961/USA Agent Orange, Dioxin, and Delayed Recognition (1961-2026)/Media/02 - EL Cover Card.svg"
usa_1962_operation_northwoods,USA,1962,USA/00-00-1962/USA Operation Northwoods (1962),USA: Operation Northwoods (1962),4,False,USA/00-00-1962/USA Operation Northwoods (1962)/Media/01 - EN Cover Card.svg | USA/00-00-1962/USA Operation Northwoods (1962)/Media/02 - EL Cover Card.svg | USA/00-00-1962/USA Operation Northwoods (1962)/Media/03 - EN Cover Card.svg | USA/00-00-1962/USA Operation Northwoods (1962)/Media/04 - EN Proof Map.svg
usa_1963_agent_orange_chemical_war_health_delayed_accountability,USA,1963,USA/00-00-1963/Usa Agent Orange Image File Chemical War Public Health And Delayed Accountability 1961 2,Usa Agent Orange Image File Chemical War Public Health And Delayed Accountability 1961 2026,3,False,USA/00-00-1963/Usa Agent Orange Image File Chemical War Public Health And Delayed Accountability 1961 2/Media/01 - EN Image.jpg | USA/00-00-1963/Usa Agent Orange Image File Chemical War Public Health And Delayed Accountability 1961 2/Media/02 - EN Cover Card.svg | USA/00-00-1963/Usa Agent Orange Image File Chemical War Public Health And Delayed Accountability 1961 2/Media/03 - EL Cover Card.svg
usa_1964_fbi_mlk_blackmail_letter_surveillance,USA,1964,USA/00-00-1964/FBI surveillance of Martin Luther King Jr. and blackmail letter,FBI surveillance of Martin Luther King Jr. and blackmail letter,2,False,USA/00-00-1964/FBI surveillance of Martin Luther King Jr. and blackmail letter/Media/01 - EN Cover Card.svg | USA/00-00-1964/FBI surveillance of Martin Luther King Jr. and blackmail letter/Media/02 - EN Proof Map.svg
usa_1964_freedom_summer_murders_mississippi_state_complicity,USA,1964,"USA/00-00-1964/Freedom Summer murders, Mississippi law enforcement, and state complicity","Freedom Summer murders, Mississippi law enforcement, and state complicity",2,False,"USA/00-00-1964/Freedom Summer murders, Mississippi law enforcement, and state complicity/Media/01 - Cover Card.svg | USA/00-00-1964/Freedom Summer murders, Mississippi law enforcement, and state complicity/Media/02 - Proof Map.svg"
usa_1964_gulf_tonkin_incident_war_escalation,USA,1964,USA/00-00-1964/Gulf of Tonkin incident and war escalation,Gulf of Tonkin incident and war escalation,2,False,USA/00-00-1964/Gulf of Tonkin incident and war escalation/Media/01 - EN Cover Card.svg | USA/00-00-1964/Gulf of Tonkin incident and war escalation/Media/02 - EN Gulf Of Tonkin Incident And War Escalation V21 Exp 2F5B912B231A.svg
usa_1964_gulf_of_tonkin_resolution_intelligence_gap,USA,1964,"USA/00-00-1964/Gulf of Tonkin, disputed attack, and war authorization","Gulf of Tonkin, disputed attack, and war authorization",2,False,"USA/00-00-1964/Gulf of Tonkin, disputed attack, and war authorization/Media/01 - Cover Card.svg | USA/00-00-1964/Gulf of Tonkin, disputed attack, and war authorization/Media/02 - Proof Map.svg"
usa_1964_pentagon_papers_tonkin,USA,1964,USA/00-00-1964/USA Pentagon Papers and the Tonkin Gulf deception problem (1964-1971),USA: Pentagon Papers and the Tonkin Gulf deception problem (1964-1971),2,False,USA/00-00-1964/USA Pentagon Papers and the Tonkin Gulf deception problem (1964-1971)/Media/01 - EN Cover Card.svg | USA/00-00-1964/USA Pentagon Papers and the Tonkin Gulf deception problem (1964-1971)/Media/02 - EL Cover Card.svg
usa_1965_fbi_surveillance_martin_luther_king_jr_political_blackmail,USA,1965,USA/00-00-1965/FBI surveillance of Martin Luther King Jr. and political blackmail (1960s),FBI surveillance of Martin Luther King Jr. and political blackmail (1960s),2,False,USA/00-00-1965/FBI surveillance of Martin Luther King Jr. and political blackmail (1960s)/Media/01 - EN Cover Card.svg | USA/00-00-1965/FBI surveillance of Martin Luther King Jr. and political blackmail (1960s)/Media/02 - EL Cover Card.svg
usa_1967_uss_liberty_attack_unanswered_questions,USA,1967,USA/00-00-1967/USS Liberty attack and unanswered trust questions,USS Liberty attack and unanswered trust questions,2,False,USA/00-00-1967/USS Liberty attack and unanswered trust questions/Media/01 - EN Uss Liberty Attack And Unanswered Trust Questions D0Cb9237Ce20.svg | USA/00-00-1967/USS Liberty attack and unanswered trust questions/Media/02 - EN Uss Liberty Attack And Unanswered Trust Questions D0Cb9237Ce20.svg
usa_1968_my_lai_massacre,USA,1968,USA/00-00-1968/My Lai massacre,My Lai massacre,4,False,USA/00-00-1968/My Lai massacre/Media/01 - EN Cover Card.svg | USA/00-00-1968/My Lai massacre/Media/02 - EN Cover Card.svg | USA/00-00-1968/My Lai massacre/Media/03 - EN Proof Map.svg | USA/00-00-1968/My Lai massacre/Media/04 - EN Cover Card.svg
usa_1969_black_panther_surveillance_and_raids,USA,1969,USA/00-00-1969/Black Panther surveillance and raids,Black Panther surveillance and raids,2,False,USA/00-00-1969/Black Panther surveillance and raids/Media/01 - Cover Card.svg | USA/00-00-1969/Black Panther surveillance and raids/Media/02 - Proof Map.svg
usa_1969_fred_hampton_raid_fbi_informant_context,USA,1969,USA/00-00-1969/Fred Hampton raid and FBI informant context,Fred Hampton raid and FBI informant context,2,True,USA/00-00-1969/Fred Hampton raid and FBI informant context/Media/01 - EN Cover Card.svg | USA/00-00-1969/Fred Hampton raid and FBI informant context/Media/02 - Bilingual Snapshot.svg
usa_1969_stonewall_police_raid_queer_resistance_memory,USA,1969,"USA/00-00-1969/Stonewall raid, police power, and queer resistance memory","Stonewall raid, police power, and queer resistance memory",2,False,"USA/00-00-1969/Stonewall raid, police power, and queer resistance memory/Media/01 - Cover Card.svg | USA/00-00-1969/Stonewall raid, police power, and queer resistance memory/Media/02 - Proof Map.svg"
usa_1969_citizens_commission_fbi_burglary_files_cointelpro_exposure,USA,1969,"USA/00-00-1969/USA — Citizens’ Commission burglary, stolen FBI files, and COINTELPRO exposure (1971)","USA — Citizens’ Commission burglary, stolen FBI files, and COINTELPRO exposure (1971)",4,False,"USA/00-00-1969/USA — Citizens’ Commission burglary, stolen FBI files, and COINTELPRO exposure (1971)/Media/01 - EN Cover Card.svg | USA/00-00-1969/USA — Citizens’ Commission burglary, stolen FBI files, and COINTELPRO exposure (1971)/Media/02 - EN Cover Card.svg | USA/00-00-1969/USA — Citizens’ Commission burglary, stolen FBI files, and COINTELPRO exposure (1971)/Media/03 - EL Cover Card.svg | USA/00-00-1969/USA — Citizens’ Commission burglary, stolen FBI files, and COINTELPRO exposure (1971)/Media/04 - EL Cover Card.svg"
usa_1970_kent_state_shootings_protest_national_guard_force_state_violence_memor,USA,1970,"USA/00-00-1970/Kent State Shootings Protest, National Guard Force and State Violence Memory","Kent State Shootings: Protest, National Guard Force and State Violence Memory",2,False,"USA/00-00-1970/Kent State Shootings Protest, National Guard Force and State Violence Memory/Media/01 - EN Cover Card.svg | USA/00-00-1970/Kent State Shootings Protest, National Guard Force and State Violence Memory/Media/02 - EL Cover Card.svg"
usa_1971_attica_prison_uprising_state_retaking,USA,1971,USA/00-00-1971/Attica prison uprising and state retaking,Attica prison uprising and state retaking,2,True,USA/00-00-1971/Attica prison uprising and state retaking/Media/01 - EN Cover Card.svg | USA/00-00-1971/Attica prison uprising and state retaking/Media/02 - Bilingual Snapshot.svg
usa_1971_attica_prison_uprising_state_response_memory,USA,1971,"USA/00-00-1971/Attica prison uprising, state response and the politics of memory (1971)","Attica prison uprising, state response and the politics of memory (1971)",2,False,"USA/00-00-1971/Attica prison uprising, state response and the politics of memory (1971)/Media/01 - EN Cover Card.svg | USA/00-00-1971/Attica prison uprising, state response and the politics of memory (1971)/Media/02 - EL Cover Card.svg"
usa_1971_citizens_commission_fbi_files_and_cointelpro_exposure,USA,1971,USA/00-00-1971/Citizens Commission FBI files and COINTELPRO exposure,Citizens Commission FBI files and COINTELPRO exposure,2,False,USA/00-00-1971/Citizens Commission FBI files and COINTELPRO exposure/Media/01 - Cover Card.svg | USA/00-00-1971/Citizens Commission FBI files and COINTELPRO exposure/Media/02 - Proof Map.svg
usa_1971_cointelpro_files_fbi_disruption_domestic_politics,USA,1971,"USA/00-00-1971/COINTELPRO files, FBI disruption, and domestic politics","COINTELPRO files, FBI disruption, and domestic politics",2,False,"USA/00-00-1971/COINTELPRO files, FBI disruption, and domestic politics/Media/01 - Cover Card.svg | USA/00-00-1971/COINTELPRO files, FBI disruption, and domestic politics/Media/02 - Proof Map.svg"
usa_1971_pentagon_papers_secret_history_vietnam,USA,1971,USA/00-00-1971/Pentagon Papers and the secret history of Vietnam,Pentagon Papers and the secret history of Vietnam,2,True,USA/00-00-1971/Pentagon Papers and the secret history of Vietnam/Media/01 - EN Pentagon Papers And The Secret History Of Vietnam F62Ce1229Fd9.svg | USA/00-00-1971/Pentagon Papers and the secret history of Vietnam/Media/02 - Bilingual Snapshot.svg
usa_1971_pentagon_papers_vietnam_deception_public_record,USA,1971,"USA/00-00-1971/Pentagon Papers, Vietnam deception, and the public record","Pentagon Papers, Vietnam deception, and the public record",2,False,"USA/00-00-1971/Pentagon Papers, Vietnam deception, and the public record/Media/01 - Cover Card.svg | USA/00-00-1971/Pentagon Papers, Vietnam deception, and the public record/Media/02 - Proof Map.svg"
usa_1972_stargate_remote_viewing,USA,1972,USA/00-00-1972/USA STARGATE — The U.S. Intelligence Community Really Studied “Remote Viewing” (1970s-19,USA: STARGATE — The U.S. Intelligence Community Really Studied “Remote Viewing” (1970s-1995),2,False,USA/00-00-1972/USA STARGATE — The U.S. Intelligence Community Really Studied “Remote Viewing” (1970s-19/Media/01 - EN Cover Card.svg | USA/00-00-1972/USA STARGATE — The U.S. Intelligence Community Really Studied “Remote Viewing” (1970s-19/Media/02 - EL Cover Card.svg
usa_1972_watergate_1972_1977,USA,1972,"USA/00-00-1972/USA Watergate, Surveillance Abuse, and Presidential Cover-Up (1972-1977)","USA: Watergate, Surveillance Abuse, and Presidential Cover-Up (1972-1977)",3,False,"USA/00-00-1972/USA Watergate, Surveillance Abuse, and Presidential Cover-Up (1972-1977)/Media/01 - EN Image.jpg | USA/00-00-1972/USA Watergate, Surveillance Abuse, and Presidential Cover-Up (1972-1977)/Media/02 - EN Cover Card.svg | USA/00-00-1972/USA Watergate, Surveillance Abuse, and Presidential Cover-Up (1972-1977)/Media/03 - EL Cover Card.svg"
usa_1972_watergate_burglary_executive_criminality,USA,1972,USA/00-00-1972/Watergate burglary and executive criminality,Watergate burglary and executive criminality,2,True,USA/00-00-1972/Watergate burglary and executive criminality/Media/01 - EN Cover Card.svg | USA/00-00-1972/Watergate burglary and executive criminality/Media/02 - Bilingual Snapshot.svg
usa_1973_cia_chile_covert_action_coup_context_memory,USA,1973,"USA/00-00-1973/CIA, Chile, covert action and public memory of intervention (1970-1973)","CIA, Chile, covert action and public memory of intervention (1970-1973)",2,False,"USA/00-00-1973/CIA, Chile, covert action and public memory of intervention (1970-1973)/Media/01 - EN Cover Card.svg | USA/00-00-1973/CIA, Chile, covert action and public memory of intervention (1970-1973)/Media/02 - EL Cover Card.svg"
usa_1975_church_committee_domestic_spying_revelations,USA,1975,USA/00-00-1975/Church Committee domestic spying revelations,Church Committee domestic spying revelations,2,True,USA/00-00-1975/Church Committee domestic spying revelations/Media/01 - EN Cover Card.svg | USA/00-00-1975/Church Committee domestic spying revelations/Media/02 - Bilingual Snapshot.svg
usa_1975_church_committee_intelligence_oversight,USA,1975,USA/00-00-1975/Church Committee intelligence oversight revelations,Church Committee intelligence oversight revelations,2,False,USA/00-00-1975/Church Committee intelligence oversight revelations/Media/01 - EN Cover Card.svg | USA/00-00-1975/Church Committee intelligence oversight revelations/Media/02 - EN Proof Map.svg
usa_1975_church_committee_intelligence_abuses,USA,1975,USA/00-00-1975/USA Church Committee — Intelligence abuses exposed by Congress (1975-1976),USA: Church Committee — Intelligence abuses exposed by Congress (1975-1976),2,False,USA/00-00-1975/USA Church Committee — Intelligence abuses exposed by Congress (1975-1976)/Media/01 - EN Cover Card.svg | USA/00-00-1975/USA Church Committee — Intelligence abuses exposed by Congress (1975-1976)/Media/02 - EL Cover Card.svg
usa_1977_mkultra_hearings_destroyed_records_problem,USA,1977,USA/00-00-1977/MKULTRA hearings and destroyed records problem,MKULTRA hearings and destroyed records problem,2,True,USA/00-00-1977/MKULTRA hearings and destroyed records problem/Media/01 - EN Mkultra Hearings And Destroyed Records Problem Cov 787Dffe72874.svg | USA/00-00-1977/MKULTRA hearings and destroyed records problem/Media/02 - Bilingual Snapshot.svg
usa_1978_love_canal_toxic_waste_schoolchildren_politics_environmental_exposure,USA,1978,"USA/00-00-1978/Love Canal Toxic Waste, Schoolchildren and the Politics of Environmental Exposure","Love Canal: Toxic Waste, Schoolchildren and the Politics of Environmental Exposure",2,False,"USA/00-00-1978/Love Canal Toxic Waste, Schoolchildren and the Politics of Environmental Exposure/Media/01 - EN Cover Card.svg | USA/00-00-1978/Love Canal Toxic Waste, Schoolchildren and the Politics of Environmental Exposure/Media/02 - EL Cover Card.svg"
usa_1979_greensboro_massacre_police_klan_nazi_failure,USA,1979,"USA/00-00-1979/Greensboro massacre, police absence, and extremist violence","Greensboro massacre, police absence, and extremist violence",2,False,"USA/00-00-1979/Greensboro massacre, police absence, and extremist violence/Media/01 - Cover Card.svg | USA/00-00-1979/Greensboro massacre, police absence, and extremist violence/Media/02 - Proof Map.svg"
usa_1979_three_mile_island_nuclear_accident_2,USA,1979,USA/00-00-1979/Three Mile Island nuclear accident,Three Mile Island nuclear accident,2,False,USA/00-00-1979/Three Mile Island nuclear accident/Media/01 - Cover Card.svg | USA/00-00-1979/Three Mile Island nuclear accident/Media/02 - Proof Map.svg
usa_1979_jfk_hsca_probable_conspiracy,USA,1979,USA/00-00-1979/USA JFK Assassination — What the House Select Committee Actually Found (1979 archival re,USA: JFK Assassination — What the House Select Committee Actually Found (1979 / archival record),2,False,USA/00-00-1979/USA JFK Assassination — What the House Select Committee Actually Found (1979 archival re/Media/01 - EN Cover Card.svg | USA/00-00-1979/USA JFK Assassination — What the House Select Committee Actually Found (1979 archival re/Media/02 - EL Cover Card.svg
usa_1980_october_surprise_allegations_election_mythology,USA,1980,USA/00-00-1980/October Surprise allegations and election mythology,October Surprise allegations and election mythology,2,True,USA/00-00-1980/October Surprise allegations and election mythology/Media/01 - EN October Surprise Allegations And Election Mytholog 7C3F4F7759F0.svg | USA/00-00-1980/October Surprise allegations and election mythology/Media/02 - Bilingual Snapshot.svg
usa_1980_savings_and_loan_crisis_deregulation_fraud_bailout,USA,1980,"USA/00-00-1980/Savings and Loan crisis, deregulation, fraud, and bailout","Savings and Loan crisis, deregulation, fraud, and bailout",2,False,"USA/00-00-1980/Savings and Loan crisis, deregulation, fraud, and bailout/Media/01 - Cover Card.svg | USA/00-00-1980/Savings and Loan crisis, deregulation, fraud, and bailout/Media/02 - Proof Map.svg"
usa_1980_fbi_microscopic_hair_analysis_wrongful_convictions_forensic_certainty,USA,1980,USA/00-00-1980/USA — FBI HAIR ANALYSIS WRONGFUL CONVICTIONS AND FORENSIC CERTAINTY (1980–2015),USA — FBI HAIR ANALYSIS: WRONGFUL CONVICTIONS AND FORENSIC CERTAINTY (1980–2015),4,False,USA/00-00-1980/USA — FBI HAIR ANALYSIS WRONGFUL CONVICTIONS AND FORENSIC CERTAINTY (1980–2015)/Media/01 - EN Cover Card.png | USA/00-00-1980/USA — FBI HAIR ANALYSIS WRONGFUL CONVICTIONS AND FORENSIC CERTAINTY (1980–2015)/Media/02 - EN Cover Card.svg | USA/00-00-1980/USA — FBI HAIR ANALYSIS WRONGFUL CONVICTIONS AND FORENSIC CERTAINTY (1980–2015)/Media/03 - EL Cover Card.png | USA/00-00-1980/USA — FBI HAIR ANALYSIS WRONGFUL CONVICTIONS AND FORENSIC CERTAINTY (1980–2015)/Media/04 - EL Cover Card.svg
usa_1982_patco_strike_firing_labor_state_power,USA,1981,"USA/00-00-1981/PATCO strike firing, labor power, and state discipline","PATCO strike firing, labor power, and state discipline",2,False,"USA/00-00-1981/PATCO strike firing, labor power, and state discipline/Media/01 - Cover Card.svg | USA/00-00-1981/PATCO strike firing, labor power, and state discipline/Media/02 - Proof Map.svg"
usa_1983_iran_contra,USA,1983,"USA/00-00-1983/USA Iran-Contra — Illegal War Support, Secret Arms Deals, and a Presidency Under Pressur","USA: Iran-Contra — Illegal War Support, Secret Arms Deals, and a Presidency Under Pressure (1983-1993)",2,False,"USA/00-00-1983/USA Iran-Contra — Illegal War Support, Secret Arms Deals, and a Presidency Under Pressur/Media/01 - EN Cover Card.svg | USA/00-00-1983/USA Iran-Contra — Illegal War Support, Secret Arms Deals, and a Presidency Under Pressur/Media/02 - EL Cover Card.svg"
usa_1983_gateway_process_consciousness,USA,1983,"USA/00-00-1983/USA The Gateway Process, Consciousness Research, and “Supernatural” Claims (1983-2026)","USA: The Gateway Process, Consciousness Research, and “Supernatural” Claims (1983-2026)",2,False,"USA/00-00-1983/USA The Gateway Process, Consciousness Research, and “Supernatural” Claims (1983-2026)/Media/01 - EN Cover Card.svg | USA/00-00-1983/USA The Gateway Process, Consciousness Research, and “Supernatural” Claims (1983-2026)/Media/02 - EL Cover Card.svg"
usa_1984_civil_asset_forfeiture_policing_for_profit,USA,1984,"USA/00-00-1984/USA Civil Asset Forfeiture, Equitable Sharing, and the Policing for Profit Structure (19","USA: Civil Asset Forfeiture, Equitable Sharing, and the ""Policing for Profit"" Structure (1984-2026)",2,False,"USA/00-00-1984/USA Civil Asset Forfeiture, Equitable Sharing, and the Policing for Profit Structure (19/Media/01 - EN Cover Card.svg | USA/00-00-1984/USA Civil Asset Forfeiture, Equitable Sharing, and the Policing for Profit Structure (19/Media/02 - EL Cover Card.svg"
usa_1985_move_bombing_in_philadelphia_2,USA,1985,USA/00-00-1985/MOVE bombing in Philadelphia,MOVE bombing in Philadelphia,2,False,USA/00-00-1985/MOVE bombing in Philadelphia/Media/01 - Cover Card.svg | USA/00-00-1985/MOVE bombing in Philadelphia/Media/02 - Proof Map.svg
usa_1985_move_bombing_philadelphia_police_fire_race_urban_state_violence,USA,1985,"USA/00-00-1985/MOVE Bombing Philadelphia Police, Fire, Race and Urban State Violence","MOVE Bombing: Philadelphia Police, Fire, Race and Urban State Violence",6,False,"USA/00-00-1985/MOVE Bombing Philadelphia Police, Fire, Race and Urban State Violence/Media/01 - EN Cover Card.svg | USA/00-00-1985/MOVE Bombing Philadelphia Police, Fire, Race and Urban State Violence/Media/02 - EL Cover Card.svg | USA/00-00-1985/MOVE Bombing Philadelphia Police, Fire, Race and Urban State Violence/Media/03 - EN Cover Card.svg | USA/00-00-1985/MOVE Bombing Philadelphia Police, Fire, Race and Urban State Violence/Media/04 - EN Cover Card.svg | USA/00-00-1985/MOVE Bombing Philadelphia Police, Fire, Race and Urban State Violence/Media/05 - EL Cover Card.svg | USA/00-00-1985/MOVE Bombing Philadelphia Police, Fire, Race and Urban State Violence/Media/06 - EL Cover Card.svg"
usa_1985_therac25_radiation_overdose_software_safety,USA,1985,USA/00-00-1985/Therac-25 radiation overdoses and software safety failure,Therac-25 radiation overdoses and software safety failure,2,False,USA/00-00-1985/Therac-25 radiation overdoses and software safety failure/Media/01 - Cover Card.svg | USA/00-00-1985/Therac-25 radiation overdoses and software safety failure/Media/02 - Proof Map.svg
usa_1986_challenger_disaster_engineering_warnings_launch_pressure_institutional,USA,1986,"USA/00-00-1986/Challenger Disaster Engineering Warnings, Launch Pressure and Institutional Silence","Challenger Disaster: Engineering Warnings, Launch Pressure and Institutional Silence",2,False,"USA/00-00-1986/Challenger Disaster Engineering Warnings, Launch Pressure and Institutional Silence/Media/01 - EN Cover Card.svg | USA/00-00-1986/Challenger Disaster Engineering Warnings, Launch Pressure and Institutional Silence/Media/02 - EL Cover Card.svg"
usa_1986_iran_contra_affair,USA,1986,USA/00-00-1986/Iran Contra affair,Iran Contra affair,2,True,USA/00-00-1986/Iran Contra affair/Media/01 - EN Cover Card.svg | USA/00-00-1986/Iran Contra affair/Media/02 - Bilingual Snapshot.svg
usa_1986_iran_contra_secret_policy_network,USA,1986,USA/00-00-1986/Iran-Contra secret policy network,Iran-Contra secret policy network,2,False,USA/00-00-1986/Iran-Contra secret policy network/Media/01 - EN Cover Card.svg | USA/00-00-1986/Iran-Contra secret policy network/Media/02 - EN Proof Map.svg
usa_1988_pan_am_flight_103_investigation_geopolitical_blame,USA,1988,USA/00-00-1988/Pan Am Flight 103 investigation and geopolitical blame,Pan Am Flight 103 investigation and geopolitical blame,2,True,USA/00-00-1988/Pan Am Flight 103 investigation and geopolitical blame/Media/01 - EN Pan Am Flight 103 Investigation And Geopolitical B 000B5747B647.svg | USA/00-00-1988/Pan Am Flight 103 investigation and geopolitical blame/Media/02 - Bilingual Snapshot.svg
usa_1989_central_park_five_false_confessions_media_fury_wrongful_conviction,USA,1989,"USA/00-00-1989/Central Park Five False Confessions, Media Fury and Wrongful Conviction","Central Park Five: False Confessions, Media Fury and Wrongful Conviction",2,False,"USA/00-00-1989/Central Park Five False Confessions, Media Fury and Wrongful Conviction/Media/01 - EN Cover Card.svg | USA/00-00-1989/Central Park Five False Confessions, Media Fury and Wrongful Conviction/Media/02 - EL Cover Card.svg"
usa_1989_exxon_valdez_oil_spill_corporate_safety_ecology,USA,1989,"USA/00-00-1989/Exxon Valdez oil spill, corporate safety, and ecological accountability","Exxon Valdez oil spill, corporate safety, and ecological accountability",2,False,"USA/00-00-1989/Exxon Valdez oil spill, corporate safety, and ecological accountability/Media/01 - Cover Card.svg | USA/00-00-1989/Exxon Valdez oil spill, corporate safety, and ecological accountability/Media/02 - Proof Map.svg"
usa_1991_rodney_king_beating_lapd_accountability,USA,1991,USA/00-00-1991/Rodney King beating and LAPD accountability,Rodney King beating and LAPD accountability,2,True,USA/00-00-1991/Rodney King beating and LAPD accountability/Media/01 - EN Cover Card.svg | USA/00-00-1991/Rodney King beating and LAPD accountability/Media/02 - Bilingual Snapshot.svg
usa_1992_los_angeles_riots_and_rodney_king_verdict,USA,1992,USA/00-00-1992/Los Angeles riots and Rodney King verdict,Los Angeles riots and Rodney King verdict,2,False,USA/00-00-1992/Los Angeles riots and Rodney King verdict/Media/01 - Cover Card.svg | USA/00-00-1992/Los Angeles riots and Rodney King verdict/Media/02 - Proof Map.svg
usa_1992_ruby_ridge_federal_siege_rules_engagement,USA,1992,"USA/00-00-1992/Ruby Ridge Federal Siege, Rules of Engagement and Public Trust","Ruby Ridge: Federal Siege, Rules of Engagement and Public Trust",2,False,"USA/00-00-1992/Ruby Ridge Federal Siege, Rules of Engagement and Public Trust/Media/01 - EN Cover Card.svg | USA/00-00-1992/Ruby Ridge Federal Siege, Rules of Engagement and Public Trust/Media/02 - EL Cover Card.svg"
usa_1992_ruby_ridge_siege_rules_engagement_crisis,USA,1992,USA/00-00-1992/Ruby Ridge siege and rules of engagement crisis,Ruby Ridge siege and rules of engagement crisis,2,True,USA/00-00-1992/Ruby Ridge siege and rules of engagement crisis/Media/01 - EN Ruby Ridge Siege And Rules Of Engagement Crisis Co 7809E45B27C3.svg | USA/00-00-1992/Ruby Ridge siege and rules of engagement crisis/Media/02 - Bilingual Snapshot.svg
usa_1993_waco_branch_davidians_atf_fbi_siege_media,USA,1993,"USA/00-00-1993/USA — Waco, Branch Davidians, ATF FBI siege, media, and public trust (1993)","USA — Waco, Branch Davidians, ATF/FBI siege, media, and public trust (1993)",4,False,"USA/00-00-1993/USA — Waco, Branch Davidians, ATF FBI siege, media, and public trust (1993)/Media/01 - EN Cover Card.svg | USA/00-00-1993/USA — Waco, Branch Davidians, ATF FBI siege, media, and public trust (1993)/Media/02 - EN Cover Card.svg | USA/00-00-1993/USA — Waco, Branch Davidians, ATF FBI siege, media, and public trust (1993)/Media/03 - EL Cover Card.svg | USA/00-00-1993/USA — Waco, Branch Davidians, ATF FBI siege, media, and public trust (1993)/Media/04 - EL Cover Card.svg"
usa_1993_waco_siege_atf_raid_fbi_negotiation_failure_fire_narrative_wars,USA,1993,"USA/00-00-1993/Waco Siege ATF Raid, FBI Negotiation Failure and Fire Narrative Wars","Waco Siege: ATF Raid, FBI Negotiation Failure and Fire Narrative Wars",2,False,"USA/00-00-1993/Waco Siege ATF Raid, FBI Negotiation Failure and Fire Narrative Wars/Media/01 - EN Cover Card.svg | USA/00-00-1993/Waco Siege ATF Raid, FBI Negotiation Failure and Fire Narrative Wars/Media/02 - EL Cover Card.svg"
usa_1993_world_trade_center_bombing_intelligence_aftermath,USA,1993,USA/00-00-1993/World Trade Center bombing intelligence aftermath,World Trade Center bombing intelligence aftermath,2,True,USA/00-00-1993/World Trade Center bombing intelligence aftermath/Media/01 - EN World Trade Center Bombing Intelligence Aftermath 9C93Bb6Ad2E4.svg | USA/00-00-1993/World Trade Center bombing intelligence aftermath/Media/02 - Bilingual Snapshot.svg
usa_1994_project_blue_beam_panic_uap_synthetic_media_control_myths,USA,1994,"USA/00-00-1994/USA — PROJECT BLUE BEAM PANIC, UAP, SYNTHETIC MEDIA, AND CONTROL MYTHS (1994–2026)","USA — PROJECT BLUE BEAM: PANIC, UAP, SYNTHETIC MEDIA, AND CONTROL MYTHS (1994–2026)",4,False,"USA/00-00-1994/USA — PROJECT BLUE BEAM PANIC, UAP, SYNTHETIC MEDIA, AND CONTROL MYTHS (1994–2026)/Media/01 - EN Cover Card.png | USA/00-00-1994/USA — PROJECT BLUE BEAM PANIC, UAP, SYNTHETIC MEDIA, AND CONTROL MYTHS (1994–2026)/Media/02 - EN Cover Card.svg | USA/00-00-1994/USA — PROJECT BLUE BEAM PANIC, UAP, SYNTHETIC MEDIA, AND CONTROL MYTHS (1994–2026)/Media/03 - EL Cover Card.png | USA/00-00-1994/USA — PROJECT BLUE BEAM PANIC, UAP, SYNTHETIC MEDIA, AND CONTROL MYTHS (1994–2026)/Media/04 - EL Cover Card.svg"
usa_1995_oklahoma_city_bombing_extremist_warning_failure,USA,1995,USA/00-00-1995/Oklahoma City bombing and extremist warning failure,Oklahoma City bombing and extremist warning failure,2,True,USA/00-00-1995/Oklahoma City bombing and extremist warning failure/Media/01 - EN Oklahoma City Bombing And Extremist Warning Failur 5D712061Fbfd.svg | USA/00-00-1995/Oklahoma City bombing and extremist warning failure/Media/02 - Bilingual Snapshot.svg
usa_1995_oklahoma_city_bombing_backlash_extremism_informants_federal_security_p,USA,1995,"USA/00-00-1995/Oklahoma City Bombing Backlash Extremism, Informants and Federal Security Panic","Oklahoma City Bombing Backlash: Extremism, Informants and Federal Security Panic",2,False,"USA/00-00-1995/Oklahoma City Bombing Backlash Extremism, Informants and Federal Security Panic/Media/01 - EN Cover Card.svg | USA/00-00-1995/Oklahoma City Bombing Backlash Extremism, Informants and Federal Security Panic/Media/02 - EL Cover Card.svg"
usa_1996_cia_dark_alliance_crack_cocaine_controversy,USA,1996,USA/00-00-1996/CIA Dark Alliance crack cocaine controversy,CIA Dark Alliance crack cocaine controversy,2,True,USA/00-00-1996/CIA Dark Alliance crack cocaine controversy/Media/01 - EN Cover Card.svg | USA/00-00-1996/CIA Dark Alliance crack cocaine controversy/Media/02 - Bilingual Snapshot.svg
usa_1996_opioid_crisis_purdue_sacklers_mckinsey,USA,1996,"USA/00-00-1996/U.S. OPIOID CRISIS CORPORATE POWER, STATE FAILURE, AND THE LONG SETTLEMENT TRAIL (1996-2","U.S. OPIOID CRISIS: CORPORATE POWER, STATE FAILURE, AND THE LONG SETTLEMENT TRAIL (1996-2026)",2,False,"USA/00-00-1996/U.S. OPIOID CRISIS CORPORATE POWER, STATE FAILURE, AND THE LONG SETTLEMENT TRAIL (1996-2/Media/01 - EN Cover Card.svg | USA/00-00-1996/U.S. OPIOID CRISIS CORPORATE POWER, STATE FAILURE, AND THE LONG SETTLEMENT TRAIL (1996-2/Media/02 - EL Cover Card.svg"
usa_1998_tobacco_master_settlement_addiction_science_political_money,USA,1998,"USA/00-00-1998/Tobacco Master Settlement, addiction science, and political money","Tobacco Master Settlement, addiction science, and political money",2,False,"USA/00-00-1998/Tobacco Master Settlement, addiction science, and political money/Media/01 - Cover Card.svg | USA/00-00-1998/Tobacco Master Settlement, addiction science, and political money/Media/02 - Proof Map.svg"
usa_1999_columbine_massacre_media_panic_cycle,USA,1999,USA/00-00-1999/Columbine massacre and media panic cycle,Columbine massacre and media panic cycle,2,True,USA/00-00-1999/Columbine massacre and media panic cycle/Media/01 - EN Cover Card.svg | USA/00-00-1999/Columbine massacre and media panic cycle/Media/02 - Bilingual Snapshot.svg
usa_1999_seattle_wto_protests_policing_surveillance_globalization_backlash,USA,1999,"USA/00-00-1999/Seattle WTO protests, policing, surveillance and globalization backlash (1999)","Seattle WTO protests, policing, surveillance and globalization backlash (1999)",2,False,"USA/00-00-1999/Seattle WTO protests, policing, surveillance and globalization backlash (1999)/Media/01 - EN Cover Card.svg | USA/00-00-1999/Seattle WTO protests, policing, surveillance and globalization backlash (1999)/Media/02 - EL Cover Card.svg"
usa_2000_bush_v_gore_election_legitimacy_crisis,USA,2000,USA/00-00-2000/Bush v Gore and election legitimacy crisis,Bush v Gore and election legitimacy crisis,2,True,USA/00-00-2000/Bush v Gore and election legitimacy crisis/Media/01 - EN Cover Card.svg | USA/00-00-2000/Bush v Gore and election legitimacy crisis/Media/02 - Bilingual Snapshot.svg
usa_2001_anthrax_letters_amerithrax_bioterror_lab_science_fbi_certainty,USA,2001,"USA/00-00-2001/Anthrax Letters and Amerithrax Bioterror, Lab Science and FBI Certainty","Anthrax Letters and Amerithrax: Bioterror, Lab Science and FBI Certainty",2,False,"USA/00-00-2001/Anthrax Letters and Amerithrax Bioterror, Lab Science and FBI Certainty/Media/01 - EN Cover Card.svg | USA/00-00-2001/Anthrax Letters and Amerithrax Bioterror, Lab Science and FBI Certainty/Media/02 - EL Cover Card.svg"
usa_2001_enron_accounting_fraud_energy_market_capture,USA,2001,"USA/00-00-2001/Enron accounting fraud, energy trading, and auditor collapse","Enron accounting fraud, energy trading, and auditor collapse",2,False,"USA/00-00-2001/Enron accounting fraud, energy trading, and auditor collapse/Media/01 - Cover Card.svg | USA/00-00-2001/Enron accounting fraud, energy trading, and auditor collapse/Media/02 - Proof Map.svg"
usa_2001_patriot_act_permanent_emergency_powers,USA,2001,USA/00-00-2001/PATRIOT Act and permanent emergency powers,PATRIOT Act and permanent emergency powers,2,True,USA/00-00-2001/PATRIOT Act and permanent emergency powers/Media/01 - EN Cover Card.svg | USA/00-00-2001/PATRIOT Act and permanent emergency powers/Media/02 - Bilingual Snapshot.svg
usa_2001_patriot_act_expansion_after_9_11,USA,2001,USA/00-00-2001/Patriot Act expansion after 9 11,Patriot Act expansion after 9/11,2,False,USA/00-00-2001/Patriot Act expansion after 9 11/Media/01 - Cover Card.svg | USA/00-00-2001/Patriot Act expansion after 9 11/Media/02 - Proof Map.svg
usa_2001_national_security_letters_gag_orders,USA,2001,"USA/00-00-2001/U.S. NATIONAL SECURITY LETTERS, GAG ORDERS, AND QUIET SURVEILLANCE POWERS (2001-2024)","U.S. NATIONAL SECURITY LETTERS, GAG ORDERS, AND QUIET SURVEILLANCE POWERS (2001-2024)",2,False,"USA/00-00-2001/U.S. NATIONAL SECURITY LETTERS, GAG ORDERS, AND QUIET SURVEILLANCE POWERS (2001-2024)/Media/01 - EN Cover Card.svg | USA/00-00-2001/U.S. NATIONAL SECURITY LETTERS, GAG ORDERS, AND QUIET SURVEILLANCE POWERS (2001-2024)/Media/02 - EL Cover Card.svg"
usa_2001_fusion_centers_suspicious_activity_reporting,USA,2001,"USA/00-00-2001/USA Fusion Centers, Suspicious Activity Reporting, and Domestic Intelligence Drift (2001","USA: Fusion Centers, Suspicious Activity Reporting, and Domestic Intelligence Drift (2001-2026)",2,False,"USA/00-00-2001/USA Fusion Centers, Suspicious Activity Reporting, and Domestic Intelligence Drift (2001/Media/01 - EN Cover Card.svg | USA/00-00-2001/USA Fusion Centers, Suspicious Activity Reporting, and Domestic Intelligence Drift (2001/Media/02 - EL Cover Card.svg"
usa_2001_iraq_wmd_for_war,USA,2001,"USA/00-00-2001/USA Iraq WMD, Intelligence Failure, and the Case for War (2001-2016)","USA: Iraq WMD, Intelligence Failure, and the Case for War (2001-2016)",2,False,"USA/00-00-2001/USA Iraq WMD, Intelligence Failure, and the Case for War (2001-2016)/Media/01 - EN Cover Card.svg | USA/00-00-2001/USA Iraq WMD, Intelligence Failure, and the Case for War (2001-2016)/Media/02 - EL Cover Card.svg"
usa_2001_worldcom_accounting_fraud_telecom_bubble,USA,2001,USA/00-00-2001/WorldCom accounting fraud and telecom-bubble trust collapse,WorldCom accounting fraud and telecom-bubble trust collapse,2,False,USA/00-00-2001/WorldCom accounting fraud and telecom-bubble trust collapse/Media/01 - Cover Card.svg | USA/00-00-2001/WorldCom accounting fraud and telecom-bubble trust collapse/Media/02 - Proof Map.svg
usa_2002_abu_ghraib_prisoner_abuse_scandal,USA,2002,USA/00-00-2002/Abu Ghraib prisoner abuse scandal,Abu Ghraib prisoner abuse scandal,2,True,USA/00-00-2002/Abu Ghraib prisoner abuse scandal/Media/01 - EN Cover Card.svg | USA/00-00-2002/Abu Ghraib prisoner abuse scandal/Media/02 - Bilingual Snapshot.svg
usa_2002_catholic_church_abuse_boston_spotlight_coverup,USA,2002,"USA/00-00-2002/Catholic Church abuse scandal, Boston Spotlight, and institutional cover-up","Catholic Church abuse scandal, Boston Spotlight, and institutional cover-up",2,False,"USA/00-00-2002/Catholic Church abuse scandal, Boston Spotlight, and institutional cover-up/Media/01 - Cover Card.svg | USA/00-00-2002/Catholic Church abuse scandal, Boston Spotlight, and institutional cover-up/Media/02 - Proof Map.svg"
usa_2002_enron_arthur_andersen_energy_trading_accounting_tricks_regulatory_capt,USA,2002,"USA/00-00-2002/Enron and Arthur Andersen Energy Trading, Accounting Tricks and Regulatory Capture","Enron and Arthur Andersen: Energy Trading, Accounting Tricks and Regulatory Capture",2,False,"USA/00-00-2002/Enron and Arthur Andersen Energy Trading, Accounting Tricks and Regulatory Capture/Media/01 - EN Cover Card.svg | USA/00-00-2002/Enron and Arthur Andersen Energy Trading, Accounting Tricks and Regulatory Capture/Media/02 - EL Cover Card.svg"
usa_2002_no_child_left_behind_testing_regime_data_pressure,USA,2002,USA/00-00-2002/No Child Left Behind testing regime and data pressure,No Child Left Behind testing regime and data pressure,2,True,USA/00-00-2002/No Child Left Behind testing regime and data pressure/Media/01 - EN No Child Left Behind Testing Regime And Data Press 50Db3D31Ea2D.svg | USA/00-00-2002/No Child Left Behind testing regime and data pressure/Media/02 - Bilingual Snapshot.svg
usa_2002_total_information_awareness_data_mining_post_911_surveillance_dream,USA,2002,"USA/00-00-2002/USA — Total Information Awareness, data mining, and the post-9 11 surveillance dream (20","USA — Total Information Awareness, data mining, and the post-9/11 surveillance dream (2002–2003)",4,False,"USA/00-00-2002/USA — Total Information Awareness, data mining, and the post-9 11 surveillance dream (20/Media/01 - EN Cover Card.svg | USA/00-00-2002/USA — Total Information Awareness, data mining, and the post-9 11 surveillance dream (20/Media/02 - EN Cover Card.svg | USA/00-00-2002/USA — Total Information Awareness, data mining, and the post-9 11 surveillance dream (20/Media/03 - EL Cover Card.svg | USA/00-00-2002/USA — Total Information Awareness, data mining, and the post-9 11 surveillance dream (20/Media/04 - EL Cover Card.svg"
usa_2003_abu_ghraib_torture_photos_command_responsibility_secrecy,USA,2003,"USA/00-00-2003/Abu Ghraib torture photos, command responsibility and secrecy (2003-2004)","Abu Ghraib torture photos, command responsibility and secrecy (2003-2004)",2,False,"USA/00-00-2003/Abu Ghraib torture photos, command responsibility and secrecy (2003-2004)/Media/01 - EN Cover Card.svg | USA/00-00-2003/Abu Ghraib torture photos, command responsibility and secrecy (2003-2004)/Media/02 - EL Cover Card.svg"
usa_2003_iraq_wmd_intelligence_failure,USA,2003,USA/00-00-2003/Iraq WMD intelligence failure,Iraq WMD intelligence failure,2,True,USA/00-00-2003/Iraq WMD intelligence failure/Media/01 - EN Cover Card.svg | USA/00-00-2003/Iraq WMD intelligence failure/Media/02 - Bilingual Snapshot.svg
usa_2003_valerie_plame_affair_intelligence_identity_iraq_war_politics_retaliati,USA,2003,"USA/00-00-2003/Valerie Plame Affair Intelligence Identity, Iraq War Politics and Retaliation Claims","Valerie Plame Affair: Intelligence Identity, Iraq War Politics and Retaliation Claims",2,False,"USA/00-00-2003/Valerie Plame Affair Intelligence Identity, Iraq War Politics and Retaliation Claims/Media/01 - EN Cover Card.svg | USA/00-00-2003/Valerie Plame Affair Intelligence Identity, Iraq War Politics and Retaliation Claims/Media/02 - EL Cover Card.svg"
usa_2004_abu_ghraib_abuse_photographs_and_command_responsibility,USA,2004,USA/00-00-2004/Abu Ghraib abuse photographs and command responsibility,Abu Ghraib abuse photographs and command responsibility,2,False,USA/00-00-2004/Abu Ghraib abuse photographs and command responsibility/Media/01 - Cover Card.svg | USA/00-00-2004/Abu Ghraib abuse photographs and command responsibility/Media/02 - Proof Map.svg
usa_2004_cia_black_sites_extraordinary_rendition,USA,2004,USA/00-00-2004/CIA black sites and extraordinary rendition,CIA black sites and extraordinary rendition,2,True,USA/00-00-2004/CIA black sites and extraordinary rendition/Media/01 - EN Cover Card.svg | USA/00-00-2004/CIA black sites and extraordinary rendition/Media/02 - Bilingual Snapshot.svg
usa_2005_hurricane_katrina_levee_failure_abandonment,USA,2005,USA/00-00-2005/Hurricane Katrina levee failure and abandonment,Hurricane Katrina levee failure and abandonment,2,True,USA/00-00-2005/Hurricane Katrina levee failure and abandonment/Media/01 - EN Hurricane Katrina Levee Failure And Abandonment Co 6Ca7Aaee4D6E.svg | USA/00-00-2005/Hurricane Katrina levee failure and abandonment/Media/02 - Bilingual Snapshot.svg
usa_2005_hurricane_katrina_response_disaster_governance_race_class_state_abando,USA,2005,"USA/00-00-2005/Hurricane Katrina Response Disaster Governance, Race, Class and State Abandonment","Hurricane Katrina Response: Disaster Governance, Race, Class and State Abandonment",2,False,"USA/00-00-2005/Hurricane Katrina Response Disaster Governance, Race, Class and State Abandonment/Media/01 - EN Cover Card.svg | USA/00-00-2005/Hurricane Katrina Response Disaster Governance, Race, Class and State Abandonment/Media/02 - EL Cover Card.svg"
usa_2005_nsa_warrantless_wiretapping_post_911_executive_power,USA,2005,USA/00-00-2005/NSA warrantless wiretapping and post-9 11 executive power (2005-2008),NSA warrantless wiretapping and post-9/11 executive power (2005-2008),2,False,USA/00-00-2005/NSA warrantless wiretapping and post-9 11 executive power (2005-2008)/Media/01 - EN Cover Card.svg | USA/00-00-2005/NSA warrantless wiretapping and post-9 11 executive power (2005-2008)/Media/02 - EL Cover Card.svg
usa_2005_nsa_warrantless_wiretapping_disclosure,USA,2005,USA/00-00-2005/NSA warrantless wiretapping disclosure,NSA warrantless wiretapping disclosure,2,True,USA/00-00-2005/NSA warrantless wiretapping disclosure/Media/01 - EN Cover Card.svg | USA/00-00-2005/NSA warrantless wiretapping disclosure/Media/02 - Bilingual Snapshot.svg
usa_2005_digital_id_real_id_mobile_licenses,USA,2005,"USA/00-00-2005/USA — DIGITAL ID, REAL ID, AND MOBILE LICENSES CONVENIENCE OR CONTROL LAYER (2005–2026)","USA — DIGITAL ID, REAL ID, AND MOBILE LICENSES: CONVENIENCE OR CONTROL LAYER? (2005–2026)",4,False,"USA/00-00-2005/USA — DIGITAL ID, REAL ID, AND MOBILE LICENSES CONVENIENCE OR CONTROL LAYER (2005–2026)/Media/01 - EN Cover Card.png | USA/00-00-2005/USA — DIGITAL ID, REAL ID, AND MOBILE LICENSES CONVENIENCE OR CONTROL LAYER (2005–2026)/Media/02 - EN Cover Card.svg | USA/00-00-2005/USA — DIGITAL ID, REAL ID, AND MOBILE LICENSES CONVENIENCE OR CONTROL LAYER (2005–2026)/Media/03 - EL Cover Card.png | USA/00-00-2005/USA — DIGITAL ID, REAL ID, AND MOBILE LICENSES CONVENIENCE OR CONTROL LAYER (2005–2026)/Media/04 - EL Cover Card.svg"
usa_2007_mortgage_crisis_foreclosure_machine,USA,2007,USA/00-00-2007/Mortgage crisis and foreclosure machine,Mortgage crisis and foreclosure machine,2,True,USA/00-00-2007/Mortgage crisis and foreclosure machine/Media/01 - EN Cover Card.svg | USA/00-00-2007/Mortgage crisis and foreclosure machine/Media/02 - Bilingual Snapshot.svg
usa_2007_skinwalker_ranch_aatip_contracts_uap_folklore_private_paranormal_resea,USA,2007,"USA/00-00-2007/Skinwalker Ranch, AATIP-era contracts, UAP folklore and private paranormal research (200","Skinwalker Ranch, AATIP-era contracts, UAP folklore and private paranormal research (2007-2026)",2,False,"USA/00-00-2007/Skinwalker Ranch, AATIP-era contracts, UAP folklore and private paranormal research (200/Media/01 - EN Cover Card.svg | USA/00-00-2007/Skinwalker Ranch, AATIP-era contracts, UAP folklore and private paranormal research (200/Media/02 - EL Cover Card.svg"
usa_2007_epstein_files,USA,2007,"USA/00-00-2007/USA Epstein Case, Plea Deal, Jail Death, and Files Release Battle (2007-2026)","USA: Epstein Case, Plea Deal, Jail Death, and Files Release Battle (2007-2026)",2,False,"USA/00-00-2007/USA Epstein Case, Plea Deal, Jail Death, and Files Release Battle (2007-2026)/Media/01 - EN Cover Card.svg | USA/00-00-2007/USA Epstein Case, Plea Deal, Jail Death, and Files Release Battle (2007-2026)/Media/02 - EL Cover Card.svg"
usa_2007_snowden_prism_section702,USA,2007,"USA/00-00-2007/USA Snowden, PRISM, and Section 702 Surveillance (2007-2026)","USA: Snowden, PRISM, and Section 702 Surveillance (2007-2026)",2,False,"USA/00-00-2007/USA Snowden, PRISM, and Section 702 Surveillance (2007-2026)/Media/01 - EN Cover Card.svg | USA/00-00-2007/USA Snowden, PRISM, and Section 702 Surveillance (2007-2026)/Media/02 - EL Cover Card.svg"
usa_2008_financial_crisis_bailouts_and_moral_hazard,USA,2008,"USA/00-00-2008/2008 financial crisis, bailouts, and moral hazard","2008 financial crisis, bailouts, and moral hazard",2,False,"USA/00-00-2008/2008 financial crisis, bailouts, and moral hazard/Media/01 - Cover Card.svg | USA/00-00-2008/2008 financial crisis, bailouts, and moral hazard/Media/02 - Proof Map.svg"
usa_2008_aig_bailout_too_big_fail_culture,USA,2008,USA/00-00-2008/AIG bailout and too big to fail culture,AIG bailout and too big to fail culture,2,True,USA/00-00-2008/AIG bailout and too big to fail culture/Media/01 - EN Cover Card.svg | USA/00-00-2008/AIG bailout and too big to fail culture/Media/02 - Bilingual Snapshot.svg
usa_2008_bernie_madoff_ponzi_finance_sec_warnings_elite_collapse,USA,2008,"USA/00-00-2008/Bernie Madoff Ponzi Finance, SEC Warnings and Elite Trust Collapse","Bernie Madoff: Ponzi Finance, SEC Warnings and Elite Trust Collapse",2,False,"USA/00-00-2008/Bernie Madoff Ponzi Finance, SEC Warnings and Elite Trust Collapse/Media/01 - EN Cover Card.svg | USA/00-00-2008/Bernie Madoff Ponzi Finance, SEC Warnings and Elite Trust Collapse/Media/02 - EL Cover Card.svg"
usa_2008_financial_crisis_rating_agencies_bailouts_regulatory_capture,USA,2008,"USA/00-00-2008/Financial crisis, rating agencies, bailouts and regulatory capture (2008)","Financial crisis, rating agencies, bailouts and regulatory capture (2008)",2,False,"USA/00-00-2008/Financial crisis, rating agencies, bailouts and regulatory capture (2008)/Media/01 - EN Cover Card.svg | USA/00-00-2008/Financial crisis, rating agencies, bailouts and regulatory capture (2008)/Media/02 - EL Cover Card.svg"
usa_2009_h1n1_pandemic_response_rehearsal,USA,2009,USA/00-00-2009/H1N1 pandemic response and trust rehearsal,H1N1 pandemic response and trust rehearsal,2,True,USA/00-00-2009/H1N1 pandemic response and trust rehearsal/Media/01 - EN Cover Card.svg | USA/00-00-2009/H1N1 pandemic response and trust rehearsal/Media/02 - Bilingual Snapshot.svg
usa_2009_kids_for_cash_judicial_corruption_private_detention,USA,2009,"USA/00-00-2009/Kids for Cash, judicial corruption and private detention (2008-2011)","Kids for Cash, judicial corruption and private detention (2008-2011)",2,False,"USA/00-00-2009/Kids for Cash, judicial corruption and private detention (2008-2011)/Media/01 - EN Cover Card.svg | USA/00-00-2009/Kids for Cash, judicial corruption and private detention (2008-2011)/Media/02 - EL Cover Card.svg"
usa_2010_citizens_united_dark_money_politics,USA,2010,USA/00-00-2010/Citizens United and dark money politics,Citizens United and dark money politics,2,True,USA/00-00-2010/Citizens United and dark money politics/Media/01 - EN Cover Card.svg | USA/00-00-2010/Citizens United and dark money politics/Media/02 - Bilingual Snapshot.svg
usa_2010_deepwater_horizon_offshore_oil_safety_culture_environmental_catastroph,USA,2010,"USA/00-00-2010/Deepwater Horizon Offshore Oil, Safety Culture and Environmental Catastrophe","Deepwater Horizon: Offshore Oil, Safety Culture and Environmental Catastrophe",2,False,"USA/00-00-2010/Deepwater Horizon Offshore Oil, Safety Culture and Environmental Catastrophe/Media/01 - EN Cover Card.svg | USA/00-00-2010/Deepwater Horizon Offshore Oil, Safety Culture and Environmental Catastrophe/Media/02 - EL Cover Card.svg"
usa_2011_fast_furious_atf_gunwalking_oversight_border_violence,USA,2011,"USA/00-00-2011/Fast and Furious, ATF gunwalking, oversight and border violence (2009-2012)","Fast and Furious, ATF gunwalking, oversight and border violence (2009-2012)",2,False,"USA/00-00-2011/Fast and Furious, ATF gunwalking, oversight and border violence (2009-2012)/Media/01 - EN Cover Card.svg | USA/00-00-2011/Fast and Furious, ATF gunwalking, oversight and border violence (2009-2012)/Media/02 - EL Cover Card.svg"
usa_2011_operation_fast_furious,USA,2011,USA/00-00-2011/Operation Fast and Furious,Operation Fast and Furious,2,True,USA/00-00-2011/Operation Fast and Furious/Media/01 - EN Cover Card.svg | USA/00-00-2011/Operation Fast and Furious/Media/02 - Bilingual Snapshot.svg
usa_2012_hsbc_money_laundering_cartel_money_deferred_prosecution_too_big_jail_l,USA,2012,"USA/00-00-2012/HSBC Money Laundering Case Cartel Money, Deferred Prosecution and Too-Big-To-Jail Logic","HSBC Money Laundering Case: Cartel Money, Deferred Prosecution and Too-Big-To-Jail Logic",2,False,"USA/00-00-2012/HSBC Money Laundering Case Cartel Money, Deferred Prosecution and Too-Big-To-Jail Logic/Media/01 - EN Cover Card.svg | USA/00-00-2012/HSBC Money Laundering Case Cartel Money, Deferred Prosecution and Too-Big-To-Jail Logic/Media/02 - EL Cover Card.svg"
usa_2012_sandy_hook_tragedy_conspiracy_harassment_aftermath,USA,2012,USA/00-00-2012/Sandy Hook tragedy and conspiracy harassment aftermath,Sandy Hook tragedy and conspiracy harassment aftermath,2,True,USA/00-00-2012/Sandy Hook tragedy and conspiracy harassment aftermath/Media/01 - EN Sandy Hook Tragedy And Conspiracy Harassment After Aa95Cb406Dad.svg | USA/00-00-2012/Sandy Hook tragedy and conspiracy harassment aftermath/Media/02 - Bilingual Snapshot.svg
usa_2013_prism_disclosures_platform_surveillance,USA,2013,USA/00-00-2013/PRISM disclosures and platform surveillance,PRISM disclosures and platform surveillance,2,True,USA/00-00-2013/PRISM disclosures and platform surveillance/Media/01 - EN Cover Card.svg | USA/00-00-2013/PRISM disclosures and platform surveillance/Media/02 - Bilingual Snapshot.svg
usa_2013_snowden_disclosures_prism_bulk_collection,USA,2013,"USA/00-00-2013/Snowden disclosures, PRISM, and bulk collection","Snowden disclosures, PRISM, and bulk collection",2,False,"USA/00-00-2013/Snowden disclosures, PRISM, and bulk collection/Media/01 - EN Cover Card.svg | USA/00-00-2013/Snowden disclosures, PRISM, and bulk collection/Media/02 - EN Proof Map.svg"
usa_2013_snowden_nsa_disclosures,USA,2013,USA/00-00-2013/Snowden NSA disclosures,Snowden NSA disclosures,2,False,USA/00-00-2013/Snowden NSA disclosures/Media/01 - Cover Card.svg | USA/00-00-2013/Snowden NSA disclosures/Media/02 - Proof Map.svg
usa_2013_cambridge_analytica_psychographic_targeting,USA,2013,"USA/00-00-2013/USA Cambridge Analytica, Mass Data Harvesting, and Psychographic Election Targeting (201","USA: Cambridge Analytica, Mass Data Harvesting, and Psychographic Election Targeting (2013-2025)",2,False,"USA/00-00-2013/USA Cambridge Analytica, Mass Data Harvesting, and Psychographic Election Targeting (201/Media/01 - EN Cover Card.svg | USA/00-00-2013/USA Cambridge Analytica, Mass Data Harvesting, and Psychographic Election Targeting (201/Media/02 - EL Cover Card.svg"
usa_2014_chicago_homan_square_police_warehouse_allegations_detention_transparen,USA,2014,USA/00-00-2014/Chicago Homan Square Police Warehouse Allegations and Detention Transparency,Chicago Homan Square: Police Warehouse Allegations and Detention Transparency,2,False,USA/00-00-2014/Chicago Homan Square Police Warehouse Allegations and Detention Transparency/Media/01 - EN Cover Card.svg | USA/00-00-2014/Chicago Homan Square Police Warehouse Allegations and Detention Transparency/Media/02 - EL Cover Card.svg
usa_2014_ferguson_police_shooting_municipal_fines_system,USA,2014,USA/00-00-2014/Ferguson police shooting and municipal fines system,Ferguson police shooting and municipal fines system,2,True,USA/00-00-2014/Ferguson police shooting and municipal fines system/Media/01 - EN Ferguson Police Shooting And Municipal Fines Syste 3Ee4Bdde1B88.svg | USA/00-00-2014/Ferguson police shooting and municipal fines system/Media/02 - Bilingual Snapshot.svg
usa_2014_ferguson_policing_militarization_municipal_revenue_federal_findings,USA,2014,"USA/00-00-2014/Ferguson policing, militarization, municipal revenue and federal findings (2014-2015)","Ferguson policing, militarization, municipal revenue and federal findings (2014-2015)",2,False,"USA/00-00-2014/Ferguson policing, militarization, municipal revenue and federal findings (2014-2015)/Media/01 - EN Cover Card.svg | USA/00-00-2014/Ferguson policing, militarization, municipal revenue and federal findings (2014-2015)/Media/02 - EL Cover Card.svg"
usa_2014_flint_water_crisis,USA,2014,USA/00-00-2014/Flint water crisis,Flint water crisis,3,False,USA/00-00-2014/Flint water crisis/Media/01 - EN Cover Card.svg | USA/00-00-2014/Flint water crisis/Media/02 - EN Cover Card.svg | USA/00-00-2014/Flint water crisis/Media/03 - EL Cover Card.svg
usa_2014_flint_water_crisis_lead_and_state_denial,USA,2014,"USA/00-00-2014/Flint water crisis, lead exposure, and state denial","Flint water crisis, lead exposure, and state denial",2,False,"USA/00-00-2014/Flint water crisis, lead exposure, and state denial/Media/01 - Cover Card.svg | USA/00-00-2014/Flint water crisis, lead exposure, and state denial/Media/02 - Proof Map.svg"
usa_2014_va_wait_time_scandal_veterans_hidden_lists_performance_metrics,USA,2014,"USA/00-00-2014/VA Wait-Time Scandal Veterans, Hidden Lists and Performance Metrics","VA Wait-Time Scandal: Veterans, Hidden Lists and Performance Metrics",2,False,"USA/00-00-2014/VA Wait-Time Scandal Veterans, Hidden Lists and Performance Metrics/Media/01 - EN Cover Card.svg | USA/00-00-2014/VA Wait-Time Scandal Veterans, Hidden Lists and Performance Metrics/Media/02 - EL Cover Card.svg"
usa_2015_chicago_laquan_mcdonald_video_cover_up_claims,USA,2015,USA/00-00-2015/Chicago Laquan McDonald video and cover-up claims,Chicago Laquan McDonald video and cover-up claims,2,True,USA/00-00-2015/Chicago Laquan McDonald video and cover-up claims/Media/01 - EN Cover Card.svg | USA/00-00-2015/Chicago Laquan McDonald video and cover-up claims/Media/02 - Bilingual Snapshot.svg
usa_2015_gm_onstar_car_surveillance,USA,2015,"USA/00-00-2015/USA Connected-Car Surveillance, GM, and OnStar (2015-2026)","USA: Connected-Car Surveillance, GM, and OnStar (2015-2026)",2,False,"USA/00-00-2015/USA Connected-Car Surveillance, GM, and OnStar (2015-2026)/Media/01 - EN Cover Card.svg | USA/00-00-2015/USA Connected-Car Surveillance, GM, and OnStar (2015-2026)/Media/02 - EL Cover Card.svg"
usa_2015_volkswagen_dieselgate_in_usa_emissions_cheating_regulatory_detection,USA,2015,USA/00-00-2015/Volkswagen Dieselgate in the USA Emissions Cheating and Regulatory Detection,Volkswagen Dieselgate in the USA: Emissions Cheating and Regulatory Detection,2,False,USA/00-00-2015/Volkswagen Dieselgate in the USA Emissions Cheating and Regulatory Detection/Media/01 - EN Cover Card.svg | USA/00-00-2015/Volkswagen Dieselgate in the USA Emissions Cheating and Regulatory Detection/Media/02 - EL Cover Card.svg
usa_2016_cambridge_analytica_data_persuasion_panic,USA,2016,USA/00-00-2016/Cambridge Analytica and data persuasion panic,Cambridge Analytica and data persuasion panic,2,True,USA/00-00-2016/Cambridge Analytica and data persuasion panic/Media/01 - EN Cambridge Analytica And Data Persuasion Panic Cove Bc15E8Af59Cf.svg | USA/00-00-2016/Cambridge Analytica and data persuasion panic/Media/02 - Bilingual Snapshot.svg
usa_2016_dakota_access_pipeline_protests_indigenous_rights_private_security_sur,USA,2016,"USA/00-00-2016/Dakota Access Pipeline Protests Indigenous Rights, Private Security and Surveillance","Dakota Access Pipeline Protests: Indigenous Rights, Private Security and Surveillance",2,False,"USA/00-00-2016/Dakota Access Pipeline Protests Indigenous Rights, Private Security and Surveillance/Media/01 - EN Cover Card.svg | USA/00-00-2016/Dakota Access Pipeline Protests Indigenous Rights, Private Security and Surveillance/Media/02 - EL Cover Card.svg"
usa_2016_dnc_emails_hack_leaks_party_trust,USA,2016,"USA/00-00-2016/DNC emails, hack-and-leak politics, and party trust","DNC emails, hack-and-leak politics, and party trust",2,False,"USA/00-00-2016/DNC emails, hack-and-leak politics, and party trust/Media/01 - Cover Card.svg | USA/00-00-2016/DNC emails, hack-and-leak politics, and party trust/Media/02 - Proof Map.svg"
usa_2016_flint_water_crisis_accountability,USA,2016,USA/00-00-2016/Flint water crisis accountability,Flint water crisis accountability,2,False,USA/00-00-2016/Flint water crisis accountability/Media/01 - Cover Card.svg | USA/00-00-2016/Flint water crisis accountability/Media/02 - Proof Map.svg
usa_2016_standing_rock_pipeline_protest_policing,USA,2016,USA/00-00-2016/Standing Rock and pipeline protest policing,Standing Rock and pipeline protest policing,2,True,USA/00-00-2016/Standing Rock and pipeline protest policing/Media/01 - EN Cover Card.svg | USA/00-00-2016/Standing Rock and pipeline protest policing/Media/02 - Bilingual Snapshot.svg
usa_2016_facial_recognition_real_time_surveillance,USA,2016,USA/00-00-2016/USA Facial Recognition and Real-Time Surveillance Creep (2016-2026),USA: Facial Recognition and Real-Time Surveillance Creep (2016-2026),2,False,USA/00-00-2016/USA Facial Recognition and Real-Time Surveillance Creep (2016-2026)/Media/01 - EN Cover Card.svg | USA/00-00-2016/USA Facial Recognition and Real-Time Surveillance Creep (2016-2026)/Media/02 - EL Cover Card.svg
usa_2016_havana_syndrome,USA,2016,"USA/00-00-2016/USA Havana Syndrome — unexplained injuries, science, and uncertainty (2016-2024)","USA: Havana Syndrome — unexplained injuries, science, and uncertainty (2016-2024)",2,False,"USA/00-00-2016/USA Havana Syndrome — unexplained injuries, science, and uncertainty (2016-2024)/Media/01 - EN Cover Card.svg | USA/00-00-2016/USA Havana Syndrome — unexplained injuries, science, and uncertainty (2016-2024)/Media/02 - EL Cover Card.svg"
usa_2017_charlottesville_extremist_violence_response_failure,USA,2017,USA/00-00-2017/Charlottesville extremist violence and response failure,Charlottesville extremist violence and response failure,2,True,USA/00-00-2017/Charlottesville extremist violence and response failure/Media/01 - EN Charlottesville Extremist Violence And Response Fa F9Ac6C87C157.svg | USA/00-00-2017/Charlottesville extremist violence and response failure/Media/02 - Bilingual Snapshot.svg
usa_2017_equifax_breach_credit_bureau_power_data_exposure_weak_consumer_control,USA,2017,"USA/00-00-2017/Equifax Breach Credit Bureau Power, Data Exposure and Weak Consumer Control","Equifax Breach: Credit Bureau Power, Data Exposure and Weak Consumer Control",2,False,"USA/00-00-2017/Equifax Breach Credit Bureau Power, Data Exposure and Weak Consumer Control/Media/01 - EN Cover Card.svg | USA/00-00-2017/Equifax Breach Credit Bureau Power, Data Exposure and Weak Consumer Control/Media/02 - EL Cover Card.svg"
usa_2018_cambridge_analytica_facebook_data_election_manipulation,USA,2018,"USA/00-00-2018/Cambridge Analytica, Facebook data, and election-manipulation panic","Cambridge Analytica, Facebook data, and election-manipulation panic",2,False,"USA/00-00-2018/Cambridge Analytica, Facebook data, and election-manipulation panic/Media/01 - Cover Card.svg | USA/00-00-2018/Cambridge Analytica, Facebook data, and election-manipulation panic/Media/02 - Proof Map.svg"
usa_2018_family_separation_at_us_border,USA,2018,USA/00-00-2018/Family separation at the US border,Family separation at the US border,2,True,USA/00-00-2018/Family separation at the US border/Media/01 - EN Cover Card.svg | USA/00-00-2018/Family separation at the US border/Media/02 - Bilingual Snapshot.svg
usa_2018_family_separation_policy_deterrence_children_recordkeeping_failure,USA,2018,"USA/00-00-2018/Family separation policy, deterrence, children and recordkeeping failure (2018)","Family separation policy, deterrence, children and recordkeeping failure (2018)",2,False,"USA/00-00-2018/Family separation policy, deterrence, children and recordkeeping failure (2018)/Media/01 - EN Cover Card.svg | USA/00-00-2018/Family separation policy, deterrence, children and recordkeeping failure (2018)/Media/02 - EL Cover Card.svg"
usa_2018_parkland_shooting_institutional_warning_failures,USA,2018,USA/00-00-2018/Parkland shooting and institutional warning failures,Parkland shooting and institutional warning failures,2,True,USA/00-00-2018/Parkland shooting and institutional warning failures/Media/01 - EN Parkland Shooting And Institutional Warning Failur 00A5Fb187E82.svg | USA/00-00-2018/Parkland shooting and institutional warning failures/Media/02 - Bilingual Snapshot.svg
usa_2019_boeing_737_max_crashes_certification_failures,USA,2019,USA/00-00-2019/Boeing 737 MAX crashes and certification failures,Boeing 737 MAX crashes and certification failures,2,True,USA/00-00-2019/Boeing 737 MAX crashes and certification failures/Media/01 - EN Boeing 737 Max Crashes And Certification Failures 236399Aaacf4.svg | USA/00-00-2019/Boeing 737 MAX crashes and certification failures/Media/02 - Bilingual Snapshot.svg
usa_2019_boeing_737_max_regulatory_capture_software,USA,2019,"USA/00-00-2019/Boeing 737 MAX, regulatory capture, software and trust (2018-2024)","Boeing 737 MAX, regulatory capture, software and trust (2018-2024)",2,False,"USA/00-00-2019/Boeing 737 MAX, regulatory capture, software and trust (2018-2024)/Media/01 - EN Cover Card.svg | USA/00-00-2019/Boeing 737 MAX, regulatory capture, software and trust (2018-2024)/Media/02 - EL Cover Card.svg"
usa_2019_college_admissions_bribery_scandal,USA,2019,USA/00-00-2019/College admissions bribery scandal,College admissions bribery scandal,2,True,USA/00-00-2019/College admissions bribery scandal/Media/01 - EN Cover Card.svg | USA/00-00-2019/College admissions bribery scandal/Media/02 - Bilingual Snapshot.svg
usa_2019_epstein_jail_death_custody_failure_camera_questions_elite_suspicion,USA,2019,"USA/00-00-2019/Epstein Jail Death Custody Failure, Camera Questions and Elite Suspicion","Epstein Jail Death: Custody Failure, Camera Questions and Elite Suspicion",2,False,"USA/00-00-2019/Epstein Jail Death Custody Failure, Camera Questions and Elite Suspicion/Media/01 - EN Cover Card.svg | USA/00-00-2019/Epstein Jail Death Custody Failure, Camera Questions and Elite Suspicion/Media/02 - EL Cover Card.svg"
usa_2020_covid_lockdowns_school_closures_long_tail,USA,2020,"USA/00-00-2020/COVID LOCKDOWNS, SCHOOL CLOSURES, AND THE LONG TAIL OF EMERGENCY POLICY (2020-2025)","COVID LOCKDOWNS, SCHOOL CLOSURES, AND THE LONG TAIL OF EMERGENCY POLICY (2020-2025)",2,False,"USA/00-00-2020/COVID LOCKDOWNS, SCHOOL CLOSURES, AND THE LONG TAIL OF EMERGENCY POLICY (2020-2025)/Media/01 - EN Cover Card.svg | USA/00-00-2020/COVID LOCKDOWNS, SCHOOL CLOSURES, AND THE LONG TAIL OF EMERGENCY POLICY (2020-2025)/Media/02 - EL Cover Card.svg"
usa_2020_covid_nursing_home_deaths_policy_accountability,USA,2020,USA/00-00-2020/COVID nursing home deaths and policy accountability,COVID nursing home deaths and policy accountability,2,True,USA/00-00-2020/COVID nursing home deaths and policy accountability/Media/01 - EN Covid Nursing Home Deaths And Policy Accountabilit 853Ee017Cf92.svg | USA/00-00-2020/COVID nursing home deaths and policy accountability/Media/02 - Bilingual Snapshot.svg
usa_2020_covid_vaccine_safety_signals_policy_controversies,USA,2020,USA/00-00-2020/COVID-19 VACCINES REAL SAFETY SIGNALS AND POLICY CONTROVERSIES IN THE U.S. (2020-2026),COVID-19 VACCINES: REAL SAFETY SIGNALS AND POLICY CONTROVERSIES IN THE U.S. (2020-2026),2,False,USA/00-00-2020/COVID-19 VACCINES REAL SAFETY SIGNALS AND POLICY CONTROVERSIES IN THE U.S. (2020-2026)/Media/01 - EN Cover Card.svg | USA/00-00-2020/COVID-19 VACCINES REAL SAFETY SIGNALS AND POLICY CONTROVERSIES IN THE U.S. (2020-2026)/Media/02 - EL Cover Card.svg
usa_2020_george_floyd_killing_and_national_policing_crisis,USA,2020,USA/00-00-2020/George Floyd killing and national policing crisis,George Floyd killing and national policing crisis,2,False,USA/00-00-2020/George Floyd killing and national policing crisis/Media/01 - Cover Card.svg | USA/00-00-2020/George Floyd killing and national policing crisis/Media/02 - Proof Map.svg
usa_2020_george_floyd_murder_protest_response,USA,2020,USA/00-00-2020/George Floyd murder and protest response,George Floyd murder and protest response,2,True,USA/00-00-2020/George Floyd murder and protest response/Media/01 - EN Cover Card.svg | USA/00-00-2020/George Floyd murder and protest response/Media/02 - Bilingual Snapshot.svg
usa_2020_george_floyd_police_accountability_protests_institutional_response,USA,2020,"USA/00-00-2020/George Floyd, police accountability, protests and institutional response (2020-2024)","George Floyd, police accountability, protests and institutional response (2020-2024)",2,False,"USA/00-00-2020/George Floyd, police accountability, protests and institutional response (2020-2024)/Media/01 - EN Cover Card.svg | USA/00-00-2020/George Floyd, police accountability, protests and institutional response (2020-2024)/Media/02 - EL Cover Card.svg"
usa_2020_operation_warp_speed_vaccine_politics_divide,USA,2020,USA/00-00-2020/Operation Warp Speed vaccine politics and trust divide,Operation Warp Speed vaccine politics and trust divide,2,True,USA/00-00-2020/Operation Warp Speed vaccine politics and trust divide/Media/01 - EN Operation Warp Speed Vaccine Politics And Trust Di 47Fa08287F9E.svg | USA/00-00-2020/Operation Warp Speed vaccine politics and trust divide/Media/02 - Bilingual Snapshot.svg
usa_2020_ppp_fraud_emergency_money_fake_companies_pandemic_oversight_failure,USA,2020,"USA/00-00-2020/PPP Fraud Emergency Money, Fake Companies and Pandemic Oversight Failure","PPP Fraud: Emergency Money, Fake Companies and Pandemic Oversight Failure",2,False,"USA/00-00-2020/PPP Fraud Emergency Money, Fake Companies and Pandemic Oversight Failure/Media/01 - EN Cover Card.svg | USA/00-00-2020/PPP Fraud Emergency Money, Fake Companies and Pandemic Oversight Failure/Media/02 - EL Cover Card.svg"
usa_2021_facebook_files_algorithmic_harm_debate,USA,2021,USA/00-00-2021/Facebook Files and algorithmic harm debate,Facebook Files and algorithmic harm debate,2,True,USA/00-00-2021/Facebook Files and algorithmic harm debate/Media/01 - EN Cover Card.svg | USA/00-00-2021/Facebook Files and algorithmic harm debate/Media/02 - Bilingual Snapshot.svg
usa_2021_january_6_capitol_attack_accountability_record,USA,2021,USA/00-00-2021/January 6 Capitol attack accountability record,January 6 Capitol attack accountability record,4,False,USA/00-00-2021/January 6 Capitol attack accountability record/Media/01 - EN Cover Card.svg | USA/00-00-2021/January 6 Capitol attack accountability record/Media/02 - EN Proof Map.svg | USA/00-00-2021/January 6 Capitol attack accountability record/Media/03 - Event Image - Capitol Steps Crowd.jpg | USA/00-00-2021/January 6 Capitol attack accountability record/Media/04 - Event Image - Capitol Crowd and Flags.jpg
usa_2021_january_6_capitol_attack_security_failures,USA,2021,USA/00-00-2021/January 6 Capitol attack and security failures,January 6 Capitol attack and security failures,4,True,USA/00-00-2021/January 6 Capitol attack and security failures/Media/01 - EN January 6 Capitol Attack And Security Failures Cov 3E97Cf0Cc536.svg | USA/00-00-2021/January 6 Capitol attack and security failures/Media/02 - Bilingual Snapshot.svg | USA/00-00-2021/January 6 Capitol attack and security failures/Media/03 - Event Image - Capitol Steps Crowd.jpg | USA/00-00-2021/January 6 Capitol attack and security failures/Media/04 - Event Image - Capitol Crowd and Flags.jpg
usa_2021_january_6_capitol_attack_security_failure_conspiracy_ecosystem,USA,2021,"USA/00-00-2021/January 6 Capitol attack, security failure, and conspiracy ecosystem","January 6 Capitol attack, security failure, and conspiracy ecosystem",4,False,"USA/00-00-2021/January 6 Capitol attack, security failure, and conspiracy ecosystem/Media/01 - Cover Card.svg | USA/00-00-2021/January 6 Capitol attack, security failure, and conspiracy ecosystem/Media/02 - Proof Map.svg | USA/00-00-2021/January 6 Capitol attack, security failure, and conspiracy ecosystem/Media/03 - Event Image - Capitol Steps Crowd.jpg | USA/00-00-2021/January 6 Capitol attack, security failure, and conspiracy ecosystem/Media/04 - Event Image - Capitol Crowd and Flags.jpg"
usa_2021_january_6_security_failure_political_violence_democratic_institutions,USA,2021,"USA/00-00-2021/January 6, security failure, political violence and democratic institutions (2021-2026)","January 6, security failure, political violence and democratic institutions (2021-2026)",2,False,"USA/00-00-2021/January 6, security failure, political violence and democratic institutions (2021-2026)/Media/01 - EN Cover Card.svg | USA/00-00-2021/January 6, security failure, political violence and democratic institutions (2021-2026)/Media/02 - EL Cover Card.svg"
usa_2021_nso_pegasus_global_spyware_pressure,USA,2021,USA/00-00-2021/NSO Pegasus and global spyware pressure,NSO Pegasus and global spyware pressure,2,True,USA/00-00-2021/NSO Pegasus and global spyware pressure/Media/01 - EN Cover Card.svg | USA/00-00-2021/NSO Pegasus and global spyware pressure/Media/02 - Bilingual Snapshot.svg
usa_2021_pfas_forever_chemicals_regulatory_delay_military_bases_water,USA,2021,"USA/00-00-2021/PFAS Forever Chemicals Regulatory Delay, Military Bases and Public Water Trust","PFAS Forever Chemicals: Regulatory Delay, Military Bases and Public Water Trust",2,False,"USA/00-00-2021/PFAS Forever Chemicals Regulatory Delay, Military Bases and Public Water Trust/Media/01 - EN Cover Card.svg | USA/00-00-2021/PFAS Forever Chemicals Regulatory Delay, Military Bases and Public Water Trust/Media/02 - EL Cover Card.svg"
usa_2022_ftx_collapse_crypto_political_access,USA,2022,USA/00-00-2022/FTX collapse and crypto political access,FTX collapse and crypto political access,2,True,USA/00-00-2022/FTX collapse and crypto political access/Media/01 - EN Cover Card.svg | USA/00-00-2022/FTX collapse and crypto political access/Media/02 - Bilingual Snapshot.svg
usa_2022_roe_v_wade_overturned_data_privacy_fears,USA,2022,USA/00-00-2022/Roe v Wade overturned and data privacy fears,Roe v Wade overturned and data privacy fears,2,True,USA/00-00-2022/Roe v Wade overturned and data privacy fears/Media/01 - EN Cover Card.svg | USA/00-00-2022/Roe v Wade overturned and data privacy fears/Media/02 - Bilingual Snapshot.svg
usa_2022_twitter_files_government_pressure_platforms_information_control,USA,2022,"USA/00-00-2022/USA — Twitter Files, government pressure, platforms, and information control (2022–2024)","USA — Twitter Files, government pressure, platforms, and information control (2022–2024)",4,False,"USA/00-00-2022/USA — Twitter Files, government pressure, platforms, and information control (2022–2024)/Media/01 - EN Cover Card.svg | USA/00-00-2022/USA — Twitter Files, government pressure, platforms, and information control (2022–2024)/Media/02 - EN Cover Card.svg | USA/00-00-2022/USA — Twitter Files, government pressure, platforms, and information control (2022–2024)/Media/03 - EL Cover Card.svg | USA/00-00-2022/USA — Twitter Files, government pressure, platforms, and information control (2022–2024)/Media/04 - EL Cover Card.svg"
usa_2022_uvalde_response_failure_school_shooting_police_delay_accountability,USA,2022,"USA/00-00-2022/Uvalde Response Failure School Shooting, Police Delay and Public Accountability","Uvalde Response Failure: School Shooting, Police Delay and Public Accountability",2,False,"USA/00-00-2022/Uvalde Response Failure School Shooting, Police Delay and Public Accountability/Media/01 - EN Cover Card.svg | USA/00-00-2022/Uvalde Response Failure School Shooting, Police Delay and Public Accountability/Media/02 - EL Cover Card.svg"
usa_2022_uvalde_school_shooting_police_response_failure,USA,2022,USA/00-00-2022/Uvalde school shooting and police response failure,Uvalde school shooting and police response failure,2,False,USA/00-00-2022/Uvalde school shooting and police response failure/Media/01 - Cover Card.svg | USA/00-00-2022/Uvalde school shooting and police response failure/Media/02 - Proof Map.svg
usa_2023_east_palestine_derailment_chemical_response_regulatory,USA,2023,"USA/00-00-2023/East Palestine derailment, chemical response and regulatory trust (2023-2026)","East Palestine derailment, chemical response and regulatory trust (2023-2026)",2,False,"USA/00-00-2023/East Palestine derailment, chemical response and regulatory trust (2023-2026)/Media/01 - EN Cover Card.svg | USA/00-00-2023/East Palestine derailment, chemical response and regulatory trust (2023-2026)/Media/02 - EL Cover Card.svg"
usa_2023_maui_wildfires_response_land_grab_rumors,USA,2023,USA/00-00-2023/Maui wildfires response and land-grab rumors,Maui wildfires response and land-grab rumors,2,True,USA/00-00-2023/Maui wildfires response and land-grab rumors/Media/01 - EN Cover Card.svg | USA/00-00-2023/Maui wildfires response and land-grab rumors/Media/02 - Bilingual Snapshot.svg
usa_2023_missing_scientists_pattern_claims,USA,2023,USA/00-00-2023/MISSING SCIENTISTS SCIENTIST DEATHS PATTERN CLAIMS IN THE U.S. (2023-2026),MISSING SCIENTISTS / SCIENTIST DEATHS PATTERN CLAIMS IN THE U.S. (2023-2026),2,False,USA/00-00-2023/MISSING SCIENTISTS SCIENTIST DEATHS PATTERN CLAIMS IN THE U.S. (2023-2026)/Media/01 - EN Cover Card.svg | USA/00-00-2023/MISSING SCIENTISTS SCIENTIST DEATHS PATTERN CLAIMS IN THE U.S. (2023-2026)/Media/02 - EL Cover Card.svg
usa_2023_ohio_train_derailment_toxic_risk_communication,USA,2023,USA/00-00-2023/Ohio train derailment and toxic-risk communication,Ohio train derailment and toxic-risk communication,2,True,USA/00-00-2023/Ohio train derailment and toxic-risk communication/Media/01 - EN Ohio Train Derailment And Toxic Risk Communication 9F3B4D87A7B3.svg | USA/00-00-2023/Ohio train derailment and toxic-risk communication/Media/02 - Bilingual Snapshot.svg
usa_2023_silicon_valley_bank_collapse_interest_rate_risk_deregulation_debate_pa,USA,2023,"USA/00-00-2023/Silicon Valley Bank Collapse Interest-Rate Risk, Deregulation Debate and Panic Speed","Silicon Valley Bank Collapse: Interest-Rate Risk, Deregulation Debate and Panic Speed",2,False,"USA/00-00-2023/Silicon Valley Bank Collapse Interest-Rate Risk, Deregulation Debate and Panic Speed/Media/01 - EN Cover Card.svg | USA/00-00-2023/Silicon Valley Bank Collapse Interest-Rate Risk, Deregulation Debate and Panic Speed/Media/02 - EL Cover Card.svg"
usa_2023_15_minute_cities_planning_surveillance_lockdown_panic,USA,2023,"USA/00-00-2023/USA GLOBAL — 15-MINUTE CITIES PLANNING, SURVEILLANCE, AND LOCKDOWN PANIC (2023–2026)","USA / GLOBAL — 15-MINUTE CITIES: PLANNING, SURVEILLANCE, AND LOCKDOWN PANIC (2023–2026)",4,False,"USA/00-00-2023/USA GLOBAL — 15-MINUTE CITIES PLANNING, SURVEILLANCE, AND LOCKDOWN PANIC (2023–2026)/Media/01 - EN Cover Card.png | USA/00-00-2023/USA GLOBAL — 15-MINUTE CITIES PLANNING, SURVEILLANCE, AND LOCKDOWN PANIC (2023–2026)/Media/02 - EN Cover Card.svg | USA/00-00-2023/USA GLOBAL — 15-MINUTE CITIES PLANNING, SURVEILLANCE, AND LOCKDOWN PANIC (2023–2026)/Media/03 - EL Cover Card.png | USA/00-00-2023/USA GLOBAL — 15-MINUTE CITIES PLANNING, SURVEILLANCE, AND LOCKDOWN PANIC (2023–2026)/Media/04 - EL Cover Card.svg"
usa_2024_aaro_uap_historical_record_expectations,USA,2024,USA/00-00-2024/AARO UAP historical record report and public expectations — PROOF DOSSIER,AARO UAP historical record report and public expectations — PROOF DOSSIER,2,False,USA/00-00-2024/AARO UAP historical record report and public expectations — PROOF DOSSIER/Media/01 - EN Cover Card.svg | USA/00-00-2024/AARO UAP historical record report and public expectations — PROOF DOSSIER/Media/02 - EN Proof Map.svg
usa_2024_baltimore_key_bridge_collapse_infrastructure_shock,USA,2024,USA/00-00-2024/Baltimore Key Bridge collapse and infrastructure shock,Baltimore Key Bridge collapse and infrastructure shock,2,True,USA/00-00-2024/Baltimore Key Bridge collapse and infrastructure shock/Media/01 - EN Baltimore Key Bridge Collapse And Infrastructure S 184B40317861.svg | USA/00-00-2024/Baltimore Key Bridge collapse and infrastructure shock/Media/02 - Bilingual Snapshot.svg
usa_2024_change_healthcare_cyberattack_medical_infrastructure_fragility,USA,2024,USA/00-00-2024/Change Healthcare cyberattack and medical infrastructure fragility,Change Healthcare cyberattack and medical infrastructure fragility,2,True,USA/00-00-2024/Change Healthcare cyberattack and medical infrastructure fragility/Media/01 - EN Change Healthcare Cyberattack And Medical Infrastr 375195E80Cbc.svg | USA/00-00-2024/Change Healthcare cyberattack and medical infrastructure fragility/Media/02 - Bilingual Snapshot.svg
usa_2024_corporate_rent_algorithms_housing_manipulation_claims,USA,2024,USA/00-00-2024/Corporate rent algorithms and housing manipulation claims,Corporate rent algorithms and housing manipulation claims,2,True,USA/00-00-2024/Corporate rent algorithms and housing manipulation claims/Media/01 - EN Corporate Rent Algorithms And Housing Manipulation Da7A73C394Df.svg | USA/00-00-2024/Corporate rent algorithms and housing manipulation claims/Media/02 - Bilingual Snapshot.svg
usa_2024_mckinsey_purdue_opioid_marketing_false_claims_consulting_power,USA,2024,"USA/00-00-2024/McKinsey, Purdue, opioid marketing, false claims and consulting power (2024)","McKinsey, Purdue, opioid marketing, false claims and consulting power (2024)",2,False,"USA/00-00-2024/McKinsey, Purdue, opioid marketing, false claims and consulting power (2024)/Media/01 - EN Cover Card.svg | USA/00-00-2024/McKinsey, Purdue, opioid marketing, false claims and consulting power (2024)/Media/02 - EL Cover Card.svg"
usa_2024_raytheon_foreign_bribery_defense_contract_fraud_security_market,USA,2024,"USA/00-00-2024/Raytheon foreign bribery, defense contract fraud and the security market (2024)","Raytheon foreign bribery, defense contract fraud and the security market (2024)",2,False,"USA/00-00-2024/Raytheon foreign bribery, defense contract fraud and the security market (2024)/Media/01 - EN Cover Card.svg | USA/00-00-2024/Raytheon foreign bribery, defense contract fraud and the security market (2024)/Media/02 - EL Cover Card.svg"
usa_2024_supreme_court_gifts_ethics_crisis_disclosure_influence_institutional_l,USA,2024,"USA/00-00-2024/Supreme Court Gifts and Ethics Crisis Disclosure, Influence and Institutional Legitimacy","Supreme Court Gifts and Ethics Crisis: Disclosure, Influence and Institutional Legitimacy",2,False,"USA/00-00-2024/Supreme Court Gifts and Ethics Crisis Disclosure, Influence and Institutional Legitimacy/Media/01 - EN Cover Card.svg | USA/00-00-2024/Supreme Court Gifts and Ethics Crisis Disclosure, Influence and Institutional Legitimacy/Media/02 - EL Cover Card.svg"
usa_2024_dystopian_trends,USA,2024,USA/00-00-2024/USA Dystopian Trends 2024-2026,USA Dystopian Trends: 2024-2026,2,False,USA/00-00-2024/USA Dystopian Trends 2024-2026/Media/01 - EN Cover Card.svg | USA/00-00-2024/USA Dystopian Trends 2024-2026/Media/02 - EL Cover Card.svg
usa_2024_location_data_brokers_car_surveillance,USA,2024,"USA/00-00-2024/USA Location Data Brokers, Government Access Paths, and Car Surveillance (2024-2025)","USA: Location Data Brokers, Government Access Paths, and Car Surveillance (2024-2025)",2,False,"USA/00-00-2024/USA Location Data Brokers, Government Access Paths, and Car Surveillance (2024-2025)/Media/01 - EN Cover Card.svg | USA/00-00-2024/USA Location Data Brokers, Government Access Paths, and Car Surveillance (2024-2025)/Media/02 - EL Cover Card.svg"
usa_2024_taxes_war_jobs,USA,2024,"USA/00-00-2024/USA Taxes, War Spending, and Jobs 2024-2026","USA Taxes, War Spending, and Jobs: 2024-2026",2,False,"USA/00-00-2024/USA Taxes, War Spending, and Jobs 2024-2026/Media/01 - EN Cover Card.svg | USA/00-00-2024/USA Taxes, War Spending, and Jobs 2024-2026/Media/02 - EL Cover Card.svg"
usa_2025_ai_deepfakes_election_crisis,USA,2025,USA/00-00-2025/AI deepfakes and election trust crisis,AI deepfakes and election trust crisis,2,True,USA/00-00-2025/AI deepfakes and election trust crisis/Media/01 - EN Cover Card.svg | USA/00-00-2025/AI deepfakes and election trust crisis/Media/02 - Bilingual Snapshot.svg
usa_2025_federal_anti_corruption_cases_in_local_government,USA,2025,USA/00-00-2025/Federal anti-corruption cases and public trust in local government,Federal anti-corruption cases and public trust in local government,2,True,USA/00-00-2025/Federal anti-corruption cases and public trust in local government/Media/01 - EN Federal Anti Corruption Cases And Public Trust In 378E8Ca482Ef.svg | USA/00-00-2025/Federal anti-corruption cases and public trust in local government/Media/02 - Bilingual Snapshot.svg
usa_2025_usaid_bribery_scheme_contractor_access_money_development_corruption,USA,2025,"USA/00-00-2025/USAID Bribery Scheme Contractor Access, Public Money and Development Corruption","USAID Bribery Scheme: Contractor Access, Public Money and Development Corruption",2,False,"USA/00-00-2025/USAID Bribery Scheme Contractor Access, Public Money and Development Corruption/Media/01 - EN Cover Card.svg | USA/00-00-2025/USAID Bribery Scheme Contractor Access, Public Money and Development Corruption/Media/02 - EL Cover Card.svg"
usa_2025_walgreens_opioid_prescriptions_false_claims_pharmacy_gatekeeping,USA,2025,"USA/00-00-2025/Walgreens opioid prescriptions, false claims and pharmacy gatekeeping (2025)","Walgreens opioid prescriptions, false claims and pharmacy gatekeeping (2025)",2,False,"USA/00-00-2025/Walgreens opioid prescriptions, false claims and pharmacy gatekeeping (2025)/Media/01 - EN Cover Card.svg | USA/00-00-2025/Walgreens opioid prescriptions, false claims and pharmacy gatekeeping (2025)/Media/02 - EL Cover Card.svg"
usa_2026_former_nyc_housing_liaison_bribery_charges_housing_pay_play_city_hall,USA,2026,"USA/00-00-2026/Former NYC Housing Liaison Bribery Charges Public Housing, Pay-to-Play and City Hall Acc","Former NYC Housing Liaison Bribery Charges: Public Housing, Pay-to-Play and City Hall Access",2,False,"USA/00-00-2026/Former NYC Housing Liaison Bribery Charges Public Housing, Pay-to-Play and City Hall Acc/Media/01 - EN Cover Card.svg | USA/00-00-2026/Former NYC Housing Liaison Bribery Charges Public Housing, Pay-to-Play and City Hall Acc/Media/02 - EL Cover Card.svg"
usa_2026_hawaii_affordable_housing_bribery_local_office_development_money,USA,2026,"USA/00-00-2026/Hawaii Affordable Housing Bribery Local Public Office, Development Money and Trust","Hawaii Affordable Housing Bribery: Local Public Office, Development Money and Trust",2,False,"USA/00-00-2026/Hawaii Affordable Housing Bribery Local Public Office, Development Money and Trust/Media/01 - EN Cover Card.svg | USA/00-00-2026/Hawaii Affordable Housing Bribery Local Public Office, Development Money and Trust/Media/02 - EL Cover Card.svg"
usa_2026_child_social_media_age_verification_digital_gatekeeping,USA,2026,USA/00-00-2026/Usa Child Social Media Age Verification And Digital Gatekeeping 2024 2026,Usa Child Social Media Age Verification And Digital Gatekeeping 2024 2026,2,False,USA/00-00-2026/Usa Child Social Media Age Verification And Digital Gatekeeping 2024 2026/Media/01 - EN Cover Card.svg | USA/00-00-2026/Usa Child Social Media Age Verification And Digital Gatekeeping 2024 2026/Media/02 - EL Cover Card.svg
